run_accession;study_accession;study_title;experiment_accession;experiment_title;experiment_desc;organism_taxid;organism_name;library_name;library_strategy;library_source;library_selection;library_layout;sample_accession;sample_title;biosample;bioproject;instrument;instrument_model;instrument_model_desc;total_spots;total_size;run_total_spots;run_total_bases;run_alias;public_filename;public_size;public_date;public_md5;public_version;public_semantic_name;public_supertype;public_sratoolkit;aws_url;aws_free_egress;aws_access_type;public_url;ncbi_url;ncbi_free_egress;ncbi_access_type;gcp_url;gcp_free_egress;gcp_access_type;experiment_alias;ena first public;insdc center name;insdc status;submitter id;collection date;common name;Continent location;geographic location (country and/or sea);sample name;scientific_name;ena_fastq_http;ena_fastq_http_1;ena_fastq_http_2;ena_fastq_ftp;ena_fastq_ftp_1;ena_fastq_ftp_2;ecotype;dev_stage;sex;tissue;biomaterial_provider;death_date;biosamplemodel;strain;isolate;breed;cultivar;age;geo_loc_name
ERR16661296;ERP161503;Scandinavian brown bear whole genomes;ERX16051764;Illumina NovaSeq 6000 paired end sequencing;Illumina NovaSeq 6000 paired end sequencing;9644;Ursus arctos;NA;WGS;GENOMIC;RANDOM;PAIRED;ERS28818204;;SAMEA121272839;PRJEB77023;Illumina NovaSeq 6000;Illumina NovaSeq 6000;ILLUMINA;77921096;8477326261;77921096;23532170992;ena-RUN-TAB-09-02-2026-07:55:32:738-10391;ERR16661296.lite;6013918583;16/02/2026 08:11;484246d8b759baa69312f80c62700057;1;SRA Lite;Primary ETL;1;s3://sra-pub-zq-8/ERR16661296/ERR16661296.lite.1;s3.us-east-1;aws identity;https://sra-downloadb.be-md.ncbi.nlm.nih.gov/sos10/sra-pub-zq-1002/ERR016/16661/ERR16661296/ERR16661296.lite.1;https://sra-downloadb.be-md.ncbi.nlm.nih.gov/sos10/sra-pub-zq-1002/ERR016/16661/ERR16661296/ERR16661296.lite.1;worldwide;anonymous;gs://sra-pub-zq-109/ERR16661296/ERR16661296.lite.1;gs.us-east1;gcp identity;;10/02/2026;isabelle feinauer;public;IM2;2007;brown bear;Europe;Sweden;IM2;Ursus arctos;;http://ftp.sra.ebi.ac.uk/vol1/fastq/ERR166/096/ERR16661296/ERR16661296_1.fastq.gz;http://ftp.sra.ebi.ac.uk/vol1/fastq/ERR166/096/ERR16661296/ERR16661296_2.fastq.gz;;era-fasp@fasp.sra.ebi.ac.uk:vol1/fastq/ERR166/096/ERR16661296/ERR16661296_1.fastq.gz;era-fasp@fasp.sra.ebi.ac.uk:vol1/fastq/ERR166/096/ERR16661296/ERR16661296_2.fastq.gz;;;;;;;;;;;;;
ERR16661297;ERP161503;Scandinavian brown bear whole genomes;ERX16051765;Illumina NovaSeq 6000 paired end sequencing;Illumina NovaSeq 6000 paired end sequencing;9644;Ursus arctos;NA;WGS;GENOMIC;RANDOM;PAIRED;ERS28818204;;SAMEA121272839;PRJEB77023;Illumina NovaSeq 6000;Illumina NovaSeq 6000;ILLUMINA;53709840;5409248647;53709840;16220371680;ena-RUN-TAB-09-02-2026-07:55:32:739-10393;ERR16661297.lite;4146367956;14/02/2026 02:34;57b118215e2dd3eb2b469152fbfa86c7;1;SRA Lite;Primary ETL;1;s3://sra-pub-zq-6/ERR16661297/ERR16661297.lite.1;s3.us-east-1;aws identity;https://sra-downloadb.be-md.ncbi.nlm.nih.gov/sos10/sra-pub-zq-1002/ERR016/16661/ERR16661297/ERR16661297.lite.1;https://sra-downloadb.be-md.ncbi.nlm.nih.gov/sos10/sra-pub-zq-1002/ERR016/16661/ERR16661297/ERR16661297.lite.1;worldwide;anonymous;gs://sra-pub-zq-102/ERR16661297/ERR16661297.lite.1;gs.us-east1;gcp identity;;10/02/2026;isabelle feinauer;public;IM2;2007;brown bear;Europe;Sweden;IM2;Ursus arctos;;http://ftp.sra.ebi.ac.uk/vol1/fastq/ERR166/097/ERR16661297/ERR16661297_1.fastq.gz;http://ftp.sra.ebi.ac.uk/vol1/fastq/ERR166/097/ERR16661297/ERR16661297_2.fastq.gz;;era-fasp@fasp.sra.ebi.ac.uk:vol1/fastq/ERR166/097/ERR16661297/ERR16661297_1.fastq.gz;era-fasp@fasp.sra.ebi.ac.uk:vol1/fastq/ERR166/097/ERR16661297/ERR16661297_2.fastq.gz;;;;;;;;;;;;;
ERR16661298;ERP161503;Scandinavian brown bear whole genomes;ERX16051766;Illumina NovaSeq 6000 paired end sequencing;Illumina NovaSeq 6000 paired end sequencing;9644;Ursus arctos;NA;WGS;GENOMIC;RANDOM;PAIRED;ERS28818205;;SAMEA121272840;PRJEB77023;Illumina NovaSeq 6000;Illumina NovaSeq 6000;ILLUMINA;72307323;7846396347;72307323;21836811546;ena-RUN-TAB-09-02-2026-07:55:32:739-10395;ERR16661298.lite;5582444749;14/02/2026 02:35;bc9ddd9014ed2e58123e3137bbf29737;1;SRA Lite;Primary ETL;1;s3://sra-pub-zq-6/ERR16661298/ERR16661298.lite.1;s3.us-east-1;aws identity;https://sra-downloadb.be-md.ncbi.nlm.nih.gov/sos10/sra-pub-zq-1002/ERR016/16661/ERR16661298/ERR16661298.lite.1;https://sra-downloadb.be-md.ncbi.nlm.nih.gov/sos10/sra-pub-zq-1002/ERR016/16661/ERR16661298/ERR16661298.lite.1;worldwide;anonymous;gs://sra-pub-zq-102/ERR16661298/ERR16661298.lite.1;gs.us-east1;gcp identity;;10/02/2026;isabelle feinauer;public;IM4;2008;brown bear;Europe;Sweden;IM4;Ursus arctos;;http://ftp.sra.ebi.ac.uk/vol1/fastq/ERR166/098/ERR16661298/ERR16661298_1.fastq.gz;http://ftp.sra.ebi.ac.uk/vol1/fastq/ERR166/098/ERR16661298/ERR16661298_2.fastq.gz;;era-fasp@fasp.sra.ebi.ac.uk:vol1/fastq/ERR166/098/ERR16661298/ERR16661298_1.fastq.gz;era-fasp@fasp.sra.ebi.ac.uk:vol1/fastq/ERR166/098/ERR16661298/ERR16661298_2.fastq.gz;;;;;;;;;;;;;
ERR16661299;ERP161503;Scandinavian brown bear whole genomes;ERX16051767;Illumina NovaSeq 6000 paired end sequencing;Illumina NovaSeq 6000 paired end sequencing;9644;Ursus arctos;NA;WGS;GENOMIC;RANDOM;PAIRED;ERS28818205;;SAMEA121272840;PRJEB77023;Illumina NovaSeq 6000;Illumina NovaSeq 6000;ILLUMINA;61350054;6162057031;61350054;18527716308;ena-RUN-TAB-09-02-2026-07:55:32:740-10397;ERR16661299.lite;4735123495;15/02/2026 04:46;730ad3a58bd05a0a7c08606a67a0d78e;1;SRA Lite;Primary ETL;1;s3://sra-pub-zq-5/ERR16661299/ERR16661299.lite.1;s3.us-east-1;aws identity;https://sra-downloadb.be-md.ncbi.nlm.nih.gov/sos10/sra-pub-zq-1002/ERR016/16661/ERR16661299/ERR16661299.lite.1;https://sra-downloadb.be-md.ncbi.nlm.nih.gov/sos10/sra-pub-zq-1002/ERR016/16661/ERR16661299/ERR16661299.lite.1;worldwide;anonymous;gs://sra-pub-zq-101/ERR16661299/ERR16661299.lite.1;gs.us-east1;gcp identity;;10/02/2026;isabelle feinauer;public;IM4;2008;brown bear;Europe;Sweden;IM4;Ursus arctos;;http://ftp.sra.ebi.ac.uk/vol1/fastq/ERR166/099/ERR16661299/ERR16661299_1.fastq.gz;http://ftp.sra.ebi.ac.uk/vol1/fastq/ERR166/099/ERR16661299/ERR16661299_2.fastq.gz;;era-fasp@fasp.sra.ebi.ac.uk:vol1/fastq/ERR166/099/ERR16661299/ERR16661299_1.fastq.gz;era-fasp@fasp.sra.ebi.ac.uk:vol1/fastq/ERR166/099/ERR16661299/ERR16661299_2.fastq.gz;;;;;;;;;;;;;
ERR16661300;ERP161503;Scandinavian brown bear whole genomes;ERX16051768;Illumina NovaSeq 6000 paired end sequencing;Illumina NovaSeq 6000 paired end sequencing;9644;Ursus arctos;NA;WGS;GENOMIC;RANDOM;PAIRED;ERS28818206;;SAMEA121272841;PRJEB77023;Illumina NovaSeq 6000;Illumina NovaSeq 6000;ILLUMINA;78670881;8517646173;78670881;23758606062;ena-RUN-TAB-09-02-2026-07:55:32:740-10399;ERR16661300.lite;6072172355;15/02/2026 10:42;797eae5027a721738b1c057fdab784d4;1;SRA Lite;Primary ETL;1;s3://sra-pub-zq-9/ERR16661300/ERR16661300.lite.1;s3.us-east-1;aws identity;https://sra-downloadb.be-md.ncbi.nlm.nih.gov/sos10/sra-pub-zq-1002/ERR016/16661/ERR16661300/ERR16661300.lite.1;https://sra-downloadb.be-md.ncbi.nlm.nih.gov/sos10/sra-pub-zq-1002/ERR016/16661/ERR16661300/ERR16661300.lite.1;worldwide;anonymous;gs://sra-pub-zq-105/ERR16661300/ERR16661300.lite.1;gs.us-east1;gcp identity;;10/02/2026;isabelle feinauer;public;IM5;2008;brown bear;Europe;Sweden;IM5;Ursus arctos;;http://ftp.sra.ebi.ac.uk/vol1/fastq/ERR166/000/ERR16661300/ERR16661300_1.fastq.gz;http://ftp.sra.ebi.ac.uk/vol1/fastq/ERR166/000/ERR16661300/ERR16661300_2.fastq.gz;;era-fasp@fasp.sra.ebi.ac.uk:vol1/fastq/ERR166/000/ERR16661300/ERR16661300_1.fastq.gz;era-fasp@fasp.sra.ebi.ac.uk:vol1/fastq/ERR166/000/ERR16661300/ERR16661300_2.fastq.gz;;;;;;;;;;;;;
ERR16661301;ERP161503;Scandinavian brown bear whole genomes;ERX16051769;Illumina NovaSeq 6000 paired end sequencing;Illumina NovaSeq 6000 paired end sequencing;9644;Ursus arctos;NA;WGS;GENOMIC;RANDOM;PAIRED;ERS28818206;;SAMEA121272841;PRJEB77023;Illumina NovaSeq 6000;Illumina NovaSeq 6000;ILLUMINA;58472377;5859383725;58472377;17658657854;ena-RUN-TAB-09-02-2026-07:55:32:740-10401;ERR16661301.lite;4514665513;15/02/2026 10:41;578f7920f4ba588cf85ab664f86ca0b7;1;SRA Lite;Primary ETL;1;s3://sra-pub-zq-9/ERR16661301/ERR16661301.lite.1;s3.us-east-1;aws identity;https://sra-downloadb.be-md.ncbi.nlm.nih.gov/sos10/sra-pub-zq-1002/ERR016/16661/ERR16661301/ERR16661301.lite.1;https://sra-downloadb.be-md.ncbi.nlm.nih.gov/sos10/sra-pub-zq-1002/ERR016/16661/ERR16661301/ERR16661301.lite.1;worldwide;anonymous;gs://sra-pub-zq-105/ERR16661301/ERR16661301.lite.1;gs.us-east1;gcp identity;;10/02/2026;isabelle feinauer;public;IM5;2008;brown bear;Europe;Sweden;IM5;Ursus arctos;;http://ftp.sra.ebi.ac.uk/vol1/fastq/ERR166/001/ERR16661301/ERR16661301_1.fastq.gz;http://ftp.sra.ebi.ac.uk/vol1/fastq/ERR166/001/ERR16661301/ERR16661301_2.fastq.gz;;era-fasp@fasp.sra.ebi.ac.uk:vol1/fastq/ERR166/001/ERR16661301/ERR16661301_1.fastq.gz;era-fasp@fasp.sra.ebi.ac.uk:vol1/fastq/ERR166/001/ERR16661301/ERR16661301_2.fastq.gz;;;;;;;;;;;;;
ERR16661302;ERP161503;Scandinavian brown bear whole genomes;ERX16051770;Illumina NovaSeq 6000 paired end sequencing;Illumina NovaSeq 6000 paired end sequencing;9644;Ursus arctos;NA;WGS;GENOMIC;RANDOM;PAIRED;ERS28818207;;SAMEA121272842;PRJEB77023;Illumina NovaSeq 6000;Illumina NovaSeq 6000;ILLUMINA;67209126;7321853055;67209126;20297156052;ena-RUN-TAB-09-02-2026-07:55:32:741-10403;ERR16661302.lite;5196645407;15/02/2026 10:43;fb41ff3d29a86f139cbdede7e56840c6;1;SRA Lite;Primary ETL;1;s3://sra-pub-zq-9/ERR16661302/ERR16661302.lite.1;s3.us-east-1;aws identity;https://sra-downloadb.be-md.ncbi.nlm.nih.gov/sos10/sra-pub-zq-1002/ERR016/16661/ERR16661302/ERR16661302.lite.1;https://sra-downloadb.be-md.ncbi.nlm.nih.gov/sos10/sra-pub-zq-1002/ERR016/16661/ERR16661302/ERR16661302.lite.1;worldwide;anonymous;gs://sra-pub-zq-105/ERR16661302/ERR16661302.lite.1;gs.us-east1;gcp identity;;10/02/2026;isabelle feinauer;public;IM6;2008;brown bear;Europe;Sweden;IM6;Ursus arctos;;http://ftp.sra.ebi.ac.uk/vol1/fastq/ERR166/002/ERR16661302/ERR16661302_1.fastq.gz;http://ftp.sra.ebi.ac.uk/vol1/fastq/ERR166/002/ERR16661302/ERR16661302_2.fastq.gz;;era-fasp@fasp.sra.ebi.ac.uk:vol1/fastq/ERR166/002/ERR16661302/ERR16661302_1.fastq.gz;era-fasp@fasp.sra.ebi.ac.uk:vol1/fastq/ERR166/002/ERR16661302/ERR16661302_2.fastq.gz;;;;;;;;;;;;;
ERR16661303;ERP161503;Scandinavian brown bear whole genomes;ERX16051771;Illumina NovaSeq 6000 paired end sequencing;Illumina NovaSeq 6000 paired end sequencing;9644;Ursus arctos;NA;WGS;GENOMIC;RANDOM;PAIRED;ERS28818207;;SAMEA121272842;PRJEB77023;Illumina NovaSeq 6000;Illumina NovaSeq 6000;ILLUMINA;56919390;5738489305;56919390;17189655780;ena-RUN-TAB-09-02-2026-07:55:32:741-10405;P27202_1003_S97_L001_R1_001.fastq.gz;4454081401;14/02/2026 00:42;9bfbc0e1787374ff05c389f3672e8292;1;fastq;Original;0;s3://sra-pub-src-5/ERR16661303/P27202_1003_S97_L001_R1_001.fastq.gz.1;-;Use Cloud Data Delivery;https://sra-pub-run-odp.s3.amazonaws.com/sra/ERR16661303/ERR16661303;https://sra-downloadb.be-md.ncbi.nlm.nih.gov/sos10/sra-pub-zq-1002/ERR016/16661/ERR16661303/ERR16661303.lite.1;worldwide;anonymous;gs://sra-pub-zq-102/ERR16661303/ERR16661303.lite.1;gs.us-east1;gcp identity;;10/02/2026;isabelle feinauer;public;IM6;2008;brown bear;Europe;Sweden;IM6;Ursus arctos;;http://ftp.sra.ebi.ac.uk/vol1/fastq/ERR166/003/ERR16661303/ERR16661303_1.fastq.gz;http://ftp.sra.ebi.ac.uk/vol1/fastq/ERR166/003/ERR16661303/ERR16661303_2.fastq.gz;;era-fasp@fasp.sra.ebi.ac.uk:vol1/fastq/ERR166/003/ERR16661303/ERR16661303_1.fastq.gz;era-fasp@fasp.sra.ebi.ac.uk:vol1/fastq/ERR166/003/ERR16661303/ERR16661303_2.fastq.gz;;;;;;;;;;;;;
ERR16661304;ERP161503;Scandinavian brown bear whole genomes;ERX16051772;Illumina NovaSeq 6000 paired end sequencing;Illumina NovaSeq 6000 paired end sequencing;9644;Ursus arctos;NA;WGS;GENOMIC;RANDOM;PAIRED;ERS28818208;;SAMEA121272843;PRJEB77023;Illumina NovaSeq 6000;Illumina NovaSeq 6000;ILLUMINA;60597345;6614787722;60597345;18300398190;ena-RUN-TAB-09-02-2026-07:55:32:741-10407;ERR16661304.lite;4685567630;14/02/2026 02:35;73f44bff7d98132ea94616af8c9b2548;1;SRA Lite;Primary ETL;1;s3://sra-pub-zq-6/ERR16661304/ERR16661304.lite.1;s3.us-east-1;aws identity;https://sra-downloadb.be-md.ncbi.nlm.nih.gov/sos10/sra-pub-zq-1002/ERR016/16661/ERR16661304/ERR16661304.lite.1;https://sra-downloadb.be-md.ncbi.nlm.nih.gov/sos10/sra-pub-zq-1002/ERR016/16661/ERR16661304/ERR16661304.lite.1;worldwide;anonymous;gs://sra-pub-zq-102/ERR16661304/ERR16661304.lite.1;gs.us-east1;gcp identity;;10/02/2026;isabelle feinauer;public;IM15;2009;brown bear;Europe;Sweden;IM15;Ursus arctos;;http://ftp.sra.ebi.ac.uk/vol1/fastq/ERR166/004/ERR16661304/ERR16661304_1.fastq.gz;http://ftp.sra.ebi.ac.uk/vol1/fastq/ERR166/004/ERR16661304/ERR16661304_2.fastq.gz;;era-fasp@fasp.sra.ebi.ac.uk:vol1/fastq/ERR166/004/ERR16661304/ERR16661304_1.fastq.gz;era-fasp@fasp.sra.ebi.ac.uk:vol1/fastq/ERR166/004/ERR16661304/ERR16661304_2.fastq.gz;;;;;;;;;;;;;
ERR16661305;ERP161503;Scandinavian brown bear whole genomes;ERX16051773;Illumina NovaSeq 6000 paired end sequencing;Illumina NovaSeq 6000 paired end sequencing;9644;Ursus arctos;NA;WGS;GENOMIC;RANDOM;PAIRED;ERS28818208;;SAMEA121272843;PRJEB77023;Illumina NovaSeq 6000;Illumina NovaSeq 6000;ILLUMINA;54909643;5557303918;54909643;16582712186;ena-RUN-TAB-09-02-2026-07:55:32:742-10409;P27202_1004_S98_L001_R1_001.fastq.gz;4305526721;13/02/2026 22:47;3dfa9f0cb3ec02c7540e2551a6206424;1;fastq;Original;0;s3://sra-pub-src-5/ERR16661305/P27202_1004_S98_L001_R1_001.fastq.gz.1;-;Use Cloud Data Delivery;https://sra-pub-run-odp.s3.amazonaws.com/sra/ERR16661305/ERR16661305;https://sra-downloadb.be-md.ncbi.nlm.nih.gov/sos10/sra-pub-zq-1002/ERR016/16661/ERR16661305/ERR16661305.lite.1;worldwide;anonymous;gs://sra-pub-zq-108/ERR16661305/ERR16661305.lite.1;gs.us-east1;gcp identity;;10/02/2026;isabelle feinauer;public;IM15;2009;brown bear;Europe;Sweden;IM15;Ursus arctos;;http://ftp.sra.ebi.ac.uk/vol1/fastq/ERR166/005/ERR16661305/ERR16661305_1.fastq.gz;http://ftp.sra.ebi.ac.uk/vol1/fastq/ERR166/005/ERR16661305/ERR16661305_2.fastq.gz;;era-fasp@fasp.sra.ebi.ac.uk:vol1/fastq/ERR166/005/ERR16661305/ERR16661305_1.fastq.gz;era-fasp@fasp.sra.ebi.ac.uk:vol1/fastq/ERR166/005/ERR16661305/ERR16661305_2.fastq.gz;;;;;;;;;;;;;
ERR16661306;ERP161503;Scandinavian brown bear whole genomes;ERX16051774;Illumina NovaSeq 6000 paired end sequencing;Illumina NovaSeq 6000 paired end sequencing;9644;Ursus arctos;NA;WGS;GENOMIC;RANDOM;PAIRED;ERS28818209;;SAMEA121272844;PRJEB77023;Illumina NovaSeq 6000;Illumina NovaSeq 6000;ILLUMINA;65178543;7109943720;65178543;19683919986;ena-RUN-TAB-09-02-2026-07:55:32:742-10411;ERR16661306.lite;5037280788;15/02/2026 10:42;ee5b99bcdd81949c966db13e2b9a7367;1;SRA Lite;Primary ETL;1;s3://sra-pub-zq-9/ERR16661306/ERR16661306.lite.1;s3.us-east-1;aws identity;https://sra-downloadb.be-md.ncbi.nlm.nih.gov/sos10/sra-pub-zq-1002/ERR016/16661/ERR16661306/ERR16661306.lite.1;https://sra-downloadb.be-md.ncbi.nlm.nih.gov/sos10/sra-pub-zq-1002/ERR016/16661/ERR16661306/ERR16661306.lite.1;worldwide;anonymous;gs://sra-pub-zq-105/ERR16661306/ERR16661306.lite.1;gs.us-east1;gcp identity;;10/02/2026;isabelle feinauer;public;IM17;2009;brown bear;Europe;Sweden;IM17;Ursus arctos;;http://ftp.sra.ebi.ac.uk/vol1/fastq/ERR166/006/ERR16661306/ERR16661306_1.fastq.gz;http://ftp.sra.ebi.ac.uk/vol1/fastq/ERR166/006/ERR16661306/ERR16661306_2.fastq.gz;;era-fasp@fasp.sra.ebi.ac.uk:vol1/fastq/ERR166/006/ERR16661306/ERR16661306_1.fastq.gz;era-fasp@fasp.sra.ebi.ac.uk:vol1/fastq/ERR166/006/ERR16661306/ERR16661306_2.fastq.gz;;;;;;;;;;;;;
ERR16661307;ERP161503;Scandinavian brown bear whole genomes;ERX16051775;Illumina NovaSeq 6000 paired end sequencing;Illumina NovaSeq 6000 paired end sequencing;9644;Ursus arctos;NA;WGS;GENOMIC;RANDOM;PAIRED;ERS28818209;;SAMEA121272844;PRJEB77023;Illumina NovaSeq 6000;Illumina NovaSeq 6000;ILLUMINA;67262179;6788590542;67262179;20313178058;ena-RUN-TAB-09-02-2026-07:55:32:742-10413;P27202_1005_S99_L001_R1_001.fastq.gz;5269906622;16/02/2026 04:59;544128b2575e7366e071b51c5a59bb34;1;fastq;Original;0;s3://sra-pub-src-15/ERR16661307/P27202_1005_S99_L001_R1_001.fastq.gz.1;-;Use Cloud Data Delivery;https://sra-pub-run-odp.s3.amazonaws.com/sra/ERR16661307/ERR16661307;https://sra-downloadb.be-md.ncbi.nlm.nih.gov/sos10/sra-pub-zq-1002/ERR016/16661/ERR16661307/ERR16661307.lite.1;worldwide;anonymous;gs://sra-pub-zq-109/ERR16661307/ERR16661307.lite.1;gs.us-east1;gcp identity;;10/02/2026;isabelle feinauer;public;IM17;2009;brown bear;Europe;Sweden;IM17;Ursus arctos;;http://ftp.sra.ebi.ac.uk/vol1/fastq/ERR166/007/ERR16661307/ERR16661307_1.fastq.gz;http://ftp.sra.ebi.ac.uk/vol1/fastq/ERR166/007/ERR16661307/ERR16661307_2.fastq.gz;;era-fasp@fasp.sra.ebi.ac.uk:vol1/fastq/ERR166/007/ERR16661307/ERR16661307_1.fastq.gz;era-fasp@fasp.sra.ebi.ac.uk:vol1/fastq/ERR166/007/ERR16661307/ERR16661307_2.fastq.gz;;;;;;;;;;;;;
ERR16661308;ERP161503;Scandinavian brown bear whole genomes;ERX16051776;Illumina NovaSeq 6000 paired end sequencing;Illumina NovaSeq 6000 paired end sequencing;9644;Ursus arctos;NA;WGS;GENOMIC;RANDOM;PAIRED;ERS28818210;;SAMEA121272845;PRJEB77023;Illumina NovaSeq 6000;Illumina NovaSeq 6000;ILLUMINA;72864688;7921222055;72864688;22005135776;ena-RUN-TAB-09-02-2026-07:55:32:743-10415;ERR16661308.lite;5629186034;14/02/2026 02:35;da0788660aa83140074d80706de68e44;1;SRA Lite;Primary ETL;1;s3://sra-pub-zq-6/ERR16661308/ERR16661308.lite.1;s3.us-east-1;aws identity;https://sra-downloadb.be-md.ncbi.nlm.nih.gov/sos10/sra-pub-zq-1002/ERR016/16661/ERR16661308/ERR16661308.lite.1;https://sra-downloadb.be-md.ncbi.nlm.nih.gov/sos10/sra-pub-zq-1002/ERR016/16661/ERR16661308/ERR16661308.lite.1;worldwide;anonymous;gs://sra-pub-zq-102/ERR16661308/ERR16661308.lite.1;gs.us-east1;gcp identity;;10/02/2026;isabelle feinauer;public;IM19;2009;brown bear;Europe;Sweden;IM19;Ursus arctos;;http://ftp.sra.ebi.ac.uk/vol1/fastq/ERR166/008/ERR16661308/ERR16661308_1.fastq.gz;http://ftp.sra.ebi.ac.uk/vol1/fastq/ERR166/008/ERR16661308/ERR16661308_2.fastq.gz;;era-fasp@fasp.sra.ebi.ac.uk:vol1/fastq/ERR166/008/ERR16661308/ERR16661308_1.fastq.gz;era-fasp@fasp.sra.ebi.ac.uk:vol1/fastq/ERR166/008/ERR16661308/ERR16661308_2.fastq.gz;;;;;;;;;;;;;
ERR16661309;ERP161503;Scandinavian brown bear whole genomes;ERX16051777;Illumina NovaSeq 6000 paired end sequencing;Illumina NovaSeq 6000 paired end sequencing;9644;Ursus arctos;NA;WGS;GENOMIC;RANDOM;PAIRED;ERS28818210;;SAMEA121272845;PRJEB77023;Illumina NovaSeq 6000;Illumina NovaSeq 6000;ILLUMINA;71485640;7211552666;71485640;21588663280;ena-RUN-TAB-09-02-2026-07:55:32:743-10417;ERR16661309.lite;5517019455;15/02/2026 10:42;d7cd14fcedb5b54550ac4be341314500;1;SRA Lite;Primary ETL;1;s3://sra-pub-zq-9/ERR16661309/ERR16661309.lite.1;s3.us-east-1;aws identity;https://sra-downloadb.be-md.ncbi.nlm.nih.gov/sos10/sra-pub-zq-1002/ERR016/16661/ERR16661309/ERR16661309.lite.1;https://sra-downloadb.be-md.ncbi.nlm.nih.gov/sos10/sra-pub-zq-1002/ERR016/16661/ERR16661309/ERR16661309.lite.1;worldwide;anonymous;gs://sra-pub-zq-105/ERR16661309/ERR16661309.lite.1;gs.us-east1;gcp identity;;10/02/2026;isabelle feinauer;public;IM19;2009;brown bear;Europe;Sweden;IM19;Ursus arctos;;http://ftp.sra.ebi.ac.uk/vol1/fastq/ERR166/009/ERR16661309/ERR16661309_1.fastq.gz;http://ftp.sra.ebi.ac.uk/vol1/fastq/ERR166/009/ERR16661309/ERR16661309_2.fastq.gz;;era-fasp@fasp.sra.ebi.ac.uk:vol1/fastq/ERR166/009/ERR16661309/ERR16661309_1.fastq.gz;era-fasp@fasp.sra.ebi.ac.uk:vol1/fastq/ERR166/009/ERR16661309/ERR16661309_2.fastq.gz;;;;;;;;;;;;;
ERR16661310;ERP161503;Scandinavian brown bear whole genomes;ERX16051778;Illumina NovaSeq 6000 paired end sequencing;Illumina NovaSeq 6000 paired end sequencing;9644;Ursus arctos;NA;WGS;GENOMIC;RANDOM;PAIRED;ERS28818211;;SAMEA121272846;PRJEB77023;Illumina NovaSeq 6000;Illumina NovaSeq 6000;ILLUMINA;93247202;10128906003;93247202;28160655004;ena-RUN-TAB-09-02-2026-07:55:32:743-10419;ERR16661310.lite;7192281143;14/02/2026 02:36;1d0ec62812739c57673170e2a151a48f;1;SRA Lite;Primary ETL;1;s3://sra-pub-zq-6/ERR16661310/ERR16661310.lite.1;s3.us-east-1;aws identity;https://sra-downloadb.be-md.ncbi.nlm.nih.gov/sos10/sra-pub-zq-1002/ERR016/16661/ERR16661310/ERR16661310.lite.1;https://sra-downloadb.be-md.ncbi.nlm.nih.gov/sos10/sra-pub-zq-1002/ERR016/16661/ERR16661310/ERR16661310.lite.1;worldwide;anonymous;gs://sra-pub-zq-102/ERR16661310/ERR16661310.lite.1;gs.us-east1;gcp identity;;10/02/2026;isabelle feinauer;public;IM20;2009;brown bear;Europe;Sweden;IM20;Ursus arctos;;http://ftp.sra.ebi.ac.uk/vol1/fastq/ERR166/010/ERR16661310/ERR16661310_1.fastq.gz;http://ftp.sra.ebi.ac.uk/vol1/fastq/ERR166/010/ERR16661310/ERR16661310_2.fastq.gz;;era-fasp@fasp.sra.ebi.ac.uk:vol1/fastq/ERR166/010/ERR16661310/ERR16661310_1.fastq.gz;era-fasp@fasp.sra.ebi.ac.uk:vol1/fastq/ERR166/010/ERR16661310/ERR16661310_2.fastq.gz;;;;;;;;;;;;;
ERR16661311;ERP161503;Scandinavian brown bear whole genomes;ERX16051779;Illumina NovaSeq 6000 paired end sequencing;Illumina NovaSeq 6000 paired end sequencing;9644;Ursus arctos;NA;WGS;GENOMIC;RANDOM;PAIRED;ERS28818211;;SAMEA121272846;PRJEB77023;Illumina NovaSeq 6000;Illumina NovaSeq 6000;ILLUMINA;96034023;9648082079;96034023;29002274946;ena-RUN-TAB-09-02-2026-07:55:32:744-10421;ERR16661311.lite;7398844557;15/02/2026 12:21;a07dba6dfd6bdc9f84cbab4e596178bb;1;SRA Lite;Primary ETL;1;s3://sra-pub-zq-9/ERR16661311/ERR16661311.lite.1;s3.us-east-1;aws identity;https://sra-downloadb.be-md.ncbi.nlm.nih.gov/sos10/sra-pub-zq-1002/ERR016/16661/ERR16661311/ERR16661311.lite.1;https://sra-downloadb.be-md.ncbi.nlm.nih.gov/sos10/sra-pub-zq-1002/ERR016/16661/ERR16661311/ERR16661311.lite.1;worldwide;anonymous;gs://sra-pub-zq-105/ERR16661311/ERR16661311.lite.1;gs.us-east1;gcp identity;;10/02/2026;isabelle feinauer;public;IM20;2009;brown bear;Europe;Sweden;IM20;Ursus arctos;;http://ftp.sra.ebi.ac.uk/vol1/fastq/ERR166/011/ERR16661311/ERR16661311_1.fastq.gz;http://ftp.sra.ebi.ac.uk/vol1/fastq/ERR166/011/ERR16661311/ERR16661311_2.fastq.gz;;era-fasp@fasp.sra.ebi.ac.uk:vol1/fastq/ERR166/011/ERR16661311/ERR16661311_1.fastq.gz;era-fasp@fasp.sra.ebi.ac.uk:vol1/fastq/ERR166/011/ERR16661311/ERR16661311_2.fastq.gz;;;;;;;;;;;;;
ERR16661312;ERP161503;Scandinavian brown bear whole genomes;ERX16051780;Illumina NovaSeq 6000 paired end sequencing;Illumina NovaSeq 6000 paired end sequencing;9644;Ursus arctos;NA;WGS;GENOMIC;RANDOM;PAIRED;ERS28818212;;SAMEA121272847;PRJEB77023;Illumina NovaSeq 6000;Illumina NovaSeq 6000;ILLUMINA;85541546;9353765395;85541546;25833546892;ena-RUN-TAB-09-02-2026-07:55:32:744-10423;ERR16661312.lite;6608464818;15/02/2026 10:43;5fb72900a1f7f9df4ecc2402e0331214;1;SRA Lite;Primary ETL;1;s3://sra-pub-zq-9/ERR16661312/ERR16661312.lite.1;s3.us-east-1;aws identity;https://sra-downloadb.be-md.ncbi.nlm.nih.gov/sos10/sra-pub-zq-1002/ERR016/16661/ERR16661312/ERR16661312.lite.1;https://sra-downloadb.be-md.ncbi.nlm.nih.gov/sos10/sra-pub-zq-1002/ERR016/16661/ERR16661312/ERR16661312.lite.1;worldwide;anonymous;gs://sra-pub-zq-105/ERR16661312/ERR16661312.lite.1;gs.us-east1;gcp identity;;10/02/2026;isabelle feinauer;public;IM24;2010;brown bear;Europe;Sweden;IM24;Ursus arctos;;http://ftp.sra.ebi.ac.uk/vol1/fastq/ERR166/012/ERR16661312/ERR16661312_1.fastq.gz;http://ftp.sra.ebi.ac.uk/vol1/fastq/ERR166/012/ERR16661312/ERR16661312_2.fastq.gz;;era-fasp@fasp.sra.ebi.ac.uk:vol1/fastq/ERR166/012/ERR16661312/ERR16661312_1.fastq.gz;era-fasp@fasp.sra.ebi.ac.uk:vol1/fastq/ERR166/012/ERR16661312/ERR16661312_2.fastq.gz;;;;;;;;;;;;;
ERR16661313;ERP161503;Scandinavian brown bear whole genomes;ERX16051781;Illumina NovaSeq 6000 paired end sequencing;Illumina NovaSeq 6000 paired end sequencing;9644;Ursus arctos;NA;WGS;GENOMIC;RANDOM;PAIRED;ERS28818212;;SAMEA121272847;PRJEB77023;Illumina NovaSeq 6000;Illumina NovaSeq 6000;ILLUMINA;55161508;5607498200;55161508;16658775416;ena-RUN-TAB-09-02-2026-07:55:32:744-10425;ERR16661313.lite;4263844286;15/02/2026 10:43;fb781ab0f836617ae891d43b5d60c9a0;1;SRA Lite;Primary ETL;1;s3://sra-pub-zq-9/ERR16661313/ERR16661313.lite.1;s3.us-east-1;aws identity;https://sra-downloadb.be-md.ncbi.nlm.nih.gov/sos10/sra-pub-zq-1002/ERR016/16661/ERR16661313/ERR16661313.lite.1;https://sra-downloadb.be-md.ncbi.nlm.nih.gov/sos10/sra-pub-zq-1002/ERR016/16661/ERR16661313/ERR16661313.lite.1;worldwide;anonymous;gs://sra-pub-zq-105/ERR16661313/ERR16661313.lite.1;gs.us-east1;gcp identity;;10/02/2026;isabelle feinauer;public;IM24;2010;brown bear;Europe;Sweden;IM24;Ursus arctos;;http://ftp.sra.ebi.ac.uk/vol1/fastq/ERR166/013/ERR16661313/ERR16661313_1.fastq.gz;http://ftp.sra.ebi.ac.uk/vol1/fastq/ERR166/013/ERR16661313/ERR16661313_2.fastq.gz;;era-fasp@fasp.sra.ebi.ac.uk:vol1/fastq/ERR166/013/ERR16661313/ERR16661313_1.fastq.gz;era-fasp@fasp.sra.ebi.ac.uk:vol1/fastq/ERR166/013/ERR16661313/ERR16661313_2.fastq.gz;;;;;;;;;;;;;
ERR16661314;ERP161503;Scandinavian brown bear whole genomes;ERX16051782;Illumina NovaSeq 6000 paired end sequencing;Illumina NovaSeq 6000 paired end sequencing;9644;Ursus arctos;NA;WGS;GENOMIC;RANDOM;PAIRED;ERS28818213;;SAMEA121272848;PRJEB77023;Illumina NovaSeq 6000;Illumina NovaSeq 6000;ILLUMINA;61530482;6732323621;61530482;18582205564;ena-RUN-TAB-09-02-2026-07:55:32:745-10427;ERR16661314.lite;4753673555;14/02/2026 02:38;ee99226a54175fe3794be46688edfc63;1;SRA Lite;Primary ETL;1;s3://sra-pub-zq-6/ERR16661314/ERR16661314.lite.1;s3.us-east-1;aws identity;https://sra-downloadb.be-md.ncbi.nlm.nih.gov/sos10/sra-pub-zq-1002/ERR016/16661/ERR16661314/ERR16661314.lite.1;https://sra-downloadb.be-md.ncbi.nlm.nih.gov/sos10/sra-pub-zq-1002/ERR016/16661/ERR16661314/ERR16661314.lite.1;worldwide;anonymous;gs://sra-pub-zq-102/ERR16661314/ERR16661314.lite.1;gs.us-east1;gcp identity;;10/02/2026;isabelle feinauer;public;IM27;2010;brown bear;Europe;Sweden;IM27;Ursus arctos;;http://ftp.sra.ebi.ac.uk/vol1/fastq/ERR166/014/ERR16661314/ERR16661314_1.fastq.gz;http://ftp.sra.ebi.ac.uk/vol1/fastq/ERR166/014/ERR16661314/ERR16661314_2.fastq.gz;;era-fasp@fasp.sra.ebi.ac.uk:vol1/fastq/ERR166/014/ERR16661314/ERR16661314_1.fastq.gz;era-fasp@fasp.sra.ebi.ac.uk:vol1/fastq/ERR166/014/ERR16661314/ERR16661314_2.fastq.gz;;;;;;;;;;;;;
ERR16661315;ERP161503;Scandinavian brown bear whole genomes;ERX16051783;Illumina NovaSeq 6000 paired end sequencing;Illumina NovaSeq 6000 paired end sequencing;9644;Ursus arctos;NA;WGS;GENOMIC;RANDOM;PAIRED;ERS28818213;;SAMEA121272848;PRJEB77023;Illumina NovaSeq 6000;Illumina NovaSeq 6000;ILLUMINA;63437621;6421228158;63437621;19158161542;ena-RUN-TAB-09-02-2026-07:55:32:745-10429;ERR16661315.lite;4894819492;15/02/2026 10:42;0094f6732bebb99cfaa81a2f74f9f85b;1;SRA Lite;Primary ETL;1;s3://sra-pub-zq-9/ERR16661315/ERR16661315.lite.1;s3.us-east-1;aws identity;https://sra-downloadb.be-md.ncbi.nlm.nih.gov/sos10/sra-pub-zq-1002/ERR016/16661/ERR16661315/ERR16661315.lite.1;https://sra-downloadb.be-md.ncbi.nlm.nih.gov/sos10/sra-pub-zq-1002/ERR016/16661/ERR16661315/ERR16661315.lite.1;worldwide;anonymous;gs://sra-pub-zq-105/ERR16661315/ERR16661315.lite.1;gs.us-east1;gcp identity;;10/02/2026;isabelle feinauer;public;IM27;2010;brown bear;Europe;Sweden;IM27;Ursus arctos;;http://ftp.sra.ebi.ac.uk/vol1/fastq/ERR166/015/ERR16661315/ERR16661315_1.fastq.gz;http://ftp.sra.ebi.ac.uk/vol1/fastq/ERR166/015/ERR16661315/ERR16661315_2.fastq.gz;;era-fasp@fasp.sra.ebi.ac.uk:vol1/fastq/ERR166/015/ERR16661315/ERR16661315_1.fastq.gz;era-fasp@fasp.sra.ebi.ac.uk:vol1/fastq/ERR166/015/ERR16661315/ERR16661315_2.fastq.gz;;;;;;;;;;;;;
ERR16661316;ERP161503;Scandinavian brown bear whole genomes;ERX16051784;Illumina NovaSeq 6000 paired end sequencing;Illumina NovaSeq 6000 paired end sequencing;9644;Ursus arctos;NA;WGS;GENOMIC;RANDOM;PAIRED;ERS28818214;;SAMEA121272849;PRJEB77023;Illumina NovaSeq 6000;Illumina NovaSeq 6000;ILLUMINA;84179277;9183153032;84179277;25422141654;ena-RUN-TAB-09-02-2026-07:55:32:745-10431;P21906_111_S243_L003_R1_001.fastq.gz;6992879397;14/02/2026 00:47;19602af2cc8ebee27c4590d23c4c0498;1;fastq;Original;0;s3://sra-pub-src-5/ERR16661316/P21906_111_S243_L003_R1_001.fastq.gz.1;-;Use Cloud Data Delivery;https://sra-pub-run-odp.s3.amazonaws.com/sra/ERR16661316/ERR16661316;https://sra-downloadb.be-md.ncbi.nlm.nih.gov/sos10/sra-pub-zq-1002/ERR016/16661/ERR16661316/ERR16661316.lite.1;worldwide;anonymous;gs://sra-pub-zq-102/ERR16661316/ERR16661316.lite.1;gs.us-east1;gcp identity;;10/02/2026;isabelle feinauer;public;IM29;2011;brown bear;Europe;Sweden;IM29;Ursus arctos;;http://ftp.sra.ebi.ac.uk/vol1/fastq/ERR166/016/ERR16661316/ERR16661316_1.fastq.gz;http://ftp.sra.ebi.ac.uk/vol1/fastq/ERR166/016/ERR16661316/ERR16661316_2.fastq.gz;;era-fasp@fasp.sra.ebi.ac.uk:vol1/fastq/ERR166/016/ERR16661316/ERR16661316_1.fastq.gz;era-fasp@fasp.sra.ebi.ac.uk:vol1/fastq/ERR166/016/ERR16661316/ERR16661316_2.fastq.gz;;;;;;;;;;;;;
ERR16661317;ERP161503;Scandinavian brown bear whole genomes;ERX16051785;Illumina NovaSeq 6000 paired end sequencing;Illumina NovaSeq 6000 paired end sequencing;9644;Ursus arctos;NA;WGS;GENOMIC;RANDOM;PAIRED;ERS28818214;;SAMEA121272849;PRJEB77023;Illumina NovaSeq 6000;Illumina NovaSeq 6000;ILLUMINA;60619903;6115750186;60619903;18307210706;ena-RUN-TAB-09-02-2026-07:55:32:746-10433;ERR16661317;6115752402;14/02/2026 03:52;f1b0d33f756928eace0b1f77b1aa5b9d;1;SRA Normalized;Primary ETL;1;https://sra-pub-run-odp.s3.amazonaws.com/sra/ERR16661317/ERR16661317;worldwide;anonymous;https://sra-pub-run-odp.s3.amazonaws.com/sra/ERR16661317/ERR16661317;https://sra-downloadb.be-md.ncbi.nlm.nih.gov/sos10/sra-pub-zq-1002/ERR016/16661/ERR16661317/ERR16661317.lite.1;worldwide;anonymous;gs://sra-pub-zq-102/ERR16661317/ERR16661317.lite.1;gs.us-east1;gcp identity;;10/02/2026;isabelle feinauer;public;IM29;2011;brown bear;Europe;Sweden;IM29;Ursus arctos;;http://ftp.sra.ebi.ac.uk/vol1/fastq/ERR166/017/ERR16661317/ERR16661317_1.fastq.gz;http://ftp.sra.ebi.ac.uk/vol1/fastq/ERR166/017/ERR16661317/ERR16661317_2.fastq.gz;;era-fasp@fasp.sra.ebi.ac.uk:vol1/fastq/ERR166/017/ERR16661317/ERR16661317_1.fastq.gz;era-fasp@fasp.sra.ebi.ac.uk:vol1/fastq/ERR166/017/ERR16661317/ERR16661317_2.fastq.gz;;;;;;;;;;;;;
ERR16661318;ERP161503;Scandinavian brown bear whole genomes;ERX16051786;Illumina NovaSeq 6000 paired end sequencing;Illumina NovaSeq 6000 paired end sequencing;9644;Ursus arctos;NA;WGS;GENOMIC;RANDOM;PAIRED;ERS28818215;;SAMEA121272850;PRJEB77023;Illumina NovaSeq 6000;Illumina NovaSeq 6000;ILLUMINA;78597182;8548767734;78597182;23736348964;ena-RUN-TAB-09-02-2026-07:55:32:746-10435;P21906_112_S244_L003_R1_001.fastq.gz;6526630921;14/02/2026 04:00;de1c767c3612815c2647b457736ecb25;1;fastq;Original;0;s3://sra-pub-src-3/ERR16661318/P21906_112_S244_L003_R1_001.fastq.gz.1;-;Use Cloud Data Delivery;https://sra-pub-run-odp.s3.amazonaws.com/sra/ERR16661318/ERR16661318;https://sra-downloadb.be-md.ncbi.nlm.nih.gov/sos10/sra-pub-zq-1002/ERR016/16661/ERR16661318/ERR16661318.lite.1;worldwide;anonymous;gs://sra-pub-zq-102/ERR16661318/ERR16661318.lite.1;gs.us-east1;gcp identity;;10/02/2026;isabelle feinauer;public;IM30;2011;brown bear;Europe;Sweden;IM30;Ursus arctos;;http://ftp.sra.ebi.ac.uk/vol1/fastq/ERR166/018/ERR16661318/ERR16661318_1.fastq.gz;http://ftp.sra.ebi.ac.uk/vol1/fastq/ERR166/018/ERR16661318/ERR16661318_2.fastq.gz;;era-fasp@fasp.sra.ebi.ac.uk:vol1/fastq/ERR166/018/ERR16661318/ERR16661318_1.fastq.gz;era-fasp@fasp.sra.ebi.ac.uk:vol1/fastq/ERR166/018/ERR16661318/ERR16661318_2.fastq.gz;;;;;;;;;;;;;
ERR16661319;ERP161503;Scandinavian brown bear whole genomes;ERX16051787;Illumina NovaSeq 6000 paired end sequencing;Illumina NovaSeq 6000 paired end sequencing;9644;Ursus arctos;NA;WGS;GENOMIC;RANDOM;PAIRED;ERS28818215;;SAMEA121272850;PRJEB77023;Illumina NovaSeq 6000;Illumina NovaSeq 6000;ILLUMINA;64916156;6520810915;64916156;19604679112;ena-RUN-TAB-09-02-2026-07:55:32:746-10437;ERR16661319.lite;5010441386;14/02/2026 02:35;68f2e0400ebbda4bb5ef5826c89857e1;1;SRA Lite;Primary ETL;1;s3://sra-pub-zq-6/ERR16661319/ERR16661319.lite.1;s3.us-east-1;aws identity;https://sra-downloadb.be-md.ncbi.nlm.nih.gov/sos10/sra-pub-zq-1002/ERR016/16661/ERR16661319/ERR16661319.lite.1;https://sra-downloadb.be-md.ncbi.nlm.nih.gov/sos10/sra-pub-zq-1002/ERR016/16661/ERR16661319/ERR16661319.lite.1;worldwide;anonymous;gs://sra-pub-zq-102/ERR16661319/ERR16661319.lite.1;gs.us-east1;gcp identity;;10/02/2026;isabelle feinauer;public;IM30;2011;brown bear;Europe;Sweden;IM30;Ursus arctos;;http://ftp.sra.ebi.ac.uk/vol1/fastq/ERR166/019/ERR16661319/ERR16661319_1.fastq.gz;http://ftp.sra.ebi.ac.uk/vol1/fastq/ERR166/019/ERR16661319/ERR16661319_2.fastq.gz;;era-fasp@fasp.sra.ebi.ac.uk:vol1/fastq/ERR166/019/ERR16661319/ERR16661319_1.fastq.gz;era-fasp@fasp.sra.ebi.ac.uk:vol1/fastq/ERR166/019/ERR16661319/ERR16661319_2.fastq.gz;;;;;;;;;;;;;
ERR16661320;ERP161503;Scandinavian brown bear whole genomes;ERX16051788;Illumina NovaSeq 6000 paired end sequencing;Illumina NovaSeq 6000 paired end sequencing;9644;Ursus arctos;NA;WGS;GENOMIC;RANDOM;PAIRED;ERS28818216;;SAMEA121272851;PRJEB77023;Illumina NovaSeq 6000;Illumina NovaSeq 6000;ILLUMINA;74719008;8107738829;74719008;22565140416;ena-RUN-TAB-09-02-2026-07:55:32:747-10439;ERR16661320.lite;5770629951;15/02/2026 04:47;1ee45aca50588cd509ad41ef3b67983f;1;SRA Lite;Primary ETL;1;s3://sra-pub-zq-5/ERR16661320/ERR16661320.lite.1;s3.us-east-1;aws identity;https://sra-downloadb.be-md.ncbi.nlm.nih.gov/sos10/sra-pub-zq-1002/ERR016/16661/ERR16661320/ERR16661320.lite.1;https://sra-downloadb.be-md.ncbi.nlm.nih.gov/sos10/sra-pub-zq-1002/ERR016/16661/ERR16661320/ERR16661320.lite.1;worldwide;anonymous;gs://sra-pub-zq-101/ERR16661320/ERR16661320.lite.1;gs.us-east1;gcp identity;;10/02/2026;isabelle feinauer;public;IM31;2011;brown bear;Europe;Sweden;IM31;Ursus arctos;;http://ftp.sra.ebi.ac.uk/vol1/fastq/ERR166/020/ERR16661320/ERR16661320_1.fastq.gz;http://ftp.sra.ebi.ac.uk/vol1/fastq/ERR166/020/ERR16661320/ERR16661320_2.fastq.gz;;era-fasp@fasp.sra.ebi.ac.uk:vol1/fastq/ERR166/020/ERR16661320/ERR16661320_1.fastq.gz;era-fasp@fasp.sra.ebi.ac.uk:vol1/fastq/ERR166/020/ERR16661320/ERR16661320_2.fastq.gz;;;;;;;;;;;;;
ERR16661321;ERP161503;Scandinavian brown bear whole genomes;ERX16051789;Illumina NovaSeq 6000 paired end sequencing;Illumina NovaSeq 6000 paired end sequencing;9644;Ursus arctos;NA;WGS;GENOMIC;RANDOM;PAIRED;ERS28818216;;SAMEA121272851;PRJEB77023;Illumina NovaSeq 6000;Illumina NovaSeq 6000;ILLUMINA;62854004;6301218229;62854004;18981909208;ena-RUN-TAB-09-02-2026-07:55:32:747-10441;ERR16661321.lite;4852070542;15/02/2026 10:44;76190bf0f341deba9a73d81fc362c4a1;1;SRA Lite;Primary ETL;1;s3://sra-pub-zq-9/ERR16661321/ERR16661321.lite.1;s3.us-east-1;aws identity;https://sra-downloadb.be-md.ncbi.nlm.nih.gov/sos10/sra-pub-zq-1002/ERR016/16661/ERR16661321/ERR16661321.lite.1;https://sra-downloadb.be-md.ncbi.nlm.nih.gov/sos10/sra-pub-zq-1002/ERR016/16661/ERR16661321/ERR16661321.lite.1;worldwide;anonymous;gs://sra-pub-zq-105/ERR16661321/ERR16661321.lite.1;gs.us-east1;gcp identity;;10/02/2026;isabelle feinauer;public;IM31;2011;brown bear;Europe;Sweden;IM31;Ursus arctos;;http://ftp.sra.ebi.ac.uk/vol1/fastq/ERR166/021/ERR16661321/ERR16661321_1.fastq.gz;http://ftp.sra.ebi.ac.uk/vol1/fastq/ERR166/021/ERR16661321/ERR16661321_2.fastq.gz;;era-fasp@fasp.sra.ebi.ac.uk:vol1/fastq/ERR166/021/ERR16661321/ERR16661321_1.fastq.gz;era-fasp@fasp.sra.ebi.ac.uk:vol1/fastq/ERR166/021/ERR16661321/ERR16661321_2.fastq.gz;;;;;;;;;;;;;
ERR16661322;ERP161503;Scandinavian brown bear whole genomes;ERX16051790;Illumina NovaSeq 6000 paired end sequencing;Illumina NovaSeq 6000 paired end sequencing;9644;Ursus arctos;NA;WGS;GENOMIC;RANDOM;PAIRED;ERS28818217;;SAMEA121272852;PRJEB77023;Illumina NovaSeq 6000;Illumina NovaSeq 6000;ILLUMINA;68222298;7425423778;68222298;20603133996;ena-RUN-TAB-09-02-2026-07:55:32:748-10443;ERR16661322.lite;5267985874;14/02/2026 00:32;2e7e7b265794de4f5302f2405e09c3e9;1;SRA Lite;Primary ETL;1;s3://sra-pub-zq-6/ERR16661322/ERR16661322.lite.1;s3.us-east-1;aws identity;https://sra-downloadb.be-md.ncbi.nlm.nih.gov/sos10/sra-pub-zq-1002/ERR016/16661/ERR16661322/ERR16661322.lite.1;https://sra-downloadb.be-md.ncbi.nlm.nih.gov/sos10/sra-pub-zq-1002/ERR016/16661/ERR16661322/ERR16661322.lite.1;worldwide;anonymous;gs://sra-pub-zq-108/ERR16661322/ERR16661322.lite.1;gs.us-east1;gcp identity;;10/02/2026;isabelle feinauer;public;IM32;2011;brown bear;Europe;Sweden;IM32;Ursus arctos;;http://ftp.sra.ebi.ac.uk/vol1/fastq/ERR166/022/ERR16661322/ERR16661322_1.fastq.gz;http://ftp.sra.ebi.ac.uk/vol1/fastq/ERR166/022/ERR16661322/ERR16661322_2.fastq.gz;;era-fasp@fasp.sra.ebi.ac.uk:vol1/fastq/ERR166/022/ERR16661322/ERR16661322_1.fastq.gz;era-fasp@fasp.sra.ebi.ac.uk:vol1/fastq/ERR166/022/ERR16661322/ERR16661322_2.fastq.gz;;;;;;;;;;;;;
ERR16661323;ERP161503;Scandinavian brown bear whole genomes;ERX16051791;Illumina NovaSeq 6000 paired end sequencing;Illumina NovaSeq 6000 paired end sequencing;9644;Ursus arctos;NA;WGS;GENOMIC;RANDOM;PAIRED;ERS28818217;;SAMEA121272852;PRJEB77023;Illumina NovaSeq 6000;Illumina NovaSeq 6000;ILLUMINA;72263054;7273159323;72263054;21823442308;ena-RUN-TAB-09-02-2026-07:55:32:748-10445;ERR16661323.lite;5574304535;15/02/2026 10:42;0c469923f1bb0727fb3b0502ff6a1736;1;SRA Lite;Primary ETL;1;s3://sra-pub-zq-9/ERR16661323/ERR16661323.lite.1;s3.us-east-1;aws identity;https://sra-downloadb.be-md.ncbi.nlm.nih.gov/sos10/sra-pub-zq-1002/ERR016/16661/ERR16661323/ERR16661323.lite.1;https://sra-downloadb.be-md.ncbi.nlm.nih.gov/sos10/sra-pub-zq-1002/ERR016/16661/ERR16661323/ERR16661323.lite.1;worldwide;anonymous;gs://sra-pub-zq-105/ERR16661323/ERR16661323.lite.1;gs.us-east1;gcp identity;;10/02/2026;isabelle feinauer;public;IM32;2011;brown bear;Europe;Sweden;IM32;Ursus arctos;;http://ftp.sra.ebi.ac.uk/vol1/fastq/ERR166/023/ERR16661323/ERR16661323_1.fastq.gz;http://ftp.sra.ebi.ac.uk/vol1/fastq/ERR166/023/ERR16661323/ERR16661323_2.fastq.gz;;era-fasp@fasp.sra.ebi.ac.uk:vol1/fastq/ERR166/023/ERR16661323/ERR16661323_1.fastq.gz;era-fasp@fasp.sra.ebi.ac.uk:vol1/fastq/ERR166/023/ERR16661323/ERR16661323_2.fastq.gz;;;;;;;;;;;;;
ERR16661324;ERP161503;Scandinavian brown bear whole genomes;ERX16051792;Illumina NovaSeq 6000 paired end sequencing;Illumina NovaSeq 6000 paired end sequencing;9644;Ursus arctos;NA;WGS;GENOMIC;RANDOM;PAIRED;ERS28818218;;SAMEA121272853;PRJEB77023;Illumina NovaSeq 6000;Illumina NovaSeq 6000;ILLUMINA;67157702;7334367814;67157702;20281626004;ena-RUN-TAB-09-02-2026-07:55:32:749-10447;P21906_115_S247_L003_R1_001.fastq.gz;5596026160;15/02/2026 09:56;d2dc6ca4ba60dda60b3eacaafe840334;1;fastq;Original;0;s3://sra-pub-src-16/ERR16661324/P21906_115_S247_L003_R1_001.fastq.gz.1;-;Use Cloud Data Delivery;https://sra-pub-run-odp.s3.amazonaws.com/sra/ERR16661324/ERR16661324;https://sra-downloadb.be-md.ncbi.nlm.nih.gov/sos10/sra-pub-zq-1002/ERR016/16661/ERR16661324/ERR16661324.lite.1;worldwide;anonymous;gs://sra-pub-zq-105/ERR16661324/ERR16661324.lite.1;gs.us-east1;gcp identity;;10/02/2026;isabelle feinauer;public;IM33;2011;brown bear;Europe;Sweden;IM33;Ursus arctos;;http://ftp.sra.ebi.ac.uk/vol1/fastq/ERR166/024/ERR16661324/ERR16661324_1.fastq.gz;http://ftp.sra.ebi.ac.uk/vol1/fastq/ERR166/024/ERR16661324/ERR16661324_2.fastq.gz;;era-fasp@fasp.sra.ebi.ac.uk:vol1/fastq/ERR166/024/ERR16661324/ERR16661324_1.fastq.gz;era-fasp@fasp.sra.ebi.ac.uk:vol1/fastq/ERR166/024/ERR16661324/ERR16661324_2.fastq.gz;;;;;;;;;;;;;
ERR16661325;ERP161503;Scandinavian brown bear whole genomes;ERX16051793;Illumina NovaSeq 6000 paired end sequencing;Illumina NovaSeq 6000 paired end sequencing;9644;Ursus arctos;NA;WGS;GENOMIC;RANDOM;PAIRED;ERS28818218;;SAMEA121272853;PRJEB77023;Illumina NovaSeq 6000;Illumina NovaSeq 6000;ILLUMINA;72499263;7321569639;72499263;21894777426;ena-RUN-TAB-09-02-2026-07:55:32:749-10449;ERR16661325.lite;5593897220;15/02/2026 03:20;0ebeccbb38d0ef87b372b84738d2c6eb;1;SRA Lite;Primary ETL;1;s3://sra-pub-zq-5/ERR16661325/ERR16661325.lite.1;s3.us-east-1;aws identity;https://sra-downloadb.be-md.ncbi.nlm.nih.gov/sos10/sra-pub-zq-1002/ERR016/16661/ERR16661325/ERR16661325.lite.1;https://sra-downloadb.be-md.ncbi.nlm.nih.gov/sos10/sra-pub-zq-1002/ERR016/16661/ERR16661325/ERR16661325.lite.1;worldwide;anonymous;gs://sra-pub-zq-101/ERR16661325/ERR16661325.lite.1;gs.us-east1;gcp identity;;10/02/2026;isabelle feinauer;public;IM33;2011;brown bear;Europe;Sweden;IM33;Ursus arctos;;http://ftp.sra.ebi.ac.uk/vol1/fastq/ERR166/025/ERR16661325/ERR16661325_1.fastq.gz;http://ftp.sra.ebi.ac.uk/vol1/fastq/ERR166/025/ERR16661325/ERR16661325_2.fastq.gz;;era-fasp@fasp.sra.ebi.ac.uk:vol1/fastq/ERR166/025/ERR16661325/ERR16661325_1.fastq.gz;era-fasp@fasp.sra.ebi.ac.uk:vol1/fastq/ERR166/025/ERR16661325/ERR16661325_2.fastq.gz;;;;;;;;;;;;;
ERR16661326;ERP161503;Scandinavian brown bear whole genomes;ERX16051794;Illumina NovaSeq 6000 paired end sequencing;Illumina NovaSeq 6000 paired end sequencing;9644;Ursus arctos;NA;WGS;GENOMIC;RANDOM;PAIRED;ERS28818219;;SAMEA121272854;PRJEB77023;Illumina NovaSeq 6000;Illumina NovaSeq 6000;ILLUMINA;79746850;8590124980;79746850;24083548700;ena-RUN-TAB-09-02-2026-07:55:32:750-10451;P21906_116_S248_L003_R1_001.fastq.gz;6619225456;14/02/2026 00:38;68658e0c715823f72fd8cb884d57f08b;1;fastq;Original;0;s3://sra-pub-src-5/ERR16661326/P21906_116_S248_L003_R1_001.fastq.gz.1;-;Use Cloud Data Delivery;https://sra-pub-run-odp.s3.amazonaws.com/sra/ERR16661326/ERR16661326;https://sra-downloadb.be-md.ncbi.nlm.nih.gov/sos10/sra-pub-zq-1002/ERR016/16661/ERR16661326/ERR16661326.lite.1;worldwide;anonymous;gs://sra-pub-zq-102/ERR16661326/ERR16661326.lite.1;gs.us-east1;gcp identity;;10/02/2026;isabelle feinauer;public;IM34;2011;brown bear;Europe;Sweden;IM34;Ursus arctos;;http://ftp.sra.ebi.ac.uk/vol1/fastq/ERR166/026/ERR16661326/ERR16661326_1.fastq.gz;http://ftp.sra.ebi.ac.uk/vol1/fastq/ERR166/026/ERR16661326/ERR16661326_2.fastq.gz;;era-fasp@fasp.sra.ebi.ac.uk:vol1/fastq/ERR166/026/ERR16661326/ERR16661326_1.fastq.gz;era-fasp@fasp.sra.ebi.ac.uk:vol1/fastq/ERR166/026/ERR16661326/ERR16661326_2.fastq.gz;;;;;;;;;;;;;
ERR16661327;ERP161503;Scandinavian brown bear whole genomes;ERX16051795;Illumina NovaSeq 6000 paired end sequencing;Illumina NovaSeq 6000 paired end sequencing;9644;Ursus arctos;NA;WGS;GENOMIC;RANDOM;PAIRED;ERS28818219;;SAMEA121272854;PRJEB77023;Illumina NovaSeq 6000;Illumina NovaSeq 6000;ILLUMINA;60289701;6005488381;60289701;18207489702;ena-RUN-TAB-09-02-2026-07:55:32:751-10453;ERR16661327.lite;4654016654;14/02/2026 02:35;a07f8ea303d375446ee3342864cc24d8;1;SRA Lite;Primary ETL;1;s3://sra-pub-zq-6/ERR16661327/ERR16661327.lite.1;s3.us-east-1;aws identity;https://sra-downloadb.be-md.ncbi.nlm.nih.gov/sos10/sra-pub-zq-1002/ERR016/16661/ERR16661327/ERR16661327.lite.1;https://sra-downloadb.be-md.ncbi.nlm.nih.gov/sos10/sra-pub-zq-1002/ERR016/16661/ERR16661327/ERR16661327.lite.1;worldwide;anonymous;gs://sra-pub-zq-102/ERR16661327/ERR16661327.lite.1;gs.us-east1;gcp identity;;10/02/2026;isabelle feinauer;public;IM34;2011;brown bear;Europe;Sweden;IM34;Ursus arctos;;http://ftp.sra.ebi.ac.uk/vol1/fastq/ERR166/027/ERR16661327/ERR16661327_1.fastq.gz;http://ftp.sra.ebi.ac.uk/vol1/fastq/ERR166/027/ERR16661327/ERR16661327_2.fastq.gz;;era-fasp@fasp.sra.ebi.ac.uk:vol1/fastq/ERR166/027/ERR16661327/ERR16661327_1.fastq.gz;era-fasp@fasp.sra.ebi.ac.uk:vol1/fastq/ERR166/027/ERR16661327/ERR16661327_2.fastq.gz;;;;;;;;;;;;;
ERR16661328;ERP161503;Scandinavian brown bear whole genomes;ERX16051796;Illumina NovaSeq 6000 paired end sequencing;Illumina NovaSeq 6000 paired end sequencing;9644;Ursus arctos;NA;WGS;GENOMIC;RANDOM;PAIRED;ERS28818220;;SAMEA121272855;PRJEB77023;Illumina NovaSeq 6000;Illumina NovaSeq 6000;ILLUMINA;59608344;6472330269;59608344;18001719888;ena-RUN-TAB-09-02-2026-07:55:32:751-10455;P21906_117_S249_L003_R1_001.fastq.gz;4955055178;15/02/2026 02:53;48dfe36756c08bad3b6a5dd63d39a668;1;fastq;Original;0;s3://sra-pub-src-15/ERR16661328/P21906_117_S249_L003_R1_001.fastq.gz.1;-;Use Cloud Data Delivery;https://sra-pub-run-odp.s3.amazonaws.com/sra/ERR16661328/ERR16661328;https://sra-downloadb.be-md.ncbi.nlm.nih.gov/sos10/sra-pub-zq-1002/ERR016/16661/ERR16661328/ERR16661328.lite.1;worldwide;anonymous;gs://sra-pub-zq-101/ERR16661328/ERR16661328.lite.1;gs.us-east1;gcp identity;;10/02/2026;isabelle feinauer;public;IM39;2012;brown bear;Europe;Sweden;IM39;Ursus arctos;;http://ftp.sra.ebi.ac.uk/vol1/fastq/ERR166/028/ERR16661328/ERR16661328_1.fastq.gz;http://ftp.sra.ebi.ac.uk/vol1/fastq/ERR166/028/ERR16661328/ERR16661328_2.fastq.gz;;era-fasp@fasp.sra.ebi.ac.uk:vol1/fastq/ERR166/028/ERR16661328/ERR16661328_1.fastq.gz;era-fasp@fasp.sra.ebi.ac.uk:vol1/fastq/ERR166/028/ERR16661328/ERR16661328_2.fastq.gz;;;;;;;;;;;;;
ERR16661329;ERP161503;Scandinavian brown bear whole genomes;ERX16051797;Illumina NovaSeq 6000 paired end sequencing;Illumina NovaSeq 6000 paired end sequencing;9644;Ursus arctos;NA;WGS;GENOMIC;RANDOM;PAIRED;ERS28818220;;SAMEA121272855;PRJEB77023;Illumina NovaSeq 6000;Illumina NovaSeq 6000;ILLUMINA;72151902;7237252379;72151902;21789874404;ena-RUN-TAB-09-02-2026-07:55:32:752-10457;P27202_1017_S111_L001_R1_001.fastq.gz;5624547040;15/02/2026 09:56;4b7a2531e89df6290aa97dcd7ea15a41;1;fastq;Original;0;s3://sra-pub-src-16/ERR16661329/P27202_1017_S111_L001_R1_001.fastq.gz.1;-;Use Cloud Data Delivery;https://sra-pub-run-odp.s3.amazonaws.com/sra/ERR16661329/ERR16661329;https://sra-downloadb.be-md.ncbi.nlm.nih.gov/sos10/sra-pub-zq-1002/ERR016/16661/ERR16661329/ERR16661329.lite.1;worldwide;anonymous;gs://sra-pub-zq-105/ERR16661329/ERR16661329.lite.1;gs.us-east1;gcp identity;;10/02/2026;isabelle feinauer;public;IM39;2012;brown bear;Europe;Sweden;IM39;Ursus arctos;;http://ftp.sra.ebi.ac.uk/vol1/fastq/ERR166/029/ERR16661329/ERR16661329_1.fastq.gz;http://ftp.sra.ebi.ac.uk/vol1/fastq/ERR166/029/ERR16661329/ERR16661329_2.fastq.gz;;era-fasp@fasp.sra.ebi.ac.uk:vol1/fastq/ERR166/029/ERR16661329/ERR16661329_1.fastq.gz;era-fasp@fasp.sra.ebi.ac.uk:vol1/fastq/ERR166/029/ERR16661329/ERR16661329_2.fastq.gz;;;;;;;;;;;;;
ERR16661330;ERP161503;Scandinavian brown bear whole genomes;ERX16051798;Illumina NovaSeq 6000 paired end sequencing;Illumina NovaSeq 6000 paired end sequencing;9644;Ursus arctos;NA;WGS;GENOMIC;RANDOM;PAIRED;ERS28818221;;SAMEA121272856;PRJEB77023;Illumina NovaSeq 6000;Illumina NovaSeq 6000;ILLUMINA;87692784;9602277345;87692784;26483220768;ena-RUN-TAB-09-02-2026-07:55:32:752-10459;P21906_118_S250_L003_R1_001.fastq.gz;7296196503;14/02/2026 01:01;a4d33f8d0f61953140061fdfba4e95ab;1;fastq;Original;0;https://sra-pub-src-1.s3.amazonaws.com/ERR16661330/P21906_118_S250_L003_R1_001.fastq.gz.1;worldwide;anonymous;https://sra-pub-src-1.s3.amazonaws.com/ERR16661330/P21906_118_S250_L003_R1_001.fastq.gz.1;https://sra-downloadb.be-md.ncbi.nlm.nih.gov/sos10/sra-pub-zq-1002/ERR016/16661/ERR16661330/ERR16661330.lite.1;worldwide;anonymous;gs://sra-pub-zq-102/ERR16661330/ERR16661330.lite.1;gs.us-east1;gcp identity;;10/02/2026;isabelle feinauer;public;IM40;2012;brown bear;Europe;Sweden;IM40;Ursus arctos;;http://ftp.sra.ebi.ac.uk/vol1/fastq/ERR166/030/ERR16661330/ERR16661330_1.fastq.gz;http://ftp.sra.ebi.ac.uk/vol1/fastq/ERR166/030/ERR16661330/ERR16661330_2.fastq.gz;;era-fasp@fasp.sra.ebi.ac.uk:vol1/fastq/ERR166/030/ERR16661330/ERR16661330_1.fastq.gz;era-fasp@fasp.sra.ebi.ac.uk:vol1/fastq/ERR166/030/ERR16661330/ERR16661330_2.fastq.gz;;;;;;;;;;;;;
ERR16661331;ERP161503;Scandinavian brown bear whole genomes;ERX16051799;Illumina NovaSeq 6000 paired end sequencing;Illumina NovaSeq 6000 paired end sequencing;9644;Ursus arctos;NA;WGS;GENOMIC;RANDOM;PAIRED;ERS28818221;;SAMEA121272856;PRJEB77023;Illumina NovaSeq 6000;Illumina NovaSeq 6000;ILLUMINA;61310469;6257154658;61310469;18515761638;ena-RUN-TAB-09-02-2026-07:55:32:753-10461;P27202_1018_S112_L001_R1_001.fastq.gz;4825994811;13/02/2026 22:32;8c9246161ad6068d38ff88e78690e53b;1;fastq;Original;0;s3://sra-pub-src-16/ERR16661331/P27202_1018_S112_L001_R1_001.fastq.gz.1;-;Use Cloud Data Delivery;https://sra-pub-run-odp.s3.amazonaws.com/sra/ERR16661331/ERR16661331;https://sra-downloadb.be-md.ncbi.nlm.nih.gov/sos10/sra-pub-zq-1002/ERR016/16661/ERR16661331/ERR16661331.lite.1;worldwide;anonymous;gs://sra-pub-zq-108/ERR16661331/ERR16661331.lite.1;gs.us-east1;gcp identity;;10/02/2026;isabelle feinauer;public;IM40;2012;brown bear;Europe;Sweden;IM40;Ursus arctos;;http://ftp.sra.ebi.ac.uk/vol1/fastq/ERR166/031/ERR16661331/ERR16661331_1.fastq.gz;http://ftp.sra.ebi.ac.uk/vol1/fastq/ERR166/031/ERR16661331/ERR16661331_2.fastq.gz;;era-fasp@fasp.sra.ebi.ac.uk:vol1/fastq/ERR166/031/ERR16661331/ERR16661331_1.fastq.gz;era-fasp@fasp.sra.ebi.ac.uk:vol1/fastq/ERR166/031/ERR16661331/ERR16661331_2.fastq.gz;;;;;;;;;;;;;
ERR16661332;ERP161503;Scandinavian brown bear whole genomes;ERX16051800;Illumina NovaSeq 6000 paired end sequencing;Illumina NovaSeq 6000 paired end sequencing;9644;Ursus arctos;NA;WGS;GENOMIC;RANDOM;PAIRED;ERS28818222;;SAMEA121272857;PRJEB77023;Illumina NovaSeq 6000;Illumina NovaSeq 6000;ILLUMINA;65064136;7126917269;65064136;19649369072;ena-RUN-TAB-09-02-2026-07:55:32:753-10463;P21906_119_S251_L003_R1_001.fastq.gz;5443460889;14/02/2026 00:44;a4f9e74a71daa762f28b8d0fc661e7eb;1;fastq;Original;0;s3://sra-pub-src-5/ERR16661332/P21906_119_S251_L003_R1_001.fastq.gz.1;-;Use Cloud Data Delivery;https://sra-pub-run-odp.s3.amazonaws.com/sra/ERR16661332/ERR16661332;https://sra-downloadb.be-md.ncbi.nlm.nih.gov/sos10/sra-pub-zq-1002/ERR016/16661/ERR16661332/ERR16661332.lite.1;worldwide;anonymous;gs://sra-pub-zq-102/ERR16661332/ERR16661332.lite.1;gs.us-east1;gcp identity;;10/02/2026;isabelle feinauer;public;IM43;2012;brown bear;Europe;Sweden;IM43;Ursus arctos;;http://ftp.sra.ebi.ac.uk/vol1/fastq/ERR166/032/ERR16661332/ERR16661332_1.fastq.gz;http://ftp.sra.ebi.ac.uk/vol1/fastq/ERR166/032/ERR16661332/ERR16661332_2.fastq.gz;;era-fasp@fasp.sra.ebi.ac.uk:vol1/fastq/ERR166/032/ERR16661332/ERR16661332_1.fastq.gz;era-fasp@fasp.sra.ebi.ac.uk:vol1/fastq/ERR166/032/ERR16661332/ERR16661332_2.fastq.gz;;;;;;;;;;;;;
ERR16661333;ERP161503;Scandinavian brown bear whole genomes;ERX16051801;Illumina NovaSeq 6000 paired end sequencing;Illumina NovaSeq 6000 paired end sequencing;9644;Ursus arctos;NA;WGS;GENOMIC;RANDOM;PAIRED;ERS28818222;;SAMEA121272857;PRJEB77023;Illumina NovaSeq 6000;Illumina NovaSeq 6000;ILLUMINA;66291836;6728444503;66291836;20020134472;ena-RUN-TAB-09-02-2026-07:55:32:754-10465;P27202_1019_S113_L001_R1_001.fastq.gz;5216145403;15/02/2026 09:54;d6854a423898fd2efca5b421fe71f476;1;fastq;Original;0;s3://sra-pub-src-16/ERR16661333/P27202_1019_S113_L001_R1_001.fastq.gz.1;-;Use Cloud Data Delivery;https://sra-pub-run-odp.s3.amazonaws.com/sra/ERR16661333/ERR16661333;https://sra-downloadb.be-md.ncbi.nlm.nih.gov/sos10/sra-pub-zq-1002/ERR016/16661/ERR16661333/ERR16661333.lite.1;worldwide;anonymous;gs://sra-pub-zq-105/ERR16661333/ERR16661333.lite.1;gs.us-east1;gcp identity;;10/02/2026;isabelle feinauer;public;IM43;2012;brown bear;Europe;Sweden;IM43;Ursus arctos;;http://ftp.sra.ebi.ac.uk/vol1/fastq/ERR166/033/ERR16661333/ERR16661333_1.fastq.gz;http://ftp.sra.ebi.ac.uk/vol1/fastq/ERR166/033/ERR16661333/ERR16661333_2.fastq.gz;;era-fasp@fasp.sra.ebi.ac.uk:vol1/fastq/ERR166/033/ERR16661333/ERR16661333_1.fastq.gz;era-fasp@fasp.sra.ebi.ac.uk:vol1/fastq/ERR166/033/ERR16661333/ERR16661333_2.fastq.gz;;;;;;;;;;;;;
ERR16661334;ERP161503;Scandinavian brown bear whole genomes;ERX16051802;Illumina NovaSeq 6000 paired end sequencing;Illumina NovaSeq 6000 paired end sequencing;9644;Ursus arctos;NA;WGS;GENOMIC;RANDOM;PAIRED;ERS28818223;;SAMEA121272858;PRJEB77023;Illumina NovaSeq 6000;Illumina NovaSeq 6000;ILLUMINA;70328210;7645362678;70328210;21239119420;ena-RUN-TAB-09-02-2026-07:55:32:754-10467;ERR16661334.lite;5429790674;15/02/2026 10:42;ef991e03ce680bd1a9d199ef596e1c76;1;SRA Lite;Primary ETL;1;s3://sra-pub-zq-9/ERR16661334/ERR16661334.lite.1;s3.us-east-1;aws identity;https://sra-downloadb.be-md.ncbi.nlm.nih.gov/sos10/sra-pub-zq-1002/ERR016/16661/ERR16661334/ERR16661334.lite.1;https://sra-downloadb.be-md.ncbi.nlm.nih.gov/sos10/sra-pub-zq-1002/ERR016/16661/ERR16661334/ERR16661334.lite.1;worldwide;anonymous;gs://sra-pub-zq-105/ERR16661334/ERR16661334.lite.1;gs.us-east1;gcp identity;;10/02/2026;isabelle feinauer;public;IM46;2012;brown bear;Europe;Sweden;IM46;Ursus arctos;;http://ftp.sra.ebi.ac.uk/vol1/fastq/ERR166/034/ERR16661334/ERR16661334_1.fastq.gz;http://ftp.sra.ebi.ac.uk/vol1/fastq/ERR166/034/ERR16661334/ERR16661334_2.fastq.gz;;era-fasp@fasp.sra.ebi.ac.uk:vol1/fastq/ERR166/034/ERR16661334/ERR16661334_1.fastq.gz;era-fasp@fasp.sra.ebi.ac.uk:vol1/fastq/ERR166/034/ERR16661334/ERR16661334_2.fastq.gz;;;;;;;;;;;;;
ERR16661335;ERP161503;Scandinavian brown bear whole genomes;ERX16051803;Illumina NovaSeq 6000 paired end sequencing;Illumina NovaSeq 6000 paired end sequencing;9644;Ursus arctos;NA;WGS;GENOMIC;RANDOM;PAIRED;ERS28818223;;SAMEA121272858;PRJEB77023;Illumina NovaSeq 6000;Illumina NovaSeq 6000;ILLUMINA;81367752;8189382639;81367752;24573061104;ena-RUN-TAB-09-02-2026-07:55:32:755-10469;P27202_1020_S114_L001_R1_001.fastq.gz;6343920250;15/02/2026 09:56;67d8da445045b7d46faf418589f6cfd2;1;fastq;Original;0;s3://sra-pub-src-16/ERR16661335/P27202_1020_S114_L001_R1_001.fastq.gz.1;-;Use Cloud Data Delivery;https://sra-pub-run-odp.s3.amazonaws.com/sra/ERR16661335/ERR16661335;https://sra-downloadb.be-md.ncbi.nlm.nih.gov/sos10/sra-pub-zq-1002/ERR016/16661/ERR16661335/ERR16661335.lite.1;worldwide;anonymous;gs://sra-pub-zq-105/ERR16661335/ERR16661335.lite.1;gs.us-east1;gcp identity;;10/02/2026;isabelle feinauer;public;IM46;2012;brown bear;Europe;Sweden;IM46;Ursus arctos;;http://ftp.sra.ebi.ac.uk/vol1/fastq/ERR166/035/ERR16661335/ERR16661335_1.fastq.gz;http://ftp.sra.ebi.ac.uk/vol1/fastq/ERR166/035/ERR16661335/ERR16661335_2.fastq.gz;;era-fasp@fasp.sra.ebi.ac.uk:vol1/fastq/ERR166/035/ERR16661335/ERR16661335_1.fastq.gz;era-fasp@fasp.sra.ebi.ac.uk:vol1/fastq/ERR166/035/ERR16661335/ERR16661335_2.fastq.gz;;;;;;;;;;;;;
ERR16661336;ERP161503;Scandinavian brown bear whole genomes;ERX16051804;Illumina NovaSeq 6000 paired end sequencing;Illumina NovaSeq 6000 paired end sequencing;9644;Ursus arctos;NA;WGS;GENOMIC;RANDOM;PAIRED;ERS28818224;;SAMEA121272859;PRJEB77023;Illumina NovaSeq 6000;Illumina NovaSeq 6000;ILLUMINA;79549785;8620970756;79549785;24024035070;ena-RUN-TAB-09-02-2026-07:55:32:755-10471;ERR16661336.lite;6139343958;14/02/2026 02:35;b3ec8a1770530f45451a2736d8d438ec;1;SRA Lite;Primary ETL;1;s3://sra-pub-zq-6/ERR16661336/ERR16661336.lite.1;s3.us-east-1;aws identity;https://sra-downloadb.be-md.ncbi.nlm.nih.gov/sos10/sra-pub-zq-1002/ERR016/16661/ERR16661336/ERR16661336.lite.1;https://sra-downloadb.be-md.ncbi.nlm.nih.gov/sos10/sra-pub-zq-1002/ERR016/16661/ERR16661336/ERR16661336.lite.1;worldwide;anonymous;gs://sra-pub-zq-102/ERR16661336/ERR16661336.lite.1;gs.us-east1;gcp identity;;10/02/2026;isabelle feinauer;public;IM47;2012;brown bear;Europe;Sweden;IM47;Ursus arctos;;http://ftp.sra.ebi.ac.uk/vol1/fastq/ERR166/036/ERR16661336/ERR16661336_1.fastq.gz;http://ftp.sra.ebi.ac.uk/vol1/fastq/ERR166/036/ERR16661336/ERR16661336_2.fastq.gz;;era-fasp@fasp.sra.ebi.ac.uk:vol1/fastq/ERR166/036/ERR16661336/ERR16661336_1.fastq.gz;era-fasp@fasp.sra.ebi.ac.uk:vol1/fastq/ERR166/036/ERR16661336/ERR16661336_2.fastq.gz;;;;;;;;;;;;;
ERR16661337;ERP161503;Scandinavian brown bear whole genomes;ERX16051805;Illumina NovaSeq 6000 paired end sequencing;Illumina NovaSeq 6000 paired end sequencing;9644;Ursus arctos;NA;WGS;GENOMIC;RANDOM;PAIRED;ERS28818224;;SAMEA121272859;PRJEB77023;Illumina NovaSeq 6000;Illumina NovaSeq 6000;ILLUMINA;69290234;6949707351;69290234;20925650668;ena-RUN-TAB-09-02-2026-07:55:32:756-10473;ERR16661337.lite;5345144743;14/02/2026 02:36;d3aaad55c68ea5666cf305cfb7924183;1;SRA Lite;Primary ETL;1;s3://sra-pub-zq-6/ERR16661337/ERR16661337.lite.1;s3.us-east-1;aws identity;https://sra-downloadb.be-md.ncbi.nlm.nih.gov/sos10/sra-pub-zq-1002/ERR016/16661/ERR16661337/ERR16661337.lite.1;https://sra-downloadb.be-md.ncbi.nlm.nih.gov/sos10/sra-pub-zq-1002/ERR016/16661/ERR16661337/ERR16661337.lite.1;worldwide;anonymous;gs://sra-pub-zq-102/ERR16661337/ERR16661337.lite.1;gs.us-east1;gcp identity;;10/02/2026;isabelle feinauer;public;IM47;2012;brown bear;Europe;Sweden;IM47;Ursus arctos;;http://ftp.sra.ebi.ac.uk/vol1/fastq/ERR166/037/ERR16661337/ERR16661337_1.fastq.gz;http://ftp.sra.ebi.ac.uk/vol1/fastq/ERR166/037/ERR16661337/ERR16661337_2.fastq.gz;;era-fasp@fasp.sra.ebi.ac.uk:vol1/fastq/ERR166/037/ERR16661337/ERR16661337_1.fastq.gz;era-fasp@fasp.sra.ebi.ac.uk:vol1/fastq/ERR166/037/ERR16661337/ERR16661337_2.fastq.gz;;;;;;;;;;;;;
ERR16661338;ERP161503;Scandinavian brown bear whole genomes;ERX16051806;Illumina NovaSeq 6000 paired end sequencing;Illumina NovaSeq 6000 paired end sequencing;9644;Ursus arctos;NA;WGS;GENOMIC;RANDOM;PAIRED;ERS28818197;;SAMEA121272832;PRJEB77023;Illumina NovaSeq 6000;Illumina NovaSeq 6000;ILLUMINA;20501517;2225817047;20501517;6191458134;ena-RUN-TAB-09-02-2026-07:55:32:756-10475;ERR16661338.lite;1588846079;14/02/2026 00:31;0a36dd5c01624bc5b7860f3cff21f001;1;SRA Lite;Primary ETL;1;s3://sra-pub-zq-6/ERR16661338/ERR16661338.lite.1;s3.us-east-1;aws identity;https://sra-downloadb.be-md.ncbi.nlm.nih.gov/sos10/sra-pub-zq-1002/ERR016/16661/ERR16661338/ERR16661338.lite.1;https://sra-downloadb.be-md.ncbi.nlm.nih.gov/sos10/sra-pub-zq-1002/ERR016/16661/ERR16661338/ERR16661338.lite.1;worldwide;anonymous;gs://sra-pub-zq-108/ERR16661338/ERR16661338.lite.1;gs.us-east1;gcp identity;;10/02/2026;isabelle feinauer;public;GX0010;1940;brown bear;Europe;Sweden;GX0010;Ursus arctos;;http://ftp.sra.ebi.ac.uk/vol1/fastq/ERR166/038/ERR16661338/ERR16661338_1.fastq.gz;http://ftp.sra.ebi.ac.uk/vol1/fastq/ERR166/038/ERR16661338/ERR16661338_2.fastq.gz;;era-fasp@fasp.sra.ebi.ac.uk:vol1/fastq/ERR166/038/ERR16661338/ERR16661338_1.fastq.gz;era-fasp@fasp.sra.ebi.ac.uk:vol1/fastq/ERR166/038/ERR16661338/ERR16661338_2.fastq.gz;;;;;;;;;;;;;
ERR16661339;ERP161503;Scandinavian brown bear whole genomes;ERX16051807;Illumina NovaSeq 6000 paired end sequencing;Illumina NovaSeq 6000 paired end sequencing;9644;Ursus arctos;NA;WGS;GENOMIC;RANDOM;PAIRED;ERS28818197;;SAMEA121272832;PRJEB77023;Illumina NovaSeq 6000;Illumina NovaSeq 6000;ILLUMINA;28577802;1883689422;28577802;5772716004;ena-RUN-TAB-09-02-2026-07:55:32:757-10477;P28459_1001_S1_L001_R1_001.fastq.gz;1337015461;15/02/2026 09:45;cb929113a7291b4fb7e3771bf1beaf90;1;fastq;Original;0;s3://sra-pub-src-14/ERR16661339/P28459_1001_S1_L001_R1_001.fastq.gz.1;-;Use Cloud Data Delivery;https://sra-pub-run-odp.s3.amazonaws.com/sra/ERR16661339/ERR16661339;https://sra-downloadb.be-md.ncbi.nlm.nih.gov/sos10/sra-pub-zq-1002/ERR016/16661/ERR16661339/ERR16661339.lite.1;worldwide;anonymous;gs://sra-pub-zq-105/ERR16661339/ERR16661339.lite.1;gs.us-east1;gcp identity;;10/02/2026;isabelle feinauer;public;GX0010;1940;brown bear;Europe;Sweden;GX0010;Ursus arctos;;http://ftp.sra.ebi.ac.uk/vol1/fastq/ERR166/039/ERR16661339/ERR16661339_1.fastq.gz;http://ftp.sra.ebi.ac.uk/vol1/fastq/ERR166/039/ERR16661339/ERR16661339_2.fastq.gz;;era-fasp@fasp.sra.ebi.ac.uk:vol1/fastq/ERR166/039/ERR16661339/ERR16661339_1.fastq.gz;era-fasp@fasp.sra.ebi.ac.uk:vol1/fastq/ERR166/039/ERR16661339/ERR16661339_2.fastq.gz;;;;;;;;;;;;;
ERR16661340;ERP161503;Scandinavian brown bear whole genomes;ERX16051808;Illumina NovaSeq 6000 paired end sequencing;Illumina NovaSeq 6000 paired end sequencing;9644;Ursus arctos;NA;WGS;GENOMIC;RANDOM;PAIRED;ERS28818197;;SAMEA121272832;PRJEB77023;Illumina NovaSeq 6000;Illumina NovaSeq 6000;ILLUMINA;28806726;1888873507;28806726;5818958652;ena-RUN-TAB-09-02-2026-07:55:32:757-10479;ERR16661340.lite;1509681359;14/02/2026 02:34;76cb656fa50e462f7620998b991fd89e;1;SRA Lite;Primary ETL;1;s3://sra-pub-zq-6/ERR16661340/ERR16661340.lite.1;s3.us-east-1;aws identity;https://sra-downloadb.be-md.ncbi.nlm.nih.gov/sos10/sra-pub-zq-1002/ERR016/16661/ERR16661340/ERR16661340.lite.1;https://sra-downloadb.be-md.ncbi.nlm.nih.gov/sos10/sra-pub-zq-1002/ERR016/16661/ERR16661340/ERR16661340.lite.1;worldwide;anonymous;gs://sra-pub-zq-102/ERR16661340/ERR16661340.lite.1;gs.us-east1;gcp identity;;10/02/2026;isabelle feinauer;public;GX0010;1940;brown bear;Europe;Sweden;GX0010;Ursus arctos;;http://ftp.sra.ebi.ac.uk/vol1/fastq/ERR166/040/ERR16661340/ERR16661340_1.fastq.gz;http://ftp.sra.ebi.ac.uk/vol1/fastq/ERR166/040/ERR16661340/ERR16661340_2.fastq.gz;;era-fasp@fasp.sra.ebi.ac.uk:vol1/fastq/ERR166/040/ERR16661340/ERR16661340_1.fastq.gz;era-fasp@fasp.sra.ebi.ac.uk:vol1/fastq/ERR166/040/ERR16661340/ERR16661340_2.fastq.gz;;;;;;;;;;;;;
ERR16661341;ERP161503;Scandinavian brown bear whole genomes;ERX16051809;Illumina NovaSeq 6000 paired end sequencing;Illumina NovaSeq 6000 paired end sequencing;9644;Ursus arctos;NA;WGS;GENOMIC;RANDOM;PAIRED;ERS28818197;;SAMEA121272832;PRJEB77023;Illumina NovaSeq 6000;Illumina NovaSeq 6000;ILLUMINA;28590127;1879799528;28590127;5775205654;ena-RUN-TAB-09-02-2026-07:55:32:758-10481;P28459_1001_S1_L003_R1_001.fastq.gz;1336451677;15/02/2026 09:30;fb69b4ba2bcaaf5b857bf84a2e6dd87f;1;fastq;Original;0;s3://sra-pub-src-14/ERR16661341/P28459_1001_S1_L003_R1_001.fastq.gz.1;-;Use Cloud Data Delivery;https://sra-pub-run-odp.s3.amazonaws.com/sra/ERR16661341/ERR16661341;https://sra-downloadb.be-md.ncbi.nlm.nih.gov/sos10/sra-pub-zq-1002/ERR016/16661/ERR16661341/ERR16661341.lite.1;worldwide;anonymous;gs://sra-pub-zq-105/ERR16661341/ERR16661341.lite.1;gs.us-east1;gcp identity;;10/02/2026;isabelle feinauer;public;GX0010;1940;brown bear;Europe;Sweden;GX0010;Ursus arctos;;http://ftp.sra.ebi.ac.uk/vol1/fastq/ERR166/041/ERR16661341/ERR16661341_1.fastq.gz;http://ftp.sra.ebi.ac.uk/vol1/fastq/ERR166/041/ERR16661341/ERR16661341_2.fastq.gz;;era-fasp@fasp.sra.ebi.ac.uk:vol1/fastq/ERR166/041/ERR16661341/ERR16661341_1.fastq.gz;era-fasp@fasp.sra.ebi.ac.uk:vol1/fastq/ERR166/041/ERR16661341/ERR16661341_2.fastq.gz;;;;;;;;;;;;;
ERR16661342;ERP161503;Scandinavian brown bear whole genomes;ERX16051810;Illumina NovaSeq 6000 paired end sequencing;Illumina NovaSeq 6000 paired end sequencing;9644;Ursus arctos;NA;WGS;GENOMIC;RANDOM;PAIRED;ERS28818197;;SAMEA121272832;PRJEB77023;Illumina NovaSeq 6000;Illumina NovaSeq 6000;ILLUMINA;28936405;1895106042;28936405;5845153810;ena-RUN-TAB-09-02-2026-07:55:32:758-10483;ERR16661342.lite;1516253394;14/02/2026 02:34;f5cfb207be95e44e7e81d634fe278b18;1;SRA Lite;Primary ETL;1;s3://sra-pub-zq-6/ERR16661342/ERR16661342.lite.1;s3.us-east-1;aws identity;https://sra-downloadb.be-md.ncbi.nlm.nih.gov/sos10/sra-pub-zq-1002/ERR016/16661/ERR16661342/ERR16661342.lite.1;https://sra-downloadb.be-md.ncbi.nlm.nih.gov/sos10/sra-pub-zq-1002/ERR016/16661/ERR16661342/ERR16661342.lite.1;worldwide;anonymous;gs://sra-pub-zq-102/ERR16661342/ERR16661342.lite.1;gs.us-east1;gcp identity;;10/02/2026;isabelle feinauer;public;GX0010;1940;brown bear;Europe;Sweden;GX0010;Ursus arctos;;http://ftp.sra.ebi.ac.uk/vol1/fastq/ERR166/042/ERR16661342/ERR16661342_1.fastq.gz;http://ftp.sra.ebi.ac.uk/vol1/fastq/ERR166/042/ERR16661342/ERR16661342_2.fastq.gz;;era-fasp@fasp.sra.ebi.ac.uk:vol1/fastq/ERR166/042/ERR16661342/ERR16661342_1.fastq.gz;era-fasp@fasp.sra.ebi.ac.uk:vol1/fastq/ERR166/042/ERR16661342/ERR16661342_2.fastq.gz;;;;;;;;;;;;;
ERR16661343;ERP161503;Scandinavian brown bear whole genomes;ERX16051811;Illumina NovaSeq 6000 paired end sequencing;Illumina NovaSeq 6000 paired end sequencing;9644;Ursus arctos;NA;WGS;GENOMIC;RANDOM;PAIRED;ERS28818197;;SAMEA121272832;PRJEB77023;Illumina NovaSeq 6000;Illumina NovaSeq 6000;ILLUMINA;24960452;1660552348;24960452;5042011304;ena-RUN-TAB-09-02-2026-07:55:32:759-10485;P28459_1002_S2_L001_R1_001.fastq.gz;1192120201;15/02/2026 02:35;bc02a2cf0814a10f683319839dbcb079;1;fastq;Original;0;s3://sra-pub-src-6/ERR16661343/P28459_1002_S2_L001_R1_001.fastq.gz.1;-;Use Cloud Data Delivery;https://sra-pub-run-odp.s3.amazonaws.com/sra/ERR16661343/ERR16661343;https://sra-downloadb.be-md.ncbi.nlm.nih.gov/sos10/sra-pub-zq-1002/ERR016/16661/ERR16661343/ERR16661343.lite.1;worldwide;anonymous;gs://sra-pub-zq-101/ERR16661343/ERR16661343.lite.1;gs.us-east1;gcp identity;;10/02/2026;isabelle feinauer;public;GX0010;1940;brown bear;Europe;Sweden;GX0010;Ursus arctos;;http://ftp.sra.ebi.ac.uk/vol1/fastq/ERR166/043/ERR16661343/ERR16661343_1.fastq.gz;http://ftp.sra.ebi.ac.uk/vol1/fastq/ERR166/043/ERR16661343/ERR16661343_2.fastq.gz;;era-fasp@fasp.sra.ebi.ac.uk:vol1/fastq/ERR166/043/ERR16661343/ERR16661343_1.fastq.gz;era-fasp@fasp.sra.ebi.ac.uk:vol1/fastq/ERR166/043/ERR16661343/ERR16661343_2.fastq.gz;;;;;;;;;;;;;
ERR16661344;ERP161503;Scandinavian brown bear whole genomes;ERX16051812;Illumina NovaSeq 6000 paired end sequencing;Illumina NovaSeq 6000 paired end sequencing;9644;Ursus arctos;NA;WGS;GENOMIC;RANDOM;PAIRED;ERS28818197;;SAMEA121272832;PRJEB77023;Illumina NovaSeq 6000;Illumina NovaSeq 6000;ILLUMINA;25222585;1670775032;25222585;5094962170;ena-RUN-TAB-09-02-2026-07:55:32:760-10487;ERR16661344.lite;1322490443;11/02/2026 19:11;2ec25c3618a851395d5176f5c93a55f0;1;SRA Lite;Primary ETL;1;s3://sra-pub-zq-8/ERR16661344/ERR16661344.lite.1;s3.us-east-1;aws identity;https://sra-downloadb.be-md.ncbi.nlm.nih.gov/sos10/sra-pub-zq-1002/ERR016/16661/ERR16661344/ERR16661344.lite.1;https://sra-downloadb.be-md.ncbi.nlm.nih.gov/sos10/sra-pub-zq-1002/ERR016/16661/ERR16661344/ERR16661344.lite.1;worldwide;anonymous;gs://sra-pub-zq-107/ERR16661344/ERR16661344.lite.1;gs.us-east1;gcp identity;;10/02/2026;isabelle feinauer;public;GX0010;1940;brown bear;Europe;Sweden;GX0010;Ursus arctos;;http://ftp.sra.ebi.ac.uk/vol1/fastq/ERR166/044/ERR16661344/ERR16661344_1.fastq.gz;http://ftp.sra.ebi.ac.uk/vol1/fastq/ERR166/044/ERR16661344/ERR16661344_2.fastq.gz;;era-fasp@fasp.sra.ebi.ac.uk:vol1/fastq/ERR166/044/ERR16661344/ERR16661344_1.fastq.gz;era-fasp@fasp.sra.ebi.ac.uk:vol1/fastq/ERR166/044/ERR16661344/ERR16661344_2.fastq.gz;;;;;;;;;;;;;
ERR16661345;ERP161503;Scandinavian brown bear whole genomes;ERX16051813;Illumina NovaSeq 6000 paired end sequencing;Illumina NovaSeq 6000 paired end sequencing;9644;Ursus arctos;NA;WGS;GENOMIC;RANDOM;PAIRED;ERS28818197;;SAMEA121272832;PRJEB77023;Illumina NovaSeq 6000;Illumina NovaSeq 6000;ILLUMINA;25018464;1660930974;25018464;5053729728;ena-RUN-TAB-09-02-2026-07:55:32:760-10489;ERR16661345.lite;1311696638;14/02/2026 02:34;cbaae2d4cf36b56d3484349154803aab;1;SRA Lite;Primary ETL;1;s3://sra-pub-zq-6/ERR16661345/ERR16661345.lite.1;s3.us-east-1;aws identity;https://sra-downloadb.be-md.ncbi.nlm.nih.gov/sos10/sra-pub-zq-1002/ERR016/16661/ERR16661345/ERR16661345.lite.1;https://sra-downloadb.be-md.ncbi.nlm.nih.gov/sos10/sra-pub-zq-1002/ERR016/16661/ERR16661345/ERR16661345.lite.1;worldwide;anonymous;gs://sra-pub-zq-102/ERR16661345/ERR16661345.lite.1;gs.us-east1;gcp identity;;10/02/2026;isabelle feinauer;public;GX0010;1940;brown bear;Europe;Sweden;GX0010;Ursus arctos;;http://ftp.sra.ebi.ac.uk/vol1/fastq/ERR166/045/ERR16661345/ERR16661345_1.fastq.gz;http://ftp.sra.ebi.ac.uk/vol1/fastq/ERR166/045/ERR16661345/ERR16661345_2.fastq.gz;;era-fasp@fasp.sra.ebi.ac.uk:vol1/fastq/ERR166/045/ERR16661345/ERR16661345_1.fastq.gz;era-fasp@fasp.sra.ebi.ac.uk:vol1/fastq/ERR166/045/ERR16661345/ERR16661345_2.fastq.gz;;;;;;;;;;;;;
ERR16661346;ERP161503;Scandinavian brown bear whole genomes;ERX16051814;Illumina NovaSeq 6000 paired end sequencing;Illumina NovaSeq 6000 paired end sequencing;9644;Ursus arctos;NA;WGS;GENOMIC;RANDOM;PAIRED;ERS28818197;;SAMEA121272832;PRJEB77023;Illumina NovaSeq 6000;Illumina NovaSeq 6000;ILLUMINA;25406636;1680454755;25406636;5132140472;ena-RUN-TAB-09-02-2026-07:55:32:761-10491;ERR16661346.lite;1332060788;14/02/2026 08:45;d1d0267bfe809fa570f515dbd0901f37;1;SRA Lite;Primary ETL;1;s3://sra-pub-zq-8/ERR16661346/ERR16661346.lite.1;s3.us-east-1;aws identity;https://sra-downloadb.be-md.ncbi.nlm.nih.gov/sos10/sra-pub-zq-1002/ERR016/16661/ERR16661346/ERR16661346.lite.1;https://sra-downloadb.be-md.ncbi.nlm.nih.gov/sos10/sra-pub-zq-1002/ERR016/16661/ERR16661346/ERR16661346.lite.1;worldwide;anonymous;gs://sra-pub-zq-102/ERR16661346/ERR16661346.lite.1;gs.us-east1;gcp identity;;10/02/2026;isabelle feinauer;public;GX0010;1940;brown bear;Europe;Sweden;GX0010;Ursus arctos;;http://ftp.sra.ebi.ac.uk/vol1/fastq/ERR166/046/ERR16661346/ERR16661346_1.fastq.gz;http://ftp.sra.ebi.ac.uk/vol1/fastq/ERR166/046/ERR16661346/ERR16661346_2.fastq.gz;;era-fasp@fasp.sra.ebi.ac.uk:vol1/fastq/ERR166/046/ERR16661346/ERR16661346_1.fastq.gz;era-fasp@fasp.sra.ebi.ac.uk:vol1/fastq/ERR166/046/ERR16661346/ERR16661346_2.fastq.gz;;;;;;;;;;;;;
ERR16661347;ERP161503;Scandinavian brown bear whole genomes;ERX16051815;Illumina NovaSeq 6000 paired end sequencing;Illumina NovaSeq 6000 paired end sequencing;9644;Ursus arctos;NA;WGS;GENOMIC;RANDOM;PAIRED;ERS28818197;;SAMEA121272832;PRJEB77023;Illumina NovaSeq 6000;Illumina NovaSeq 6000;ILLUMINA;32560094;2134663120;32560094;6577138988;ena-RUN-TAB-09-02-2026-07:55:32:761-10493;P28459_1003_S3_L001_R1_001.fastq.gz;1501283585;15/02/2026 03:11;2046b9567a57fb92f09ccab049323d1b;1;fastq;Original;0;s3://sra-pub-src-15/ERR16661347/P28459_1003_S3_L001_R1_001.fastq.gz.1;-;Use Cloud Data Delivery;https://sra-pub-run-odp.s3.amazonaws.com/sra/ERR16661347/ERR16661347;https://sra-downloadb.be-md.ncbi.nlm.nih.gov/sos10/sra-pub-zq-1002/ERR016/16661/ERR16661347/ERR16661347.lite.1;worldwide;anonymous;gs://sra-pub-zq-101/ERR16661347/ERR16661347.lite.1;gs.us-east1;gcp identity;;10/02/2026;isabelle feinauer;public;GX0010;1940;brown bear;Europe;Sweden;GX0010;Ursus arctos;;http://ftp.sra.ebi.ac.uk/vol1/fastq/ERR166/047/ERR16661347/ERR16661347_1.fastq.gz;http://ftp.sra.ebi.ac.uk/vol1/fastq/ERR166/047/ERR16661347/ERR16661347_2.fastq.gz;;era-fasp@fasp.sra.ebi.ac.uk:vol1/fastq/ERR166/047/ERR16661347/ERR16661347_1.fastq.gz;era-fasp@fasp.sra.ebi.ac.uk:vol1/fastq/ERR166/047/ERR16661347/ERR16661347_2.fastq.gz;;;;;;;;;;;;;
ERR16661348;ERP161503;Scandinavian brown bear whole genomes;ERX16051816;Illumina NovaSeq 6000 paired end sequencing;Illumina NovaSeq 6000 paired end sequencing;9644;Ursus arctos;NA;WGS;GENOMIC;RANDOM;PAIRED;ERS28818197;;SAMEA121272832;PRJEB77023;Illumina NovaSeq 6000;Illumina NovaSeq 6000;ILLUMINA;32835805;2141367792;32835805;6632832610;ena-RUN-TAB-09-02-2026-07:55:32:761-10495;P28459_1003_S3_L002_R1_001.fastq.gz;1506155847;14/02/2026 00:34;455c4a8a4c9438cb6a5a4451e19749fa;1;fastq;Original;0;s3://sra-pub-src-5/ERR16661348/P28459_1003_S3_L002_R1_001.fastq.gz.1;-;Use Cloud Data Delivery;https://sra-pub-run-odp.s3.amazonaws.com/sra/ERR16661348/ERR16661348;https://sra-downloadb.be-md.ncbi.nlm.nih.gov/sos10/sra-pub-zq-1002/ERR016/16661/ERR16661348/ERR16661348.lite.1;worldwide;anonymous;gs://sra-pub-zq-102/ERR16661348/ERR16661348.lite.1;gs.us-east1;gcp identity;;10/02/2026;isabelle feinauer;public;GX0010;1940;brown bear;Europe;Sweden;GX0010;Ursus arctos;;http://ftp.sra.ebi.ac.uk/vol1/fastq/ERR166/048/ERR16661348/ERR16661348_1.fastq.gz;http://ftp.sra.ebi.ac.uk/vol1/fastq/ERR166/048/ERR16661348/ERR16661348_2.fastq.gz;;era-fasp@fasp.sra.ebi.ac.uk:vol1/fastq/ERR166/048/ERR16661348/ERR16661348_1.fastq.gz;era-fasp@fasp.sra.ebi.ac.uk:vol1/fastq/ERR166/048/ERR16661348/ERR16661348_2.fastq.gz;;;;;;;;;;;;;
ERR16661349;ERP161503;Scandinavian brown bear whole genomes;ERX16051817;Illumina NovaSeq 6000 paired end sequencing;Illumina NovaSeq 6000 paired end sequencing;9644;Ursus arctos;NA;WGS;GENOMIC;RANDOM;PAIRED;ERS28818197;;SAMEA121272832;PRJEB77023;Illumina NovaSeq 6000;Illumina NovaSeq 6000;ILLUMINA;32586293;2131006226;32586293;6582431186;ena-RUN-TAB-09-02-2026-07:55:32:762-10497;ERR16661349.lite;1704824500;14/02/2026 02:35;1b2d70fc658aaa709f9157400f808ec4;1;SRA Lite;Primary ETL;1;s3://sra-pub-zq-6/ERR16661349/ERR16661349.lite.1;s3.us-east-1;aws identity;https://sra-downloadb.be-md.ncbi.nlm.nih.gov/sos10/sra-pub-zq-1002/ERR016/16661/ERR16661349/ERR16661349.lite.1;https://sra-downloadb.be-md.ncbi.nlm.nih.gov/sos10/sra-pub-zq-1002/ERR016/16661/ERR16661349/ERR16661349.lite.1;worldwide;anonymous;gs://sra-pub-zq-102/ERR16661349/ERR16661349.lite.1;gs.us-east1;gcp identity;;10/02/2026;isabelle feinauer;public;GX0010;1940;brown bear;Europe;Sweden;GX0010;Ursus arctos;;http://ftp.sra.ebi.ac.uk/vol1/fastq/ERR166/049/ERR16661349/ERR16661349_1.fastq.gz;http://ftp.sra.ebi.ac.uk/vol1/fastq/ERR166/049/ERR16661349/ERR16661349_2.fastq.gz;;era-fasp@fasp.sra.ebi.ac.uk:vol1/fastq/ERR166/049/ERR16661349/ERR16661349_1.fastq.gz;era-fasp@fasp.sra.ebi.ac.uk:vol1/fastq/ERR166/049/ERR16661349/ERR16661349_2.fastq.gz;;;;;;;;;;;;;
ERR16661350;ERP161503;Scandinavian brown bear whole genomes;ERX16051818;Illumina NovaSeq 6000 paired end sequencing;Illumina NovaSeq 6000 paired end sequencing;9644;Ursus arctos;NA;WGS;GENOMIC;RANDOM;PAIRED;ERS28818197;;SAMEA121272832;PRJEB77023;Illumina NovaSeq 6000;Illumina NovaSeq 6000;ILLUMINA;33086746;2154292692;33086746;6683522692;ena-RUN-TAB-09-02-2026-07:55:32:762-10499;P28459_1003_S3_L004_R1_001.fastq.gz;1515911899;14/02/2026 00:31;2e7979e39929227c369737ffe0d2499b;1;fastq;Original;0;s3://sra-pub-src-5/ERR16661350/P28459_1003_S3_L004_R1_001.fastq.gz.1;-;Use Cloud Data Delivery;https://sra-pub-run-odp.s3.amazonaws.com/sra/ERR16661350/ERR16661350;https://sra-downloadb.be-md.ncbi.nlm.nih.gov/sos10/sra-pub-zq-1002/ERR016/16661/ERR16661350/ERR16661350.lite.1;worldwide;anonymous;gs://sra-pub-zq-102/ERR16661350/ERR16661350.lite.1;gs.us-east1;gcp identity;;10/02/2026;isabelle feinauer;public;GX0010;1940;brown bear;Europe;Sweden;GX0010;Ursus arctos;;http://ftp.sra.ebi.ac.uk/vol1/fastq/ERR166/050/ERR16661350/ERR16661350_1.fastq.gz;http://ftp.sra.ebi.ac.uk/vol1/fastq/ERR166/050/ERR16661350/ERR16661350_2.fastq.gz;;era-fasp@fasp.sra.ebi.ac.uk:vol1/fastq/ERR166/050/ERR16661350/ERR16661350_1.fastq.gz;era-fasp@fasp.sra.ebi.ac.uk:vol1/fastq/ERR166/050/ERR16661350/ERR16661350_2.fastq.gz;;;;;;;;;;;;;
ERR16661351;ERP161503;Scandinavian brown bear whole genomes;ERX16051819;Illumina NovaSeq 6000 paired end sequencing;Illumina NovaSeq 6000 paired end sequencing;9644;Ursus arctos;NA;WGS;GENOMIC;RANDOM;PAIRED;ERS28818197;;SAMEA121272832;PRJEB77023;Illumina NovaSeq 6000;Illumina NovaSeq 6000;ILLUMINA;27718932;1793965727;27718932;5599224264;ena-RUN-TAB-09-02-2026-07:55:32:762-10501;P28459_1004_S4_L001_R1_001.fastq.gz;1291573111;15/02/2026 09:48;653761b4ae1e072f3e3f2c1a220dd367;1;fastq;Original;0;s3://sra-pub-src-16/ERR16661351/P28459_1004_S4_L001_R1_001.fastq.gz.1;-;Use Cloud Data Delivery;https://sra-pub-run-odp.s3.amazonaws.com/sra/ERR16661351/ERR16661351;https://sra-downloadb.be-md.ncbi.nlm.nih.gov/sos10/sra-pub-zq-1002/ERR016/16661/ERR16661351/ERR16661351.lite.1;worldwide;anonymous;gs://sra-pub-zq-105/ERR16661351/ERR16661351.lite.1;gs.us-east1;gcp identity;;10/02/2026;isabelle feinauer;public;GX0010;1940;brown bear;Europe;Sweden;GX0010;Ursus arctos;;http://ftp.sra.ebi.ac.uk/vol1/fastq/ERR166/051/ERR16661351/ERR16661351_1.fastq.gz;http://ftp.sra.ebi.ac.uk/vol1/fastq/ERR166/051/ERR16661351/ERR16661351_2.fastq.gz;;era-fasp@fasp.sra.ebi.ac.uk:vol1/fastq/ERR166/051/ERR16661351/ERR16661351_1.fastq.gz;era-fasp@fasp.sra.ebi.ac.uk:vol1/fastq/ERR166/051/ERR16661351/ERR16661351_2.fastq.gz;;;;;;;;;;;;;
ERR16661352;ERP161503;Scandinavian brown bear whole genomes;ERX16051820;Illumina NovaSeq 6000 paired end sequencing;Illumina NovaSeq 6000 paired end sequencing;9644;Ursus arctos;NA;WGS;GENOMIC;RANDOM;PAIRED;ERS28818197;;SAMEA121272832;PRJEB77023;Illumina NovaSeq 6000;Illumina NovaSeq 6000;ILLUMINA;27938398;1799609285;27938398;5643556396;ena-RUN-TAB-09-02-2026-07:55:32:763-10503;P28459_1004_S4_L002_R1_001.fastq.gz;1296158463;15/02/2026 09:45;b9f76bedab2b696325dcac8004cf1a6f;1;fastq;Original;0;s3://sra-pub-src-14/ERR16661352/P28459_1004_S4_L002_R1_001.fastq.gz.1;-;Use Cloud Data Delivery;https://sra-pub-run-odp.s3.amazonaws.com/sra/ERR16661352/ERR16661352;https://sra-downloadb.be-md.ncbi.nlm.nih.gov/sos10/sra-pub-zq-1002/ERR016/16661/ERR16661352/ERR16661352.lite.1;worldwide;anonymous;gs://sra-pub-zq-105/ERR16661352/ERR16661352.lite.1;gs.us-east1;gcp identity;;10/02/2026;isabelle feinauer;public;GX0010;1940;brown bear;Europe;Sweden;GX0010;Ursus arctos;;http://ftp.sra.ebi.ac.uk/vol1/fastq/ERR166/052/ERR16661352/ERR16661352_1.fastq.gz;http://ftp.sra.ebi.ac.uk/vol1/fastq/ERR166/052/ERR16661352/ERR16661352_2.fastq.gz;;era-fasp@fasp.sra.ebi.ac.uk:vol1/fastq/ERR166/052/ERR16661352/ERR16661352_1.fastq.gz;era-fasp@fasp.sra.ebi.ac.uk:vol1/fastq/ERR166/052/ERR16661352/ERR16661352_2.fastq.gz;;;;;;;;;;;;;
ERR16661353;ERP161503;Scandinavian brown bear whole genomes;ERX16051821;Illumina NovaSeq 6000 paired end sequencing;Illumina NovaSeq 6000 paired end sequencing;9644;Ursus arctos;NA;WGS;GENOMIC;RANDOM;PAIRED;ERS28818197;;SAMEA121272832;PRJEB77023;Illumina NovaSeq 6000;Illumina NovaSeq 6000;ILLUMINA;27705040;1788588086;27705040;5596418080;ena-RUN-TAB-09-02-2026-07:55:32:763-10505;P28459_1004_S4_L003_R1_001.fastq.gz;1291823559;14/02/2026 00:38;5b8e2352594ab6fe0865da028843a145;1;fastq;Original;0;s3://sra-pub-src-5/ERR16661353/P28459_1004_S4_L003_R1_001.fastq.gz.1;-;Use Cloud Data Delivery;https://sra-pub-run-odp.s3.amazonaws.com/sra/ERR16661353/ERR16661353;https://sra-downloadb.be-md.ncbi.nlm.nih.gov/sos10/sra-pub-zq-1002/ERR016/16661/ERR16661353/ERR16661353.lite.1;worldwide;anonymous;gs://sra-pub-zq-102/ERR16661353/ERR16661353.lite.1;gs.us-east1;gcp identity;;10/02/2026;isabelle feinauer;public;GX0010;1940;brown bear;Europe;Sweden;GX0010;Ursus arctos;;http://ftp.sra.ebi.ac.uk/vol1/fastq/ERR166/053/ERR16661353/ERR16661353_1.fastq.gz;http://ftp.sra.ebi.ac.uk/vol1/fastq/ERR166/053/ERR16661353/ERR16661353_2.fastq.gz;;era-fasp@fasp.sra.ebi.ac.uk:vol1/fastq/ERR166/053/ERR16661353/ERR16661353_1.fastq.gz;era-fasp@fasp.sra.ebi.ac.uk:vol1/fastq/ERR166/053/ERR16661353/ERR16661353_2.fastq.gz;;;;;;;;;;;;;
ERR16661354;ERP161503;Scandinavian brown bear whole genomes;ERX16051822;Illumina NovaSeq 6000 paired end sequencing;Illumina NovaSeq 6000 paired end sequencing;9644;Ursus arctos;NA;WGS;GENOMIC;RANDOM;PAIRED;ERS28818197;;SAMEA121272832;PRJEB77023;Illumina NovaSeq 6000;Illumina NovaSeq 6000;ILLUMINA;28063296;1805429494;28063296;5668785792;ena-RUN-TAB-09-02-2026-07:55:32:764-10507;ERR16661354.lite;1472458582;14/02/2026 02:35;3af4d372fa0934f1c839bfada688e065;1;SRA Lite;Primary ETL;1;s3://sra-pub-zq-6/ERR16661354/ERR16661354.lite.1;s3.us-east-1;aws identity;https://sra-downloadb.be-md.ncbi.nlm.nih.gov/sos10/sra-pub-zq-1002/ERR016/16661/ERR16661354/ERR16661354.lite.1;https://sra-downloadb.be-md.ncbi.nlm.nih.gov/sos10/sra-pub-zq-1002/ERR016/16661/ERR16661354/ERR16661354.lite.1;worldwide;anonymous;gs://sra-pub-zq-102/ERR16661354/ERR16661354.lite.1;gs.us-east1;gcp identity;;10/02/2026;isabelle feinauer;public;GX0010;1940;brown bear;Europe;Sweden;GX0010;Ursus arctos;;http://ftp.sra.ebi.ac.uk/vol1/fastq/ERR166/054/ERR16661354/ERR16661354_1.fastq.gz;http://ftp.sra.ebi.ac.uk/vol1/fastq/ERR166/054/ERR16661354/ERR16661354_2.fastq.gz;;era-fasp@fasp.sra.ebi.ac.uk:vol1/fastq/ERR166/054/ERR16661354/ERR16661354_1.fastq.gz;era-fasp@fasp.sra.ebi.ac.uk:vol1/fastq/ERR166/054/ERR16661354/ERR16661354_2.fastq.gz;;;;;;;;;;;;;
ERR16661355;ERP161503;Scandinavian brown bear whole genomes;ERX16051823;Illumina NovaSeq 6000 paired end sequencing;Illumina NovaSeq 6000 paired end sequencing;9644;Ursus arctos;NA;WGS;GENOMIC;RANDOM;PAIRED;ERS28818197;;SAMEA121272832;PRJEB77023;Illumina NovaSeq 6000;Illumina NovaSeq 6000;ILLUMINA;29222750;1937604065;29222750;5902995500;ena-RUN-TAB-09-02-2026-07:55:32:764-10509;P28459_1005_S5_L001_R1_001.fastq.gz;1399478609;14/02/2026 00:35;dfa1c0f8dae061681dc1527e83a435d4;1;fastq;Original;0;s3://sra-pub-src-5/ERR16661355/P28459_1005_S5_L001_R1_001.fastq.gz.1;-;Use Cloud Data Delivery;https://sra-pub-run-odp.s3.amazonaws.com/sra/ERR16661355/ERR16661355;https://sra-downloadb.be-md.ncbi.nlm.nih.gov/sos10/sra-pub-zq-1002/ERR016/16661/ERR16661355/ERR16661355.lite.1;worldwide;anonymous;gs://sra-pub-zq-102/ERR16661355/ERR16661355.lite.1;gs.us-east1;gcp identity;;10/02/2026;isabelle feinauer;public;GX0010;1940;brown bear;Europe;Sweden;GX0010;Ursus arctos;;http://ftp.sra.ebi.ac.uk/vol1/fastq/ERR166/055/ERR16661355/ERR16661355_1.fastq.gz;http://ftp.sra.ebi.ac.uk/vol1/fastq/ERR166/055/ERR16661355/ERR16661355_2.fastq.gz;;era-fasp@fasp.sra.ebi.ac.uk:vol1/fastq/ERR166/055/ERR16661355/ERR16661355_1.fastq.gz;era-fasp@fasp.sra.ebi.ac.uk:vol1/fastq/ERR166/055/ERR16661355/ERR16661355_2.fastq.gz;;;;;;;;;;;;;
ERR16661356;ERP161503;Scandinavian brown bear whole genomes;ERX16051824;Illumina NovaSeq 6000 paired end sequencing;Illumina NovaSeq 6000 paired end sequencing;9644;Ursus arctos;NA;WGS;GENOMIC;RANDOM;PAIRED;ERS28818197;;SAMEA121272832;PRJEB77023;Illumina NovaSeq 6000;Illumina NovaSeq 6000;ILLUMINA;29402126;1940597908;29402126;5939229452;ena-RUN-TAB-09-02-2026-07:55:32:765-10511;ERR16661356.lite;1539716139;15/02/2026 10:40;96136ab58436e0f8714814337c6144cf;1;SRA Lite;Primary ETL;1;s3://sra-pub-zq-9/ERR16661356/ERR16661356.lite.1;s3.us-east-1;aws identity;https://sra-downloadb.be-md.ncbi.nlm.nih.gov/sos10/sra-pub-zq-1002/ERR016/16661/ERR16661356/ERR16661356.lite.1;https://sra-downloadb.be-md.ncbi.nlm.nih.gov/sos10/sra-pub-zq-1002/ERR016/16661/ERR16661356/ERR16661356.lite.1;worldwide;anonymous;gs://sra-pub-zq-105/ERR16661356/ERR16661356.lite.1;gs.us-east1;gcp identity;;10/02/2026;isabelle feinauer;public;GX0010;1940;brown bear;Europe;Sweden;GX0010;Ursus arctos;;http://ftp.sra.ebi.ac.uk/vol1/fastq/ERR166/056/ERR16661356/ERR16661356_1.fastq.gz;http://ftp.sra.ebi.ac.uk/vol1/fastq/ERR166/056/ERR16661356/ERR16661356_2.fastq.gz;;era-fasp@fasp.sra.ebi.ac.uk:vol1/fastq/ERR166/056/ERR16661356/ERR16661356_1.fastq.gz;era-fasp@fasp.sra.ebi.ac.uk:vol1/fastq/ERR166/056/ERR16661356/ERR16661356_2.fastq.gz;;;;;;;;;;;;;
ERR16661357;ERP161503;Scandinavian brown bear whole genomes;ERX16051825;Illumina NovaSeq 6000 paired end sequencing;Illumina NovaSeq 6000 paired end sequencing;9644;Ursus arctos;NA;WGS;GENOMIC;RANDOM;PAIRED;ERS28818197;;SAMEA121272832;PRJEB77023;Illumina NovaSeq 6000;Illumina NovaSeq 6000;ILLUMINA;29277611;1936432246;29277611;5914077422;ena-RUN-TAB-09-02-2026-07:55:32:765-10513;ERR16661357.lite;1533152309;14/02/2026 00:31;fa75c76cc4769229347da4ab6136509c;1;SRA Lite;Primary ETL;1;s3://sra-pub-zq-6/ERR16661357/ERR16661357.lite.1;s3.us-east-1;aws identity;https://sra-downloadb.be-md.ncbi.nlm.nih.gov/sos10/sra-pub-zq-1002/ERR016/16661/ERR16661357/ERR16661357.lite.1;https://sra-downloadb.be-md.ncbi.nlm.nih.gov/sos10/sra-pub-zq-1002/ERR016/16661/ERR16661357/ERR16661357.lite.1;worldwide;anonymous;gs://sra-pub-zq-108/ERR16661357/ERR16661357.lite.1;gs.us-east1;gcp identity;;10/02/2026;isabelle feinauer;public;GX0010;1940;brown bear;Europe;Sweden;GX0010;Ursus arctos;;http://ftp.sra.ebi.ac.uk/vol1/fastq/ERR166/057/ERR16661357/ERR16661357_1.fastq.gz;http://ftp.sra.ebi.ac.uk/vol1/fastq/ERR166/057/ERR16661357/ERR16661357_2.fastq.gz;;era-fasp@fasp.sra.ebi.ac.uk:vol1/fastq/ERR166/057/ERR16661357/ERR16661357_1.fastq.gz;era-fasp@fasp.sra.ebi.ac.uk:vol1/fastq/ERR166/057/ERR16661357/ERR16661357_2.fastq.gz;;;;;;;;;;;;;
ERR16661358;ERP161503;Scandinavian brown bear whole genomes;ERX16051826;Illumina NovaSeq 6000 paired end sequencing;Illumina NovaSeq 6000 paired end sequencing;9644;Ursus arctos;NA;WGS;GENOMIC;RANDOM;PAIRED;ERS28818197;;SAMEA121272832;PRJEB77023;Illumina NovaSeq 6000;Illumina NovaSeq 6000;ILLUMINA;29734993;1959635767;29734993;6006468586;ena-RUN-TAB-09-02-2026-07:55:32:765-10515;ERR16661358.lite;1556995936;15/02/2026 10:42;0a3c8eefcf59b867b4f4eab2faa401c6;1;SRA Lite;Primary ETL;1;s3://sra-pub-zq-9/ERR16661358/ERR16661358.lite.1;s3.us-east-1;aws identity;https://sra-downloadb.be-md.ncbi.nlm.nih.gov/sos10/sra-pub-zq-1002/ERR016/16661/ERR16661358/ERR16661358.lite.1;https://sra-downloadb.be-md.ncbi.nlm.nih.gov/sos10/sra-pub-zq-1002/ERR016/16661/ERR16661358/ERR16661358.lite.1;worldwide;anonymous;gs://sra-pub-zq-105/ERR16661358/ERR16661358.lite.1;gs.us-east1;gcp identity;;10/02/2026;isabelle feinauer;public;GX0010;1940;brown bear;Europe;Sweden;GX0010;Ursus arctos;;http://ftp.sra.ebi.ac.uk/vol1/fastq/ERR166/058/ERR16661358/ERR16661358_1.fastq.gz;http://ftp.sra.ebi.ac.uk/vol1/fastq/ERR166/058/ERR16661358/ERR16661358_2.fastq.gz;;era-fasp@fasp.sra.ebi.ac.uk:vol1/fastq/ERR166/058/ERR16661358/ERR16661358_1.fastq.gz;era-fasp@fasp.sra.ebi.ac.uk:vol1/fastq/ERR166/058/ERR16661358/ERR16661358_2.fastq.gz;;;;;;;;;;;;;
ERR16661359;ERP161503;Scandinavian brown bear whole genomes;ERX16051827;Illumina NovaSeq 6000 paired end sequencing;Illumina NovaSeq 6000 paired end sequencing;9644;Ursus arctos;NA;WGS;GENOMIC;RANDOM;PAIRED;ERS28818197;;SAMEA121272832;PRJEB77023;Illumina NovaSeq 6000;Illumina NovaSeq 6000;ILLUMINA;25731756;1699627252;25731756;5197814712;ena-RUN-TAB-09-02-2026-07:55:32:766-10517;ERR16661359.lite;1348018972;14/02/2026 00:30;ade39eb2591c77130c43afec684f85cf;1;SRA Lite;Primary ETL;1;s3://sra-pub-zq-6/ERR16661359/ERR16661359.lite.1;s3.us-east-1;aws identity;https://sra-downloadb.be-md.ncbi.nlm.nih.gov/sos10/sra-pub-zq-1002/ERR016/16661/ERR16661359/ERR16661359.lite.1;https://sra-downloadb.be-md.ncbi.nlm.nih.gov/sos10/sra-pub-zq-1002/ERR016/16661/ERR16661359/ERR16661359.lite.1;worldwide;anonymous;gs://sra-pub-zq-108/ERR16661359/ERR16661359.lite.1;gs.us-east1;gcp identity;;10/02/2026;isabelle feinauer;public;GX0010;1940;brown bear;Europe;Sweden;GX0010;Ursus arctos;;http://ftp.sra.ebi.ac.uk/vol1/fastq/ERR166/059/ERR16661359/ERR16661359_1.fastq.gz;http://ftp.sra.ebi.ac.uk/vol1/fastq/ERR166/059/ERR16661359/ERR16661359_2.fastq.gz;;era-fasp@fasp.sra.ebi.ac.uk:vol1/fastq/ERR166/059/ERR16661359/ERR16661359_1.fastq.gz;era-fasp@fasp.sra.ebi.ac.uk:vol1/fastq/ERR166/059/ERR16661359/ERR16661359_2.fastq.gz;;;;;;;;;;;;;
ERR16661360;ERP161503;Scandinavian brown bear whole genomes;ERX16051828;Illumina NovaSeq 6000 paired end sequencing;Illumina NovaSeq 6000 paired end sequencing;9644;Ursus arctos;NA;WGS;GENOMIC;RANDOM;PAIRED;ERS28818197;;SAMEA121272832;PRJEB77023;Illumina NovaSeq 6000;Illumina NovaSeq 6000;ILLUMINA;25905859;1703016912;25905859;5232983518;ena-RUN-TAB-09-02-2026-07:55:32:766-10519;ERR16661360.lite;1357084992;14/02/2026 00:31;cf384419b3416562dbea687324b9d7eb;1;SRA Lite;Primary ETL;1;s3://sra-pub-zq-6/ERR16661360/ERR16661360.lite.1;s3.us-east-1;aws identity;https://sra-downloadb.be-md.ncbi.nlm.nih.gov/sos10/sra-pub-zq-1002/ERR016/16661/ERR16661360/ERR16661360.lite.1;https://sra-downloadb.be-md.ncbi.nlm.nih.gov/sos10/sra-pub-zq-1002/ERR016/16661/ERR16661360/ERR16661360.lite.1;worldwide;anonymous;gs://sra-pub-zq-108/ERR16661360/ERR16661360.lite.1;gs.us-east1;gcp identity;;10/02/2026;isabelle feinauer;public;GX0010;1940;brown bear;Europe;Sweden;GX0010;Ursus arctos;;http://ftp.sra.ebi.ac.uk/vol1/fastq/ERR166/060/ERR16661360/ERR16661360_1.fastq.gz;http://ftp.sra.ebi.ac.uk/vol1/fastq/ERR166/060/ERR16661360/ERR16661360_2.fastq.gz;;era-fasp@fasp.sra.ebi.ac.uk:vol1/fastq/ERR166/060/ERR16661360/ERR16661360_1.fastq.gz;era-fasp@fasp.sra.ebi.ac.uk:vol1/fastq/ERR166/060/ERR16661360/ERR16661360_2.fastq.gz;;;;;;;;;;;;;
ERR16661361;ERP161503;Scandinavian brown bear whole genomes;ERX16051829;Illumina NovaSeq 6000 paired end sequencing;Illumina NovaSeq 6000 paired end sequencing;9644;Ursus arctos;NA;WGS;GENOMIC;RANDOM;PAIRED;ERS28818197;;SAMEA121272832;PRJEB77023;Illumina NovaSeq 6000;Illumina NovaSeq 6000;ILLUMINA;25711039;1694068914;25711039;5193629878;ena-RUN-TAB-09-02-2026-07:55:32:766-10521;ERR16661361.lite;1346891131;14/02/2026 00:31;c9ce67640df809d6fa7a89bd60a24eec;1;SRA Lite;Primary ETL;1;s3://sra-pub-zq-6/ERR16661361/ERR16661361.lite.1;s3.us-east-1;aws identity;https://sra-downloadb.be-md.ncbi.nlm.nih.gov/sos10/sra-pub-zq-1002/ERR016/16661/ERR16661361/ERR16661361.lite.1;https://sra-downloadb.be-md.ncbi.nlm.nih.gov/sos10/sra-pub-zq-1002/ERR016/16661/ERR16661361/ERR16661361.lite.1;worldwide;anonymous;gs://sra-pub-zq-108/ERR16661361/ERR16661361.lite.1;gs.us-east1;gcp identity;;10/02/2026;isabelle feinauer;public;GX0010;1940;brown bear;Europe;Sweden;GX0010;Ursus arctos;;http://ftp.sra.ebi.ac.uk/vol1/fastq/ERR166/061/ERR16661361/ERR16661361_1.fastq.gz;http://ftp.sra.ebi.ac.uk/vol1/fastq/ERR166/061/ERR16661361/ERR16661361_2.fastq.gz;;era-fasp@fasp.sra.ebi.ac.uk:vol1/fastq/ERR166/061/ERR16661361/ERR16661361_1.fastq.gz;era-fasp@fasp.sra.ebi.ac.uk:vol1/fastq/ERR166/061/ERR16661361/ERR16661361_2.fastq.gz;;;;;;;;;;;;;
ERR16661362;ERP161503;Scandinavian brown bear whole genomes;ERX16051830;Illumina NovaSeq 6000 paired end sequencing;Illumina NovaSeq 6000 paired end sequencing;9644;Ursus arctos;NA;WGS;GENOMIC;RANDOM;PAIRED;ERS28818197;;SAMEA121272832;PRJEB77023;Illumina NovaSeq 6000;Illumina NovaSeq 6000;ILLUMINA;26020482;1708049920;26020482;5256137364;ena-RUN-TAB-09-02-2026-07:55:32:767-10523;ERR16661362.lite;1363083758;15/02/2026 10:42;972413fe43188268a538d9bfdd4410cf;1;SRA Lite;Primary ETL;1;s3://sra-pub-zq-9/ERR16661362/ERR16661362.lite.1;s3.us-east-1;aws identity;https://sra-downloadb.be-md.ncbi.nlm.nih.gov/sos10/sra-pub-zq-1002/ERR016/16661/ERR16661362/ERR16661362.lite.1;https://sra-downloadb.be-md.ncbi.nlm.nih.gov/sos10/sra-pub-zq-1002/ERR016/16661/ERR16661362/ERR16661362.lite.1;worldwide;anonymous;gs://sra-pub-zq-105/ERR16661362/ERR16661362.lite.1;gs.us-east1;gcp identity;;10/02/2026;isabelle feinauer;public;GX0010;1940;brown bear;Europe;Sweden;GX0010;Ursus arctos;;http://ftp.sra.ebi.ac.uk/vol1/fastq/ERR166/062/ERR16661362/ERR16661362_1.fastq.gz;http://ftp.sra.ebi.ac.uk/vol1/fastq/ERR166/062/ERR16661362/ERR16661362_2.fastq.gz;;era-fasp@fasp.sra.ebi.ac.uk:vol1/fastq/ERR166/062/ERR16661362/ERR16661362_1.fastq.gz;era-fasp@fasp.sra.ebi.ac.uk:vol1/fastq/ERR166/062/ERR16661362/ERR16661362_2.fastq.gz;;;;;;;;;;;;;
ERR16661363;ERP161503;Scandinavian brown bear whole genomes;ERX16051831;Illumina NovaSeq 6000 paired end sequencing;Illumina NovaSeq 6000 paired end sequencing;9644;Ursus arctos;NA;WGS;GENOMIC;RANDOM;PAIRED;ERS28818197;;SAMEA121272832;PRJEB77023;Illumina NovaSeq 6000;Illumina NovaSeq 6000;ILLUMINA;25573226;1673800531;25573226;5165791652;ena-RUN-TAB-09-02-2026-07:55:32:767-10525;ERR16661363.lite;1339675681;14/02/2026 00:31;9a2f29b674f6a08f3d01f716545304e9;1;SRA Lite;Primary ETL;1;s3://sra-pub-zq-6/ERR16661363/ERR16661363.lite.1;s3.us-east-1;aws identity;https://sra-downloadb.be-md.ncbi.nlm.nih.gov/sos10/sra-pub-zq-1002/ERR016/16661/ERR16661363/ERR16661363.lite.1;https://sra-downloadb.be-md.ncbi.nlm.nih.gov/sos10/sra-pub-zq-1002/ERR016/16661/ERR16661363/ERR16661363.lite.1;worldwide;anonymous;gs://sra-pub-zq-108/ERR16661363/ERR16661363.lite.1;gs.us-east1;gcp identity;;10/02/2026;isabelle feinauer;public;GX0010;1940;brown bear;Europe;Sweden;GX0010;Ursus arctos;;http://ftp.sra.ebi.ac.uk/vol1/fastq/ERR166/063/ERR16661363/ERR16661363_1.fastq.gz;http://ftp.sra.ebi.ac.uk/vol1/fastq/ERR166/063/ERR16661363/ERR16661363_2.fastq.gz;;era-fasp@fasp.sra.ebi.ac.uk:vol1/fastq/ERR166/063/ERR16661363/ERR16661363_1.fastq.gz;era-fasp@fasp.sra.ebi.ac.uk:vol1/fastq/ERR166/063/ERR16661363/ERR16661363_2.fastq.gz;;;;;;;;;;;;;
ERR16661364;ERP161503;Scandinavian brown bear whole genomes;ERX16051832;Illumina NovaSeq 6000 paired end sequencing;Illumina NovaSeq 6000 paired end sequencing;9644;Ursus arctos;NA;WGS;GENOMIC;RANDOM;PAIRED;ERS28818197;;SAMEA121272832;PRJEB77023;Illumina NovaSeq 6000;Illumina NovaSeq 6000;ILLUMINA;25806175;1680442265;25806175;5212847350;ena-RUN-TAB-09-02-2026-07:55:32:767-10527;ERR16661364.lite;1351841094;15/02/2026 10:42;91ee60e42b417dc2a0a79d5d5747e451;1;SRA Lite;Primary ETL;1;s3://sra-pub-zq-9/ERR16661364/ERR16661364.lite.1;s3.us-east-1;aws identity;https://sra-downloadb.be-md.ncbi.nlm.nih.gov/sos10/sra-pub-zq-1002/ERR016/16661/ERR16661364/ERR16661364.lite.1;https://sra-downloadb.be-md.ncbi.nlm.nih.gov/sos10/sra-pub-zq-1002/ERR016/16661/ERR16661364/ERR16661364.lite.1;worldwide;anonymous;gs://sra-pub-zq-105/ERR16661364/ERR16661364.lite.1;gs.us-east1;gcp identity;;10/02/2026;isabelle feinauer;public;GX0010;1940;brown bear;Europe;Sweden;GX0010;Ursus arctos;;http://ftp.sra.ebi.ac.uk/vol1/fastq/ERR166/064/ERR16661364/ERR16661364_1.fastq.gz;http://ftp.sra.ebi.ac.uk/vol1/fastq/ERR166/064/ERR16661364/ERR16661364_2.fastq.gz;;era-fasp@fasp.sra.ebi.ac.uk:vol1/fastq/ERR166/064/ERR16661364/ERR16661364_1.fastq.gz;era-fasp@fasp.sra.ebi.ac.uk:vol1/fastq/ERR166/064/ERR16661364/ERR16661364_2.fastq.gz;;;;;;;;;;;;;
ERR16661365;ERP161503;Scandinavian brown bear whole genomes;ERX16051833;Illumina NovaSeq 6000 paired end sequencing;Illumina NovaSeq 6000 paired end sequencing;9644;Ursus arctos;NA;WGS;GENOMIC;RANDOM;PAIRED;ERS28818197;;SAMEA121272832;PRJEB77023;Illumina NovaSeq 6000;Illumina NovaSeq 6000;ILLUMINA;25522053;1666464237;25522053;5155454706;ena-RUN-TAB-09-02-2026-07:55:32:768-10529;ERR16661365.lite;1337012343;15/02/2026 10:42;6046f01195a172a79250b9c2ea059d31;1;SRA Lite;Primary ETL;1;s3://sra-pub-zq-9/ERR16661365/ERR16661365.lite.1;s3.us-east-1;aws identity;https://sra-downloadb.be-md.ncbi.nlm.nih.gov/sos10/sra-pub-zq-1002/ERR016/16661/ERR16661365/ERR16661365.lite.1;https://sra-downloadb.be-md.ncbi.nlm.nih.gov/sos10/sra-pub-zq-1002/ERR016/16661/ERR16661365/ERR16661365.lite.1;worldwide;anonymous;gs://sra-pub-zq-105/ERR16661365/ERR16661365.lite.1;gs.us-east1;gcp identity;;10/02/2026;isabelle feinauer;public;GX0010;1940;brown bear;Europe;Sweden;GX0010;Ursus arctos;;http://ftp.sra.ebi.ac.uk/vol1/fastq/ERR166/065/ERR16661365/ERR16661365_1.fastq.gz;http://ftp.sra.ebi.ac.uk/vol1/fastq/ERR166/065/ERR16661365/ERR16661365_2.fastq.gz;;era-fasp@fasp.sra.ebi.ac.uk:vol1/fastq/ERR166/065/ERR16661365/ERR16661365_1.fastq.gz;era-fasp@fasp.sra.ebi.ac.uk:vol1/fastq/ERR166/065/ERR16661365/ERR16661365_2.fastq.gz;;;;;;;;;;;;;
ERR16661366;ERP161503;Scandinavian brown bear whole genomes;ERX16051834;Illumina NovaSeq 6000 paired end sequencing;Illumina NovaSeq 6000 paired end sequencing;9644;Ursus arctos;NA;WGS;GENOMIC;RANDOM;PAIRED;ERS28818197;;SAMEA121272832;PRJEB77023;Illumina NovaSeq 6000;Illumina NovaSeq 6000;ILLUMINA;25829855;1679332346;25829855;5217630710;ena-RUN-TAB-09-02-2026-07:55:32:768-10531;ERR16661366.lite;1353108226;15/02/2026 10:40;bb2aedd58a652443e95f9ae2a23ea931;1;SRA Lite;Primary ETL;1;s3://sra-pub-zq-9/ERR16661366/ERR16661366.lite.1;s3.us-east-1;aws identity;https://sra-downloadb.be-md.ncbi.nlm.nih.gov/sos10/sra-pub-zq-1002/ERR016/16661/ERR16661366/ERR16661366.lite.1;https://sra-downloadb.be-md.ncbi.nlm.nih.gov/sos10/sra-pub-zq-1002/ERR016/16661/ERR16661366/ERR16661366.lite.1;worldwide;anonymous;gs://sra-pub-zq-105/ERR16661366/ERR16661366.lite.1;gs.us-east1;gcp identity;;10/02/2026;isabelle feinauer;public;GX0010;1940;brown bear;Europe;Sweden;GX0010;Ursus arctos;;http://ftp.sra.ebi.ac.uk/vol1/fastq/ERR166/066/ERR16661366/ERR16661366_1.fastq.gz;http://ftp.sra.ebi.ac.uk/vol1/fastq/ERR166/066/ERR16661366/ERR16661366_2.fastq.gz;;era-fasp@fasp.sra.ebi.ac.uk:vol1/fastq/ERR166/066/ERR16661366/ERR16661366_1.fastq.gz;era-fasp@fasp.sra.ebi.ac.uk:vol1/fastq/ERR166/066/ERR16661366/ERR16661366_2.fastq.gz;;;;;;;;;;;;;
ERR16661367;ERP161503;Scandinavian brown bear whole genomes;ERX16051835;Illumina NovaSeq 6000 paired end sequencing;Illumina NovaSeq 6000 paired end sequencing;9644;Ursus arctos;NA;WGS;GENOMIC;RANDOM;PAIRED;ERS28818198;;SAMEA121272833;PRJEB77023;Illumina NovaSeq 6000;Illumina NovaSeq 6000;ILLUMINA;8331545;883260844;8331545;2516126590;ena-RUN-TAB-09-02-2026-07:55:32:768-10533;ERR16661367.lite;647657959;14/02/2026 00:33;72b2fb5053beeb1ad8d171b0ca94c0be;1;SRA Lite;Primary ETL;1;s3://sra-pub-zq-6/ERR16661367/ERR16661367.lite.1;s3.us-east-1;aws identity;https://sra-downloadb.be-md.ncbi.nlm.nih.gov/sos10/sra-pub-zq-1002/ERR016/16661/ERR16661367/ERR16661367.lite.1;https://sra-downloadb.be-md.ncbi.nlm.nih.gov/sos10/sra-pub-zq-1002/ERR016/16661/ERR16661367/ERR16661367.lite.1;worldwide;anonymous;gs://sra-pub-zq-108/ERR16661367/ERR16661367.lite.1;gs.us-east1;gcp identity;;10/02/2026;isabelle feinauer;public;GX0019;1907-11-04;brown bear;Europe;Norway;GX0019;Ursus arctos;;http://ftp.sra.ebi.ac.uk/vol1/fastq/ERR166/067/ERR16661367/ERR16661367_1.fastq.gz;http://ftp.sra.ebi.ac.uk/vol1/fastq/ERR166/067/ERR16661367/ERR16661367_2.fastq.gz;;era-fasp@fasp.sra.ebi.ac.uk:vol1/fastq/ERR166/067/ERR16661367/ERR16661367_1.fastq.gz;era-fasp@fasp.sra.ebi.ac.uk:vol1/fastq/ERR166/067/ERR16661367/ERR16661367_2.fastq.gz;;;;;;;;;;;;;
ERR16661368;ERP161503;Scandinavian brown bear whole genomes;ERX16051836;Illumina NovaSeq 6000 paired end sequencing;Illumina NovaSeq 6000 paired end sequencing;9644;Ursus arctos;NA;WGS;GENOMIC;RANDOM;PAIRED;ERS28818198;;SAMEA121272833;PRJEB77023;Illumina NovaSeq 6000;Illumina NovaSeq 6000;ILLUMINA;13012495;838706929;13012495;2628523990;ena-RUN-TAB-09-02-2026-07:55:32:769-10535;ERR16661368.lite;684127957;14/02/2026 02:34;dfa449b024f235ef671bbe42e3b2c9a4;1;SRA Lite;Primary ETL;1;s3://sra-pub-zq-6/ERR16661368/ERR16661368.lite.1;s3.us-east-1;aws identity;https://sra-downloadb.be-md.ncbi.nlm.nih.gov/sos10/sra-pub-zq-1002/ERR016/16661/ERR16661368/ERR16661368.lite.1;https://sra-downloadb.be-md.ncbi.nlm.nih.gov/sos10/sra-pub-zq-1002/ERR016/16661/ERR16661368/ERR16661368.lite.1;worldwide;anonymous;gs://sra-pub-zq-102/ERR16661368/ERR16661368.lite.1;gs.us-east1;gcp identity;;10/02/2026;isabelle feinauer;public;GX0019;1907-11-04;brown bear;Europe;Norway;GX0019;Ursus arctos;;http://ftp.sra.ebi.ac.uk/vol1/fastq/ERR166/068/ERR16661368/ERR16661368_1.fastq.gz;http://ftp.sra.ebi.ac.uk/vol1/fastq/ERR166/068/ERR16661368/ERR16661368_2.fastq.gz;;era-fasp@fasp.sra.ebi.ac.uk:vol1/fastq/ERR166/068/ERR16661368/ERR16661368_1.fastq.gz;era-fasp@fasp.sra.ebi.ac.uk:vol1/fastq/ERR166/068/ERR16661368/ERR16661368_2.fastq.gz;;;;;;;;;;;;;
ERR16661369;ERP161503;Scandinavian brown bear whole genomes;ERX16051837;Illumina NovaSeq 6000 paired end sequencing;Illumina NovaSeq 6000 paired end sequencing;9644;Ursus arctos;NA;WGS;GENOMIC;RANDOM;PAIRED;ERS28818198;;SAMEA121272833;PRJEB77023;Illumina NovaSeq 6000;Illumina NovaSeq 6000;ILLUMINA;12994978;833636815;12994978;2624985556;ena-RUN-TAB-09-02-2026-07:55:32:769-10537;ERR16661369.lite;683245799;15/02/2026 10:40;bc63b2c4481b4f1fd5f6a857919a0d79;1;SRA Lite;Primary ETL;1;s3://sra-pub-zq-9/ERR16661369/ERR16661369.lite.1;s3.us-east-1;aws identity;https://sra-downloadb.be-md.ncbi.nlm.nih.gov/sos10/sra-pub-zq-1002/ERR016/16661/ERR16661369/ERR16661369.lite.1;https://sra-downloadb.be-md.ncbi.nlm.nih.gov/sos10/sra-pub-zq-1002/ERR016/16661/ERR16661369/ERR16661369.lite.1;worldwide;anonymous;gs://sra-pub-zq-105/ERR16661369/ERR16661369.lite.1;gs.us-east1;gcp identity;;10/02/2026;isabelle feinauer;public;GX0019;1907-11-04;brown bear;Europe;Norway;GX0019;Ursus arctos;;http://ftp.sra.ebi.ac.uk/vol1/fastq/ERR166/069/ERR16661369/ERR16661369_1.fastq.gz;http://ftp.sra.ebi.ac.uk/vol1/fastq/ERR166/069/ERR16661369/ERR16661369_2.fastq.gz;;era-fasp@fasp.sra.ebi.ac.uk:vol1/fastq/ERR166/069/ERR16661369/ERR16661369_1.fastq.gz;era-fasp@fasp.sra.ebi.ac.uk:vol1/fastq/ERR166/069/ERR16661369/ERR16661369_2.fastq.gz;;;;;;;;;;;;;
ERR16661370;ERP161503;Scandinavian brown bear whole genomes;ERX16051838;Illumina NovaSeq 6000 paired end sequencing;Illumina NovaSeq 6000 paired end sequencing;9644;Ursus arctos;NA;WGS;GENOMIC;RANDOM;PAIRED;ERS28818198;;SAMEA121272833;PRJEB77023;Illumina NovaSeq 6000;Illumina NovaSeq 6000;ILLUMINA;13015248;837494749;13015248;2629080096;ena-RUN-TAB-09-02-2026-07:55:32:769-10539;ERR16661370.lite;684315791;14/02/2026 08:45;31e86988bb64f6592dec615c62b58764;1;SRA Lite;Primary ETL;1;s3://sra-pub-zq-8/ERR16661370/ERR16661370.lite.1;s3.us-east-1;aws identity;https://sra-downloadb.be-md.ncbi.nlm.nih.gov/sos10/sra-pub-zq-1002/ERR016/16661/ERR16661370/ERR16661370.lite.1;https://sra-downloadb.be-md.ncbi.nlm.nih.gov/sos10/sra-pub-zq-1002/ERR016/16661/ERR16661370/ERR16661370.lite.1;worldwide;anonymous;gs://sra-pub-zq-102/ERR16661370/ERR16661370.lite.1;gs.us-east1;gcp identity;;10/02/2026;isabelle feinauer;public;GX0019;1907-11-04;brown bear;Europe;Norway;GX0019;Ursus arctos;;http://ftp.sra.ebi.ac.uk/vol1/fastq/ERR166/070/ERR16661370/ERR16661370_1.fastq.gz;http://ftp.sra.ebi.ac.uk/vol1/fastq/ERR166/070/ERR16661370/ERR16661370_2.fastq.gz;;era-fasp@fasp.sra.ebi.ac.uk:vol1/fastq/ERR166/070/ERR16661370/ERR16661370_1.fastq.gz;era-fasp@fasp.sra.ebi.ac.uk:vol1/fastq/ERR166/070/ERR16661370/ERR16661370_2.fastq.gz;;;;;;;;;;;;;
ERR16661371;ERP161503;Scandinavian brown bear whole genomes;ERX16051839;Illumina NovaSeq 6000 paired end sequencing;Illumina NovaSeq 6000 paired end sequencing;9644;Ursus arctos;NA;WGS;GENOMIC;RANDOM;PAIRED;ERS28818198;;SAMEA121272833;PRJEB77023;Illumina NovaSeq 6000;Illumina NovaSeq 6000;ILLUMINA;13074424;837389342;13074424;2641033648;ena-RUN-TAB-09-02-2026-07:55:32:770-10541;ERR16661371.lite;687481534;15/02/2026 10:42;335c0bb2e0f6e31756df4bc55fd26297;1;SRA Lite;Primary ETL;1;s3://sra-pub-zq-9/ERR16661371/ERR16661371.lite.1;s3.us-east-1;aws identity;https://sra-downloadb.be-md.ncbi.nlm.nih.gov/sos10/sra-pub-zq-1002/ERR016/16661/ERR16661371/ERR16661371.lite.1;https://sra-downloadb.be-md.ncbi.nlm.nih.gov/sos10/sra-pub-zq-1002/ERR016/16661/ERR16661371/ERR16661371.lite.1;worldwide;anonymous;gs://sra-pub-zq-105/ERR16661371/ERR16661371.lite.1;gs.us-east1;gcp identity;;10/02/2026;isabelle feinauer;public;GX0019;1907-11-04;brown bear;Europe;Norway;GX0019;Ursus arctos;;http://ftp.sra.ebi.ac.uk/vol1/fastq/ERR166/071/ERR16661371/ERR16661371_1.fastq.gz;http://ftp.sra.ebi.ac.uk/vol1/fastq/ERR166/071/ERR16661371/ERR16661371_2.fastq.gz;;era-fasp@fasp.sra.ebi.ac.uk:vol1/fastq/ERR166/071/ERR16661371/ERR16661371_1.fastq.gz;era-fasp@fasp.sra.ebi.ac.uk:vol1/fastq/ERR166/071/ERR16661371/ERR16661371_2.fastq.gz;;;;;;;;;;;;;
ERR16661372;ERP161503;Scandinavian brown bear whole genomes;ERX16051840;Illumina NovaSeq 6000 paired end sequencing;Illumina NovaSeq 6000 paired end sequencing;9644;Ursus arctos;NA;WGS;GENOMIC;RANDOM;PAIRED;ERS28818198;;SAMEA121272833;PRJEB77023;Illumina NovaSeq 6000;Illumina NovaSeq 6000;ILLUMINA;13830545;893478618;13830545;2793770090;ena-RUN-TAB-09-02-2026-07:55:32:770-10543;ERR16661372.lite;727008741;15/02/2026 10:42;475bead936c35c06b5451e417c79f2b3;1;SRA Lite;Primary ETL;1;s3://sra-pub-zq-9/ERR16661372/ERR16661372.lite.1;s3.us-east-1;aws identity;https://sra-downloadb.be-md.ncbi.nlm.nih.gov/sos10/sra-pub-zq-1002/ERR016/16661/ERR16661372/ERR16661372.lite.1;https://sra-downloadb.be-md.ncbi.nlm.nih.gov/sos10/sra-pub-zq-1002/ERR016/16661/ERR16661372/ERR16661372.lite.1;worldwide;anonymous;gs://sra-pub-zq-105/ERR16661372/ERR16661372.lite.1;gs.us-east1;gcp identity;;10/02/2026;isabelle feinauer;public;GX0019;1907-11-04;brown bear;Europe;Norway;GX0019;Ursus arctos;;http://ftp.sra.ebi.ac.uk/vol1/fastq/ERR166/072/ERR16661372/ERR16661372_1.fastq.gz;http://ftp.sra.ebi.ac.uk/vol1/fastq/ERR166/072/ERR16661372/ERR16661372_2.fastq.gz;;era-fasp@fasp.sra.ebi.ac.uk:vol1/fastq/ERR166/072/ERR16661372/ERR16661372_1.fastq.gz;era-fasp@fasp.sra.ebi.ac.uk:vol1/fastq/ERR166/072/ERR16661372/ERR16661372_2.fastq.gz;;;;;;;;;;;;;
ERR16661373;ERP161503;Scandinavian brown bear whole genomes;ERX16051841;Illumina NovaSeq 6000 paired end sequencing;Illumina NovaSeq 6000 paired end sequencing;9644;Ursus arctos;NA;WGS;GENOMIC;RANDOM;PAIRED;ERS28818198;;SAMEA121272833;PRJEB77023;Illumina NovaSeq 6000;Illumina NovaSeq 6000;ILLUMINA;13804036;887620074;13804036;2788415272;ena-RUN-TAB-09-02-2026-07:55:32:770-10545;ERR16661373.lite;725677004;14/02/2026 00:33;4710ecb0223171489dc9081dd4c2f720;1;SRA Lite;Primary ETL;1;s3://sra-pub-zq-6/ERR16661373/ERR16661373.lite.1;s3.us-east-1;aws identity;https://sra-downloadb.be-md.ncbi.nlm.nih.gov/sos10/sra-pub-zq-1002/ERR016/16661/ERR16661373/ERR16661373.lite.1;https://sra-downloadb.be-md.ncbi.nlm.nih.gov/sos10/sra-pub-zq-1002/ERR016/16661/ERR16661373/ERR16661373.lite.1;worldwide;anonymous;gs://sra-pub-zq-108/ERR16661373/ERR16661373.lite.1;gs.us-east1;gcp identity;;10/02/2026;isabelle feinauer;public;GX0019;1907-11-04;brown bear;Europe;Norway;GX0019;Ursus arctos;;http://ftp.sra.ebi.ac.uk/vol1/fastq/ERR166/073/ERR16661373/ERR16661373_1.fastq.gz;http://ftp.sra.ebi.ac.uk/vol1/fastq/ERR166/073/ERR16661373/ERR16661373_2.fastq.gz;;era-fasp@fasp.sra.ebi.ac.uk:vol1/fastq/ERR166/073/ERR16661373/ERR16661373_1.fastq.gz;era-fasp@fasp.sra.ebi.ac.uk:vol1/fastq/ERR166/073/ERR16661373/ERR16661373_2.fastq.gz;;;;;;;;;;;;;
ERR16661374;ERP161503;Scandinavian brown bear whole genomes;ERX16051842;Illumina NovaSeq 6000 paired end sequencing;Illumina NovaSeq 6000 paired end sequencing;9644;Ursus arctos;NA;WGS;GENOMIC;RANDOM;PAIRED;ERS28818198;;SAMEA121272833;PRJEB77023;Illumina NovaSeq 6000;Illumina NovaSeq 6000;ILLUMINA;13806171;890470722;13806171;2788846542;ena-RUN-TAB-09-02-2026-07:55:32:771-10547;ERR16661374.lite;725795804;14/02/2026 02:35;f1a6f08267708b649bad6f41585a7716;1;SRA Lite;Primary ETL;1;s3://sra-pub-zq-6/ERR16661374/ERR16661374.lite.1;s3.us-east-1;aws identity;https://sra-downloadb.be-md.ncbi.nlm.nih.gov/sos10/sra-pub-zq-1002/ERR016/16661/ERR16661374/ERR16661374.lite.1;https://sra-downloadb.be-md.ncbi.nlm.nih.gov/sos10/sra-pub-zq-1002/ERR016/16661/ERR16661374/ERR16661374.lite.1;worldwide;anonymous;gs://sra-pub-zq-102/ERR16661374/ERR16661374.lite.1;gs.us-east1;gcp identity;;10/02/2026;isabelle feinauer;public;GX0019;1907-11-04;brown bear;Europe;Norway;GX0019;Ursus arctos;;http://ftp.sra.ebi.ac.uk/vol1/fastq/ERR166/074/ERR16661374/ERR16661374_1.fastq.gz;http://ftp.sra.ebi.ac.uk/vol1/fastq/ERR166/074/ERR16661374/ERR16661374_2.fastq.gz;;era-fasp@fasp.sra.ebi.ac.uk:vol1/fastq/ERR166/074/ERR16661374/ERR16661374_1.fastq.gz;era-fasp@fasp.sra.ebi.ac.uk:vol1/fastq/ERR166/074/ERR16661374/ERR16661374_2.fastq.gz;;;;;;;;;;;;;
ERR16661375;ERP161503;Scandinavian brown bear whole genomes;ERX16051843;Illumina NovaSeq 6000 paired end sequencing;Illumina NovaSeq 6000 paired end sequencing;9644;Ursus arctos;NA;WGS;GENOMIC;RANDOM;PAIRED;ERS28818198;;SAMEA121272833;PRJEB77023;Illumina NovaSeq 6000;Illumina NovaSeq 6000;ILLUMINA;13845685;888899618;13845685;2796828370;ena-RUN-TAB-09-02-2026-07:55:32:771-10549;ERR16661375.lite;727928464;14/02/2026 02:34;e7c37be7f754d2921bf537d48d0ee7e5;1;SRA Lite;Primary ETL;1;s3://sra-pub-zq-6/ERR16661375/ERR16661375.lite.1;s3.us-east-1;aws identity;https://sra-downloadb.be-md.ncbi.nlm.nih.gov/sos10/sra-pub-zq-1002/ERR016/16661/ERR16661375/ERR16661375.lite.1;https://sra-downloadb.be-md.ncbi.nlm.nih.gov/sos10/sra-pub-zq-1002/ERR016/16661/ERR16661375/ERR16661375.lite.1;worldwide;anonymous;gs://sra-pub-zq-102/ERR16661375/ERR16661375.lite.1;gs.us-east1;gcp identity;;10/02/2026;isabelle feinauer;public;GX0019;1907-11-04;brown bear;Europe;Norway;GX0019;Ursus arctos;;http://ftp.sra.ebi.ac.uk/vol1/fastq/ERR166/075/ERR16661375/ERR16661375_1.fastq.gz;http://ftp.sra.ebi.ac.uk/vol1/fastq/ERR166/075/ERR16661375/ERR16661375_2.fastq.gz;;era-fasp@fasp.sra.ebi.ac.uk:vol1/fastq/ERR166/075/ERR16661375/ERR16661375_1.fastq.gz;era-fasp@fasp.sra.ebi.ac.uk:vol1/fastq/ERR166/075/ERR16661375/ERR16661375_2.fastq.gz;;;;;;;;;;;;;
ERR16661376;ERP161503;Scandinavian brown bear whole genomes;ERX16051844;Illumina NovaSeq 6000 paired end sequencing;Illumina NovaSeq 6000 paired end sequencing;9644;Ursus arctos;NA;WGS;GENOMIC;RANDOM;PAIRED;ERS28818198;;SAMEA121272833;PRJEB77023;Illumina NovaSeq 6000;Illumina NovaSeq 6000;ILLUMINA;13660032;884252930;13660032;2759326464;ena-RUN-TAB-09-02-2026-07:55:32:772-10551;ERR16661376.lite;718320532;15/02/2026 10:42;82e55e88a237dfa20bdc3d8932f5b132;1;SRA Lite;Primary ETL;1;s3://sra-pub-zq-9/ERR16661376/ERR16661376.lite.1;s3.us-east-1;aws identity;https://sra-downloadb.be-md.ncbi.nlm.nih.gov/sos10/sra-pub-zq-1002/ERR016/16661/ERR16661376/ERR16661376.lite.1;https://sra-downloadb.be-md.ncbi.nlm.nih.gov/sos10/sra-pub-zq-1002/ERR016/16661/ERR16661376/ERR16661376.lite.1;worldwide;anonymous;gs://sra-pub-zq-105/ERR16661376/ERR16661376.lite.1;gs.us-east1;gcp identity;;10/02/2026;isabelle feinauer;public;GX0019;1907-11-04;brown bear;Europe;Norway;GX0019;Ursus arctos;;http://ftp.sra.ebi.ac.uk/vol1/fastq/ERR166/076/ERR16661376/ERR16661376_1.fastq.gz;http://ftp.sra.ebi.ac.uk/vol1/fastq/ERR166/076/ERR16661376/ERR16661376_2.fastq.gz;;era-fasp@fasp.sra.ebi.ac.uk:vol1/fastq/ERR166/076/ERR16661376/ERR16661376_1.fastq.gz;era-fasp@fasp.sra.ebi.ac.uk:vol1/fastq/ERR166/076/ERR16661376/ERR16661376_2.fastq.gz;;;;;;;;;;;;;
ERR16661377;ERP161503;Scandinavian brown bear whole genomes;ERX16051845;Illumina NovaSeq 6000 paired end sequencing;Illumina NovaSeq 6000 paired end sequencing;9644;Ursus arctos;NA;WGS;GENOMIC;RANDOM;PAIRED;ERS28818198;;SAMEA121272833;PRJEB77023;Illumina NovaSeq 6000;Illumina NovaSeq 6000;ILLUMINA;13585065;875284703;13585065;2744183130;ena-RUN-TAB-09-02-2026-07:55:32:772-10553;ERR16661377.lite;714448368;14/02/2026 08:45;5784d441352003effcd93082d7ae8d2e;1;SRA Lite;Primary ETL;1;s3://sra-pub-zq-8/ERR16661377/ERR16661377.lite.1;s3.us-east-1;aws identity;https://sra-downloadb.be-md.ncbi.nlm.nih.gov/sos10/sra-pub-zq-1002/ERR016/16661/ERR16661377/ERR16661377.lite.1;https://sra-downloadb.be-md.ncbi.nlm.nih.gov/sos10/sra-pub-zq-1002/ERR016/16661/ERR16661377/ERR16661377.lite.1;worldwide;anonymous;gs://sra-pub-zq-102/ERR16661377/ERR16661377.lite.1;gs.us-east1;gcp identity;;10/02/2026;isabelle feinauer;public;GX0019;1907-11-04;brown bear;Europe;Norway;GX0019;Ursus arctos;;http://ftp.sra.ebi.ac.uk/vol1/fastq/ERR166/077/ERR16661377/ERR16661377_1.fastq.gz;http://ftp.sra.ebi.ac.uk/vol1/fastq/ERR166/077/ERR16661377/ERR16661377_2.fastq.gz;;era-fasp@fasp.sra.ebi.ac.uk:vol1/fastq/ERR166/077/ERR16661377/ERR16661377_1.fastq.gz;era-fasp@fasp.sra.ebi.ac.uk:vol1/fastq/ERR166/077/ERR16661377/ERR16661377_2.fastq.gz;;;;;;;;;;;;;
ERR16661378;ERP161503;Scandinavian brown bear whole genomes;ERX16051846;Illumina NovaSeq 6000 paired end sequencing;Illumina NovaSeq 6000 paired end sequencing;9644;Ursus arctos;NA;WGS;GENOMIC;RANDOM;PAIRED;ERS28818198;;SAMEA121272833;PRJEB77023;Illumina NovaSeq 6000;Illumina NovaSeq 6000;ILLUMINA;13595693;878682402;13595693;2746329986;ena-RUN-TAB-09-02-2026-07:55:32:772-10555;ERR16661378.lite;714971290;15/02/2026 10:42;2fd25bdb5b983a6b3b35b57b13c1e1f9;1;SRA Lite;Primary ETL;1;s3://sra-pub-zq-9/ERR16661378/ERR16661378.lite.1;s3.us-east-1;aws identity;https://sra-downloadb.be-md.ncbi.nlm.nih.gov/sos10/sra-pub-zq-1002/ERR016/16661/ERR16661378/ERR16661378.lite.1;https://sra-downloadb.be-md.ncbi.nlm.nih.gov/sos10/sra-pub-zq-1002/ERR016/16661/ERR16661378/ERR16661378.lite.1;worldwide;anonymous;gs://sra-pub-zq-105/ERR16661378/ERR16661378.lite.1;gs.us-east1;gcp identity;;10/02/2026;isabelle feinauer;public;GX0019;1907-11-04;brown bear;Europe;Norway;GX0019;Ursus arctos;;http://ftp.sra.ebi.ac.uk/vol1/fastq/ERR166/078/ERR16661378/ERR16661378_1.fastq.gz;http://ftp.sra.ebi.ac.uk/vol1/fastq/ERR166/078/ERR16661378/ERR16661378_2.fastq.gz;;era-fasp@fasp.sra.ebi.ac.uk:vol1/fastq/ERR166/078/ERR16661378/ERR16661378_1.fastq.gz;era-fasp@fasp.sra.ebi.ac.uk:vol1/fastq/ERR166/078/ERR16661378/ERR16661378_2.fastq.gz;;;;;;;;;;;;;
ERR16661379;ERP161503;Scandinavian brown bear whole genomes;ERX16051847;Illumina NovaSeq 6000 paired end sequencing;Illumina NovaSeq 6000 paired end sequencing;9644;Ursus arctos;NA;WGS;GENOMIC;RANDOM;PAIRED;ERS28818198;;SAMEA121272833;PRJEB77023;Illumina NovaSeq 6000;Illumina NovaSeq 6000;ILLUMINA;13555822;871998974;13555822;2738276044;ena-RUN-TAB-09-02-2026-07:55:32:773-10557;ERR16661379.lite;712981813;14/02/2026 00:32;4aacc0d2a041d4b92e2f296c2a51c0dc;1;SRA Lite;Primary ETL;1;s3://sra-pub-zq-6/ERR16661379/ERR16661379.lite.1;s3.us-east-1;aws identity;https://sra-downloadb.be-md.ncbi.nlm.nih.gov/sos10/sra-pub-zq-1002/ERR016/16661/ERR16661379/ERR16661379.lite.1;https://sra-downloadb.be-md.ncbi.nlm.nih.gov/sos10/sra-pub-zq-1002/ERR016/16661/ERR16661379/ERR16661379.lite.1;worldwide;anonymous;gs://sra-pub-zq-108/ERR16661379/ERR16661379.lite.1;gs.us-east1;gcp identity;;10/02/2026;isabelle feinauer;public;GX0019;1907-11-04;brown bear;Europe;Norway;GX0019;Ursus arctos;;http://ftp.sra.ebi.ac.uk/vol1/fastq/ERR166/079/ERR16661379/ERR16661379_1.fastq.gz;http://ftp.sra.ebi.ac.uk/vol1/fastq/ERR166/079/ERR16661379/ERR16661379_2.fastq.gz;;era-fasp@fasp.sra.ebi.ac.uk:vol1/fastq/ERR166/079/ERR16661379/ERR16661379_1.fastq.gz;era-fasp@fasp.sra.ebi.ac.uk:vol1/fastq/ERR166/079/ERR16661379/ERR16661379_2.fastq.gz;;;;;;;;;;;;;
ERR16661380;ERP161503;Scandinavian brown bear whole genomes;ERX16051848;Illumina NovaSeq 6000 paired end sequencing;Illumina NovaSeq 6000 paired end sequencing;9644;Ursus arctos;NA;WGS;GENOMIC;RANDOM;PAIRED;ERS28818198;;SAMEA121272833;PRJEB77023;Illumina NovaSeq 6000;Illumina NovaSeq 6000;ILLUMINA;12633442;825760202;12633442;2551955284;ena-RUN-TAB-09-02-2026-07:55:32:773-10559;ERR16661380.lite;664447869;14/02/2026 08:45;d37cf5f8715828b7a355ca7f17e846a8;1;SRA Lite;Primary ETL;1;s3://sra-pub-zq-8/ERR16661380/ERR16661380.lite.1;s3.us-east-1;aws identity;https://sra-downloadb.be-md.ncbi.nlm.nih.gov/sos10/sra-pub-zq-1002/ERR016/16661/ERR16661380/ERR16661380.lite.1;https://sra-downloadb.be-md.ncbi.nlm.nih.gov/sos10/sra-pub-zq-1002/ERR016/16661/ERR16661380/ERR16661380.lite.1;worldwide;anonymous;gs://sra-pub-zq-102/ERR16661380/ERR16661380.lite.1;gs.us-east1;gcp identity;;10/02/2026;isabelle feinauer;public;GX0019;1907-11-04;brown bear;Europe;Norway;GX0019;Ursus arctos;;http://ftp.sra.ebi.ac.uk/vol1/fastq/ERR166/080/ERR16661380/ERR16661380_1.fastq.gz;http://ftp.sra.ebi.ac.uk/vol1/fastq/ERR166/080/ERR16661380/ERR16661380_2.fastq.gz;;era-fasp@fasp.sra.ebi.ac.uk:vol1/fastq/ERR166/080/ERR16661380/ERR16661380_1.fastq.gz;era-fasp@fasp.sra.ebi.ac.uk:vol1/fastq/ERR166/080/ERR16661380/ERR16661380_2.fastq.gz;;;;;;;;;;;;;
ERR16661381;ERP161503;Scandinavian brown bear whole genomes;ERX16051849;Illumina NovaSeq 6000 paired end sequencing;Illumina NovaSeq 6000 paired end sequencing;9644;Ursus arctos;NA;WGS;GENOMIC;RANDOM;PAIRED;ERS28818198;;SAMEA121272833;PRJEB77023;Illumina NovaSeq 6000;Illumina NovaSeq 6000;ILLUMINA;12580329;818705844;12580329;2541226458;ena-RUN-TAB-09-02-2026-07:55:32:774-10561;ERR16661381.lite;661690169;15/02/2026 10:40;9e3f74d5cb4920041f64646fabd71964;1;SRA Lite;Primary ETL;1;s3://sra-pub-zq-9/ERR16661381/ERR16661381.lite.1;s3.us-east-1;aws identity;https://sra-downloadb.be-md.ncbi.nlm.nih.gov/sos10/sra-pub-zq-1002/ERR016/16661/ERR16661381/ERR16661381.lite.1;https://sra-downloadb.be-md.ncbi.nlm.nih.gov/sos10/sra-pub-zq-1002/ERR016/16661/ERR16661381/ERR16661381.lite.1;worldwide;anonymous;gs://sra-pub-zq-105/ERR16661381/ERR16661381.lite.1;gs.us-east1;gcp identity;;10/02/2026;isabelle feinauer;public;GX0019;1907-11-04;brown bear;Europe;Norway;GX0019;Ursus arctos;;http://ftp.sra.ebi.ac.uk/vol1/fastq/ERR166/081/ERR16661381/ERR16661381_1.fastq.gz;http://ftp.sra.ebi.ac.uk/vol1/fastq/ERR166/081/ERR16661381/ERR16661381_2.fastq.gz;;era-fasp@fasp.sra.ebi.ac.uk:vol1/fastq/ERR166/081/ERR16661381/ERR16661381_1.fastq.gz;era-fasp@fasp.sra.ebi.ac.uk:vol1/fastq/ERR166/081/ERR16661381/ERR16661381_2.fastq.gz;;;;;;;;;;;;;
ERR16661382;ERP161503;Scandinavian brown bear whole genomes;ERX16051850;Illumina NovaSeq 6000 paired end sequencing;Illumina NovaSeq 6000 paired end sequencing;9644;Ursus arctos;NA;WGS;GENOMIC;RANDOM;PAIRED;ERS28818198;;SAMEA121272833;PRJEB77023;Illumina NovaSeq 6000;Illumina NovaSeq 6000;ILLUMINA;12644798;825216378;12644798;2554249196;ena-RUN-TAB-09-02-2026-07:55:32:774-10563;ERR16661382.lite;665038349;14/02/2026 02:34;048d94891f748c6c2711c21af7e371e3;1;SRA Lite;Primary ETL;1;s3://sra-pub-zq-6/ERR16661382/ERR16661382.lite.1;s3.us-east-1;aws identity;https://sra-downloadb.be-md.ncbi.nlm.nih.gov/sos10/sra-pub-zq-1002/ERR016/16661/ERR16661382/ERR16661382.lite.1;https://sra-downloadb.be-md.ncbi.nlm.nih.gov/sos10/sra-pub-zq-1002/ERR016/16661/ERR16661382/ERR16661382.lite.1;worldwide;anonymous;gs://sra-pub-zq-102/ERR16661382/ERR16661382.lite.1;gs.us-east1;gcp identity;;10/02/2026;isabelle feinauer;public;GX0019;1907-11-04;brown bear;Europe;Norway;GX0019;Ursus arctos;;http://ftp.sra.ebi.ac.uk/vol1/fastq/ERR166/082/ERR16661382/ERR16661382_1.fastq.gz;http://ftp.sra.ebi.ac.uk/vol1/fastq/ERR166/082/ERR16661382/ERR16661382_2.fastq.gz;;era-fasp@fasp.sra.ebi.ac.uk:vol1/fastq/ERR166/082/ERR16661382/ERR16661382_1.fastq.gz;era-fasp@fasp.sra.ebi.ac.uk:vol1/fastq/ERR166/082/ERR16661382/ERR16661382_2.fastq.gz;;;;;;;;;;;;;
ERR16661383;ERP161503;Scandinavian brown bear whole genomes;ERX16051851;Illumina NovaSeq 6000 paired end sequencing;Illumina NovaSeq 6000 paired end sequencing;9644;Ursus arctos;NA;WGS;GENOMIC;RANDOM;PAIRED;ERS28818198;;SAMEA121272833;PRJEB77023;Illumina NovaSeq 6000;Illumina NovaSeq 6000;ILLUMINA;12711627;825753020;12711627;2567748654;ena-RUN-TAB-09-02-2026-07:55:32:774-10565;ERR16661383.lite;668590257;14/02/2026 02:34;4bba87aa22d9883dd3bbfe1797b746aa;1;SRA Lite;Primary ETL;1;s3://sra-pub-zq-6/ERR16661383/ERR16661383.lite.1;s3.us-east-1;aws identity;https://sra-downloadb.be-md.ncbi.nlm.nih.gov/sos10/sra-pub-zq-1002/ERR016/16661/ERR16661383/ERR16661383.lite.1;https://sra-downloadb.be-md.ncbi.nlm.nih.gov/sos10/sra-pub-zq-1002/ERR016/16661/ERR16661383/ERR16661383.lite.1;worldwide;anonymous;gs://sra-pub-zq-102/ERR16661383/ERR16661383.lite.1;gs.us-east1;gcp identity;;10/02/2026;isabelle feinauer;public;GX0019;1907-11-04;brown bear;Europe;Norway;GX0019;Ursus arctos;;http://ftp.sra.ebi.ac.uk/vol1/fastq/ERR166/083/ERR16661383/ERR16661383_1.fastq.gz;http://ftp.sra.ebi.ac.uk/vol1/fastq/ERR166/083/ERR16661383/ERR16661383_2.fastq.gz;;era-fasp@fasp.sra.ebi.ac.uk:vol1/fastq/ERR166/083/ERR16661383/ERR16661383_1.fastq.gz;era-fasp@fasp.sra.ebi.ac.uk:vol1/fastq/ERR166/083/ERR16661383/ERR16661383_2.fastq.gz;;;;;;;;;;;;;
ERR16661384;ERP161503;Scandinavian brown bear whole genomes;ERX16051852;Illumina NovaSeq 6000 paired end sequencing;Illumina NovaSeq 6000 paired end sequencing;9644;Ursus arctos;NA;WGS;GENOMIC;RANDOM;PAIRED;ERS28818198;;SAMEA121272833;PRJEB77023;Illumina NovaSeq 6000;Illumina NovaSeq 6000;ILLUMINA;10939948;712903857;10939948;2209869496;ena-RUN-TAB-09-02-2026-07:55:32:774-10567;ERR16661384.lite;576000712;15/02/2026 03:19;b55d14c9bb20e39459909b4e9098c479;1;SRA Lite;Primary ETL;1;s3://sra-pub-zq-5/ERR16661384/ERR16661384.lite.1;s3.us-east-1;aws identity;https://sra-downloadb.be-md.ncbi.nlm.nih.gov/sos10/sra-pub-zq-1002/ERR016/16661/ERR16661384/ERR16661384.lite.1;https://sra-downloadb.be-md.ncbi.nlm.nih.gov/sos10/sra-pub-zq-1002/ERR016/16661/ERR16661384/ERR16661384.lite.1;worldwide;anonymous;gs://sra-pub-zq-101/ERR16661384/ERR16661384.lite.1;gs.us-east1;gcp identity;;10/02/2026;isabelle feinauer;public;GX0019;1907-11-04;brown bear;Europe;Norway;GX0019;Ursus arctos;;http://ftp.sra.ebi.ac.uk/vol1/fastq/ERR166/084/ERR16661384/ERR16661384_1.fastq.gz;http://ftp.sra.ebi.ac.uk/vol1/fastq/ERR166/084/ERR16661384/ERR16661384_2.fastq.gz;;era-fasp@fasp.sra.ebi.ac.uk:vol1/fastq/ERR166/084/ERR16661384/ERR16661384_1.fastq.gz;era-fasp@fasp.sra.ebi.ac.uk:vol1/fastq/ERR166/084/ERR16661384/ERR16661384_2.fastq.gz;;;;;;;;;;;;;
ERR16661385;ERP161503;Scandinavian brown bear whole genomes;ERX16051853;Illumina NovaSeq 6000 paired end sequencing;Illumina NovaSeq 6000 paired end sequencing;9644;Ursus arctos;NA;WGS;GENOMIC;RANDOM;PAIRED;ERS28818198;;SAMEA121272833;PRJEB77023;Illumina NovaSeq 6000;Illumina NovaSeq 6000;ILLUMINA;10900998;706997883;10900998;2202001596;ena-RUN-TAB-09-02-2026-07:55:32:775-10569;ERR16661385.lite;573974287;15/02/2026 10:41;1ca109755d3b4d5bd8436415a98b9387;1;SRA Lite;Primary ETL;1;s3://sra-pub-zq-9/ERR16661385/ERR16661385.lite.1;s3.us-east-1;aws identity;https://sra-downloadb.be-md.ncbi.nlm.nih.gov/sos10/sra-pub-zq-1002/ERR016/16661/ERR16661385/ERR16661385.lite.1;https://sra-downloadb.be-md.ncbi.nlm.nih.gov/sos10/sra-pub-zq-1002/ERR016/16661/ERR16661385/ERR16661385.lite.1;worldwide;anonymous;gs://sra-pub-zq-105/ERR16661385/ERR16661385.lite.1;gs.us-east1;gcp identity;;10/02/2026;isabelle feinauer;public;GX0019;1907-11-04;brown bear;Europe;Norway;GX0019;Ursus arctos;;http://ftp.sra.ebi.ac.uk/vol1/fastq/ERR166/085/ERR16661385/ERR16661385_1.fastq.gz;http://ftp.sra.ebi.ac.uk/vol1/fastq/ERR166/085/ERR16661385/ERR16661385_2.fastq.gz;;era-fasp@fasp.sra.ebi.ac.uk:vol1/fastq/ERR166/085/ERR16661385/ERR16661385_1.fastq.gz;era-fasp@fasp.sra.ebi.ac.uk:vol1/fastq/ERR166/085/ERR16661385/ERR16661385_2.fastq.gz;;;;;;;;;;;;;
ERR16661386;ERP161503;Scandinavian brown bear whole genomes;ERX16051854;Illumina NovaSeq 6000 paired end sequencing;Illumina NovaSeq 6000 paired end sequencing;9644;Ursus arctos;NA;WGS;GENOMIC;RANDOM;PAIRED;ERS28818198;;SAMEA121272833;PRJEB77023;Illumina NovaSeq 6000;Illumina NovaSeq 6000;ILLUMINA;10921241;710475125;10921241;2206090682;ena-RUN-TAB-09-02-2026-07:55:32:775-10571;ERR16661386.lite;575013864;14/02/2026 00:31;2642c44aee7361000981f8fccecf1e74;1;SRA Lite;Primary ETL;1;s3://sra-pub-zq-6/ERR16661386/ERR16661386.lite.1;s3.us-east-1;aws identity;https://sra-downloadb.be-md.ncbi.nlm.nih.gov/sos10/sra-pub-zq-1002/ERR016/16661/ERR16661386/ERR16661386.lite.1;https://sra-downloadb.be-md.ncbi.nlm.nih.gov/sos10/sra-pub-zq-1002/ERR016/16661/ERR16661386/ERR16661386.lite.1;worldwide;anonymous;gs://sra-pub-zq-108/ERR16661386/ERR16661386.lite.1;gs.us-east1;gcp identity;;10/02/2026;isabelle feinauer;public;GX0019;1907-11-04;brown bear;Europe;Norway;GX0019;Ursus arctos;;http://ftp.sra.ebi.ac.uk/vol1/fastq/ERR166/086/ERR16661386/ERR16661386_1.fastq.gz;http://ftp.sra.ebi.ac.uk/vol1/fastq/ERR166/086/ERR16661386/ERR16661386_2.fastq.gz;;era-fasp@fasp.sra.ebi.ac.uk:vol1/fastq/ERR166/086/ERR16661386/ERR16661386_1.fastq.gz;era-fasp@fasp.sra.ebi.ac.uk:vol1/fastq/ERR166/086/ERR16661386/ERR16661386_2.fastq.gz;;;;;;;;;;;;;
ERR16661387;ERP161503;Scandinavian brown bear whole genomes;ERX16051855;Illumina NovaSeq 6000 paired end sequencing;Illumina NovaSeq 6000 paired end sequencing;9644;Ursus arctos;NA;WGS;GENOMIC;RANDOM;PAIRED;ERS28818198;;SAMEA121272833;PRJEB77023;Illumina NovaSeq 6000;Illumina NovaSeq 6000;ILLUMINA;10951277;708988339;10951277;2212157954;ena-RUN-TAB-09-02-2026-07:55:32:775-10573;ERR16661387.lite;576647747;14/02/2026 08:45;01fe238969addf81502e49a9157a9201;1;SRA Lite;Primary ETL;1;s3://sra-pub-zq-8/ERR16661387/ERR16661387.lite.1;s3.us-east-1;aws identity;https://sra-downloadb.be-md.ncbi.nlm.nih.gov/sos10/sra-pub-zq-1002/ERR016/16661/ERR16661387/ERR16661387.lite.1;https://sra-downloadb.be-md.ncbi.nlm.nih.gov/sos10/sra-pub-zq-1002/ERR016/16661/ERR16661387/ERR16661387.lite.1;worldwide;anonymous;gs://sra-pub-zq-102/ERR16661387/ERR16661387.lite.1;gs.us-east1;gcp identity;;10/02/2026;isabelle feinauer;public;GX0019;1907-11-04;brown bear;Europe;Norway;GX0019;Ursus arctos;;http://ftp.sra.ebi.ac.uk/vol1/fastq/ERR166/087/ERR16661387/ERR16661387_1.fastq.gz;http://ftp.sra.ebi.ac.uk/vol1/fastq/ERR166/087/ERR16661387/ERR16661387_2.fastq.gz;;era-fasp@fasp.sra.ebi.ac.uk:vol1/fastq/ERR166/087/ERR16661387/ERR16661387_1.fastq.gz;era-fasp@fasp.sra.ebi.ac.uk:vol1/fastq/ERR166/087/ERR16661387/ERR16661387_2.fastq.gz;;;;;;;;;;;;;
ERR16661388;ERP161503;Scandinavian brown bear whole genomes;ERX16051856;Illumina NovaSeq 6000 paired end sequencing;Illumina NovaSeq 6000 paired end sequencing;9644;Ursus arctos;NA;WGS;GENOMIC;RANDOM;PAIRED;ERS28818198;;SAMEA121272833;PRJEB77023;Illumina NovaSeq 6000;Illumina NovaSeq 6000;ILLUMINA;14198025;918531487;14198025;2868001050;ena-RUN-TAB-09-02-2026-07:55:32:776-10575;ERR16661388.lite;746300368;14/02/2026 08:45;8107fe3dd4b6299a28206566fd56d03c;1;SRA Lite;Primary ETL;1;s3://sra-pub-zq-8/ERR16661388/ERR16661388.lite.1;s3.us-east-1;aws identity;https://sra-downloadb.be-md.ncbi.nlm.nih.gov/sos10/sra-pub-zq-1002/ERR016/16661/ERR16661388/ERR16661388.lite.1;https://sra-downloadb.be-md.ncbi.nlm.nih.gov/sos10/sra-pub-zq-1002/ERR016/16661/ERR16661388/ERR16661388.lite.1;worldwide;anonymous;gs://sra-pub-zq-102/ERR16661388/ERR16661388.lite.1;gs.us-east1;gcp identity;;10/02/2026;isabelle feinauer;public;GX0019;1907-11-04;brown bear;Europe;Norway;GX0019;Ursus arctos;;http://ftp.sra.ebi.ac.uk/vol1/fastq/ERR166/088/ERR16661388/ERR16661388_1.fastq.gz;http://ftp.sra.ebi.ac.uk/vol1/fastq/ERR166/088/ERR16661388/ERR16661388_2.fastq.gz;;era-fasp@fasp.sra.ebi.ac.uk:vol1/fastq/ERR166/088/ERR16661388/ERR16661388_1.fastq.gz;era-fasp@fasp.sra.ebi.ac.uk:vol1/fastq/ERR166/088/ERR16661388/ERR16661388_2.fastq.gz;;;;;;;;;;;;;
ERR16661389;ERP161503;Scandinavian brown bear whole genomes;ERX16051857;Illumina NovaSeq 6000 paired end sequencing;Illumina NovaSeq 6000 paired end sequencing;9644;Ursus arctos;NA;WGS;GENOMIC;RANDOM;PAIRED;ERS28818198;;SAMEA121272833;PRJEB77023;Illumina NovaSeq 6000;Illumina NovaSeq 6000;ILLUMINA;14139361;910571231;14139361;2856150922;ena-RUN-TAB-09-02-2026-07:55:32:776-10577;ERR16661389.lite;743262554;11/02/2026 14:27;187bab0b69e60e565d8dd9a4b09585ce;1;SRA Lite;Primary ETL;1;s3://sra-pub-zq-8/ERR16661389/ERR16661389.lite.1;s3.us-east-1;aws identity;https://sra-downloadb.be-md.ncbi.nlm.nih.gov/sos10/sra-pub-zq-1002/ERR016/16661/ERR16661389/ERR16661389.lite.1;https://sra-downloadb.be-md.ncbi.nlm.nih.gov/sos10/sra-pub-zq-1002/ERR016/16661/ERR16661389/ERR16661389.lite.1;worldwide;anonymous;gs://sra-pub-zq-107/ERR16661389/ERR16661389.lite.1;gs.us-east1;gcp identity;;10/02/2026;isabelle feinauer;public;GX0019;1907-11-04;brown bear;Europe;Norway;GX0019;Ursus arctos;;http://ftp.sra.ebi.ac.uk/vol1/fastq/ERR166/089/ERR16661389/ERR16661389_1.fastq.gz;http://ftp.sra.ebi.ac.uk/vol1/fastq/ERR166/089/ERR16661389/ERR16661389_2.fastq.gz;;era-fasp@fasp.sra.ebi.ac.uk:vol1/fastq/ERR166/089/ERR16661389/ERR16661389_1.fastq.gz;era-fasp@fasp.sra.ebi.ac.uk:vol1/fastq/ERR166/089/ERR16661389/ERR16661389_2.fastq.gz;;;;;;;;;;;;;
ERR16661390;ERP161503;Scandinavian brown bear whole genomes;ERX16051858;Illumina NovaSeq 6000 paired end sequencing;Illumina NovaSeq 6000 paired end sequencing;9644;Ursus arctos;NA;WGS;GENOMIC;RANDOM;PAIRED;ERS28818198;;SAMEA121272833;PRJEB77023;Illumina NovaSeq 6000;Illumina NovaSeq 6000;ILLUMINA;14154286;914355079;14154286;2859165772;ena-RUN-TAB-09-02-2026-07:55:32:777-10579;ERR16661390.lite;743961892;15/02/2026 10:40;03712b252f3df79e98ef6dfedf7756b8;1;SRA Lite;Primary ETL;1;s3://sra-pub-zq-9/ERR16661390/ERR16661390.lite.1;s3.us-east-1;aws identity;https://sra-downloadb.be-md.ncbi.nlm.nih.gov/sos10/sra-pub-zq-1002/ERR016/16661/ERR16661390/ERR16661390.lite.1;https://sra-downloadb.be-md.ncbi.nlm.nih.gov/sos10/sra-pub-zq-1002/ERR016/16661/ERR16661390/ERR16661390.lite.1;worldwide;anonymous;gs://sra-pub-zq-105/ERR16661390/ERR16661390.lite.1;gs.us-east1;gcp identity;;10/02/2026;isabelle feinauer;public;GX0019;1907-11-04;brown bear;Europe;Norway;GX0019;Ursus arctos;;http://ftp.sra.ebi.ac.uk/vol1/fastq/ERR166/090/ERR16661390/ERR16661390_1.fastq.gz;http://ftp.sra.ebi.ac.uk/vol1/fastq/ERR166/090/ERR16661390/ERR16661390_2.fastq.gz;;era-fasp@fasp.sra.ebi.ac.uk:vol1/fastq/ERR166/090/ERR16661390/ERR16661390_1.fastq.gz;era-fasp@fasp.sra.ebi.ac.uk:vol1/fastq/ERR166/090/ERR16661390/ERR16661390_2.fastq.gz;;;;;;;;;;;;;
ERR16661391;ERP161503;Scandinavian brown bear whole genomes;ERX16051859;Illumina NovaSeq 6000 paired end sequencing;Illumina NovaSeq 6000 paired end sequencing;9644;Ursus arctos;NA;WGS;GENOMIC;RANDOM;PAIRED;ERS28818198;;SAMEA121272833;PRJEB77023;Illumina NovaSeq 6000;Illumina NovaSeq 6000;ILLUMINA;14144005;909340471;14144005;2857089010;ena-RUN-TAB-09-02-2026-07:55:32:777-10581;ERR16661391.lite;743504815;14/02/2026 00:33;02195574f441ad17b7ea6bfb6e42db78;1;SRA Lite;Primary ETL;1;s3://sra-pub-zq-6/ERR16661391/ERR16661391.lite.1;s3.us-east-1;aws identity;https://sra-downloadb.be-md.ncbi.nlm.nih.gov/sos10/sra-pub-zq-1002/ERR016/16661/ERR16661391/ERR16661391.lite.1;https://sra-downloadb.be-md.ncbi.nlm.nih.gov/sos10/sra-pub-zq-1002/ERR016/16661/ERR16661391/ERR16661391.lite.1;worldwide;anonymous;gs://sra-pub-zq-108/ERR16661391/ERR16661391.lite.1;gs.us-east1;gcp identity;;10/02/2026;isabelle feinauer;public;GX0019;1907-11-04;brown bear;Europe;Norway;GX0019;Ursus arctos;;http://ftp.sra.ebi.ac.uk/vol1/fastq/ERR166/091/ERR16661391/ERR16661391_1.fastq.gz;http://ftp.sra.ebi.ac.uk/vol1/fastq/ERR166/091/ERR16661391/ERR16661391_2.fastq.gz;;era-fasp@fasp.sra.ebi.ac.uk:vol1/fastq/ERR166/091/ERR16661391/ERR16661391_1.fastq.gz;era-fasp@fasp.sra.ebi.ac.uk:vol1/fastq/ERR166/091/ERR16661391/ERR16661391_2.fastq.gz;;;;;;;;;;;;;
ERR16661392;ERP161503;Scandinavian brown bear whole genomes;ERX16051860;Illumina NovaSeq 6000 paired end sequencing;Illumina NovaSeq 6000 paired end sequencing;9644;Ursus arctos;NA;WGS;GENOMIC;RANDOM;PAIRED;ERS28818199;;SAMEA121272834;PRJEB77023;Illumina NovaSeq 6000;Illumina NovaSeq 6000;ILLUMINA;27914845;2996639246;27914845;8430283190;ena-RUN-TAB-09-02-2026-07:55:32:778-10583;ERR16661392.lite;2160796739;15/02/2026 10:41;b4cf67e1b18140f142b8e388ebeb0e5e;1;SRA Lite;Primary ETL;1;s3://sra-pub-zq-9/ERR16661392/ERR16661392.lite.1;s3.us-east-1;aws identity;https://sra-downloadb.be-md.ncbi.nlm.nih.gov/sos10/sra-pub-zq-1002/ERR016/16661/ERR16661392/ERR16661392.lite.1;https://sra-downloadb.be-md.ncbi.nlm.nih.gov/sos10/sra-pub-zq-1002/ERR016/16661/ERR16661392/ERR16661392.lite.1;worldwide;anonymous;gs://sra-pub-zq-105/ERR16661392/ERR16661392.lite.1;gs.us-east1;gcp identity;;10/02/2026;isabelle feinauer;public;GX0024;1832;brown bear;Europe;Sweden;GX0024;Ursus arctos;;http://ftp.sra.ebi.ac.uk/vol1/fastq/ERR166/092/ERR16661392/ERR16661392_1.fastq.gz;http://ftp.sra.ebi.ac.uk/vol1/fastq/ERR166/092/ERR16661392/ERR16661392_2.fastq.gz;;era-fasp@fasp.sra.ebi.ac.uk:vol1/fastq/ERR166/092/ERR16661392/ERR16661392_1.fastq.gz;era-fasp@fasp.sra.ebi.ac.uk:vol1/fastq/ERR166/092/ERR16661392/ERR16661392_2.fastq.gz;;;;;;;;;;;;;
ERR16661393;ERP161503;Scandinavian brown bear whole genomes;ERX16051861;Illumina NovaSeq 6000 paired end sequencing;Illumina NovaSeq 6000 paired end sequencing;9644;Ursus arctos;NA;WGS;GENOMIC;RANDOM;PAIRED;ERS28818199;;SAMEA121272834;PRJEB77023;Illumina NovaSeq 6000;Illumina NovaSeq 6000;ILLUMINA;8744173;938105314;8744173;2640740246;ena-RUN-TAB-09-02-2026-07:55:32:779-10585;ERR16661393.lite;679539802;15/02/2026 10:40;feebbdfc753ea6f27fd1592fc88f874c;1;SRA Lite;Primary ETL;1;s3://sra-pub-zq-9/ERR16661393/ERR16661393.lite.1;s3.us-east-1;aws identity;https://sra-downloadb.be-md.ncbi.nlm.nih.gov/sos10/sra-pub-zq-1002/ERR016/16661/ERR16661393/ERR16661393.lite.1;https://sra-downloadb.be-md.ncbi.nlm.nih.gov/sos10/sra-pub-zq-1002/ERR016/16661/ERR16661393/ERR16661393.lite.1;worldwide;anonymous;gs://sra-pub-zq-105/ERR16661393/ERR16661393.lite.1;gs.us-east1;gcp identity;;10/02/2026;isabelle feinauer;public;GX0024;1832;brown bear;Europe;Sweden;GX0024;Ursus arctos;;http://ftp.sra.ebi.ac.uk/vol1/fastq/ERR166/093/ERR16661393/ERR16661393_1.fastq.gz;http://ftp.sra.ebi.ac.uk/vol1/fastq/ERR166/093/ERR16661393/ERR16661393_2.fastq.gz;;era-fasp@fasp.sra.ebi.ac.uk:vol1/fastq/ERR166/093/ERR16661393/ERR16661393_1.fastq.gz;era-fasp@fasp.sra.ebi.ac.uk:vol1/fastq/ERR166/093/ERR16661393/ERR16661393_2.fastq.gz;;;;;;;;;;;;;
ERR16661394;ERP161503;Scandinavian brown bear whole genomes;ERX16051862;Illumina NovaSeq 6000 paired end sequencing;Illumina NovaSeq 6000 paired end sequencing;9644;Ursus arctos;NA;WGS;GENOMIC;RANDOM;PAIRED;ERS28818199;;SAMEA121272834;PRJEB77023;Illumina NovaSeq 6000;Illumina NovaSeq 6000;ILLUMINA;41866729;2750445647;41866729;8457079258;ena-RUN-TAB-09-02-2026-07:55:32:779-10587;P28459_1016_S16_L001_R1_001.fastq.gz;2027528076;13/02/2026 22:27;f7f0433651aa91b4b7b0d40fa7e1255f;1;fastq;Original;0;https://sra-pub-src-1.s3.amazonaws.com/ERR16661394/P28459_1016_S16_L001_R1_001.fastq.gz.1;worldwide;anonymous;https://sra-pub-src-1.s3.amazonaws.com/ERR16661394/P28459_1016_S16_L001_R1_001.fastq.gz.1;https://sra-downloadb.be-md.ncbi.nlm.nih.gov/sos10/sra-pub-zq-1002/ERR016/16661/ERR16661394/ERR16661394.lite.1;worldwide;anonymous;gs://sra-pub-zq-108/ERR16661394/ERR16661394.lite.1;gs.us-east1;gcp identity;;10/02/2026;isabelle feinauer;public;GX0024;1832;brown bear;Europe;Sweden;GX0024;Ursus arctos;;http://ftp.sra.ebi.ac.uk/vol1/fastq/ERR166/094/ERR16661394/ERR16661394_1.fastq.gz;http://ftp.sra.ebi.ac.uk/vol1/fastq/ERR166/094/ERR16661394/ERR16661394_2.fastq.gz;;era-fasp@fasp.sra.ebi.ac.uk:vol1/fastq/ERR166/094/ERR16661394/ERR16661394_1.fastq.gz;era-fasp@fasp.sra.ebi.ac.uk:vol1/fastq/ERR166/094/ERR16661394/ERR16661394_2.fastq.gz;;;;;;;;;;;;;
ERR16661395;ERP161503;Scandinavian brown bear whole genomes;ERX16051863;Illumina NovaSeq 6000 paired end sequencing;Illumina NovaSeq 6000 paired end sequencing;9644;Ursus arctos;NA;WGS;GENOMIC;RANDOM;PAIRED;ERS28818199;;SAMEA121272834;PRJEB77023;Illumina NovaSeq 6000;Illumina NovaSeq 6000;ILLUMINA;42123969;2754278122;42123969;8509041738;ena-RUN-TAB-09-02-2026-07:55:32:780-10589;ERR16661395.lite;2207309270;14/02/2026 02:34;d0fbc8afd750b6703a8e62d4a0acc22f;1;SRA Lite;Primary ETL;1;s3://sra-pub-zq-6/ERR16661395/ERR16661395.lite.1;s3.us-east-1;aws identity;https://sra-downloadb.be-md.ncbi.nlm.nih.gov/sos10/sra-pub-zq-1002/ERR016/16661/ERR16661395/ERR16661395.lite.1;https://sra-downloadb.be-md.ncbi.nlm.nih.gov/sos10/sra-pub-zq-1002/ERR016/16661/ERR16661395/ERR16661395.lite.1;worldwide;anonymous;gs://sra-pub-zq-102/ERR16661395/ERR16661395.lite.1;gs.us-east1;gcp identity;;10/02/2026;isabelle feinauer;public;GX0024;1832;brown bear;Europe;Sweden;GX0024;Ursus arctos;;http://ftp.sra.ebi.ac.uk/vol1/fastq/ERR166/095/ERR16661395/ERR16661395_1.fastq.gz;http://ftp.sra.ebi.ac.uk/vol1/fastq/ERR166/095/ERR16661395/ERR16661395_2.fastq.gz;;era-fasp@fasp.sra.ebi.ac.uk:vol1/fastq/ERR166/095/ERR16661395/ERR16661395_1.fastq.gz;era-fasp@fasp.sra.ebi.ac.uk:vol1/fastq/ERR166/095/ERR16661395/ERR16661395_2.fastq.gz;;;;;;;;;;;;;
ERR16661396;ERP161503;Scandinavian brown bear whole genomes;ERX16051864;Illumina NovaSeq 6000 paired end sequencing;Illumina NovaSeq 6000 paired end sequencing;9644;Ursus arctos;NA;WGS;GENOMIC;RANDOM;PAIRED;ERS28818199;;SAMEA121272834;PRJEB77023;Illumina NovaSeq 6000;Illumina NovaSeq 6000;ILLUMINA;41882638;2746191253;41882638;8460292876;ena-RUN-TAB-09-02-2026-07:55:32:780-10591;ERR16661396.lite;2194557704;14/02/2026 02:34;c5d435941ea31ed9c8b54decb8551d96;1;SRA Lite;Primary ETL;1;s3://sra-pub-zq-6/ERR16661396/ERR16661396.lite.1;s3.us-east-1;aws identity;https://sra-downloadb.be-md.ncbi.nlm.nih.gov/sos10/sra-pub-zq-1002/ERR016/16661/ERR16661396/ERR16661396.lite.1;https://sra-downloadb.be-md.ncbi.nlm.nih.gov/sos10/sra-pub-zq-1002/ERR016/16661/ERR16661396/ERR16661396.lite.1;worldwide;anonymous;gs://sra-pub-zq-102/ERR16661396/ERR16661396.lite.1;gs.us-east1;gcp identity;;10/02/2026;isabelle feinauer;public;GX0024;1832;brown bear;Europe;Sweden;GX0024;Ursus arctos;;http://ftp.sra.ebi.ac.uk/vol1/fastq/ERR166/096/ERR16661396/ERR16661396_1.fastq.gz;http://ftp.sra.ebi.ac.uk/vol1/fastq/ERR166/096/ERR16661396/ERR16661396_2.fastq.gz;;era-fasp@fasp.sra.ebi.ac.uk:vol1/fastq/ERR166/096/ERR16661396/ERR16661396_1.fastq.gz;era-fasp@fasp.sra.ebi.ac.uk:vol1/fastq/ERR166/096/ERR16661396/ERR16661396_2.fastq.gz;;;;;;;;;;;;;
ERR16661397;ERP161503;Scandinavian brown bear whole genomes;ERX16051865;Illumina NovaSeq 6000 paired end sequencing;Illumina NovaSeq 6000 paired end sequencing;9644;Ursus arctos;NA;WGS;GENOMIC;RANDOM;PAIRED;ERS28818199;;SAMEA121272834;PRJEB77023;Illumina NovaSeq 6000;Illumina NovaSeq 6000;ILLUMINA;42246272;2759176427;42246272;8533746944;ena-RUN-TAB-09-02-2026-07:55:32:781-10593;P28459_1016_S16_L004_R1_001.fastq.gz;2032493987;15/02/2026 09:46;714c7b7d3f65f568beb004e9b44604ff;1;fastq;Original;0;s3://sra-pub-src-14/ERR16661397/P28459_1016_S16_L004_R1_001.fastq.gz.1;-;Use Cloud Data Delivery;https://sra-pub-run-odp.s3.amazonaws.com/sra/ERR16661397/ERR16661397;https://sra-downloadb.be-md.ncbi.nlm.nih.gov/sos10/sra-pub-zq-1002/ERR016/16661/ERR16661397/ERR16661397.lite.1;worldwide;anonymous;gs://sra-pub-zq-105/ERR16661397/ERR16661397.lite.1;gs.us-east1;gcp identity;;10/02/2026;isabelle feinauer;public;GX0024;1832;brown bear;Europe;Sweden;GX0024;Ursus arctos;;http://ftp.sra.ebi.ac.uk/vol1/fastq/ERR166/097/ERR16661397/ERR16661397_1.fastq.gz;http://ftp.sra.ebi.ac.uk/vol1/fastq/ERR166/097/ERR16661397/ERR16661397_2.fastq.gz;;era-fasp@fasp.sra.ebi.ac.uk:vol1/fastq/ERR166/097/ERR16661397/ERR16661397_1.fastq.gz;era-fasp@fasp.sra.ebi.ac.uk:vol1/fastq/ERR166/097/ERR16661397/ERR16661397_2.fastq.gz;;;;;;;;;;;;;
ERR16661398;ERP161503;Scandinavian brown bear whole genomes;ERX16051866;Illumina NovaSeq 6000 paired end sequencing;Illumina NovaSeq 6000 paired end sequencing;9644;Ursus arctos;NA;WGS;GENOMIC;RANDOM;PAIRED;ERS28818199;;SAMEA121272834;PRJEB77023;Illumina NovaSeq 6000;Illumina NovaSeq 6000;ILLUMINA;34569650;2226069588;34569650;6983069300;ena-RUN-TAB-09-02-2026-07:55:32:781-10595;ERR16661398.lite;1810121467;15/02/2026 10:40;4de9d91b17079db54e67a3cf5c32f1f7;1;SRA Lite;Primary ETL;1;s3://sra-pub-zq-9/ERR16661398/ERR16661398.lite.1;s3.us-east-1;aws identity;https://sra-downloadb.be-md.ncbi.nlm.nih.gov/sos10/sra-pub-zq-1002/ERR016/16661/ERR16661398/ERR16661398.lite.1;https://sra-downloadb.be-md.ncbi.nlm.nih.gov/sos10/sra-pub-zq-1002/ERR016/16661/ERR16661398/ERR16661398.lite.1;worldwide;anonymous;gs://sra-pub-zq-105/ERR16661398/ERR16661398.lite.1;gs.us-east1;gcp identity;;10/02/2026;isabelle feinauer;public;GX0024;1832;brown bear;Europe;Sweden;GX0024;Ursus arctos;;http://ftp.sra.ebi.ac.uk/vol1/fastq/ERR166/098/ERR16661398/ERR16661398_1.fastq.gz;http://ftp.sra.ebi.ac.uk/vol1/fastq/ERR166/098/ERR16661398/ERR16661398_2.fastq.gz;;era-fasp@fasp.sra.ebi.ac.uk:vol1/fastq/ERR166/098/ERR16661398/ERR16661398_1.fastq.gz;era-fasp@fasp.sra.ebi.ac.uk:vol1/fastq/ERR166/098/ERR16661398/ERR16661398_2.fastq.gz;;;;;;;;;;;;;
ERR16661399;ERP161503;Scandinavian brown bear whole genomes;ERX16051867;Illumina NovaSeq 6000 paired end sequencing;Illumina NovaSeq 6000 paired end sequencing;9644;Ursus arctos;NA;WGS;GENOMIC;RANDOM;PAIRED;ERS28818199;;SAMEA121272834;PRJEB77023;Illumina NovaSeq 6000;Illumina NovaSeq 6000;ILLUMINA;34812184;2230645936;34812184;7032061168;ena-RUN-TAB-09-02-2026-07:55:32:782-10597;ERR16661399.lite;1822713496;15/02/2026 03:19;6edf36bafeefa90d412dd50e41f424e2;1;SRA Lite;Primary ETL;1;s3://sra-pub-zq-5/ERR16661399/ERR16661399.lite.1;s3.us-east-1;aws identity;https://sra-downloadb.be-md.ncbi.nlm.nih.gov/sos10/sra-pub-zq-1002/ERR016/16661/ERR16661399/ERR16661399.lite.1;https://sra-downloadb.be-md.ncbi.nlm.nih.gov/sos10/sra-pub-zq-1002/ERR016/16661/ERR16661399/ERR16661399.lite.1;worldwide;anonymous;gs://sra-pub-zq-101/ERR16661399/ERR16661399.lite.1;gs.us-east1;gcp identity;;10/02/2026;isabelle feinauer;public;GX0024;1832;brown bear;Europe;Sweden;GX0024;Ursus arctos;;http://ftp.sra.ebi.ac.uk/vol1/fastq/ERR166/099/ERR16661399/ERR16661399_1.fastq.gz;http://ftp.sra.ebi.ac.uk/vol1/fastq/ERR166/099/ERR16661399/ERR16661399_2.fastq.gz;;era-fasp@fasp.sra.ebi.ac.uk:vol1/fastq/ERR166/099/ERR16661399/ERR16661399_1.fastq.gz;era-fasp@fasp.sra.ebi.ac.uk:vol1/fastq/ERR166/099/ERR16661399/ERR16661399_2.fastq.gz;;;;;;;;;;;;;
ERR16661400;ERP161503;Scandinavian brown bear whole genomes;ERX16051868;Illumina NovaSeq 6000 paired end sequencing;Illumina NovaSeq 6000 paired end sequencing;9644;Ursus arctos;NA;WGS;GENOMIC;RANDOM;PAIRED;ERS28818199;;SAMEA121272834;PRJEB77023;Illumina NovaSeq 6000;Illumina NovaSeq 6000;ILLUMINA;34642106;2226164603;34642106;6997705412;ena-RUN-TAB-09-02-2026-07:55:32:782-10599;P28459_1017_S17_L003_R1_001.fastq.gz;1628585750;15/02/2026 09:45;5b31fdf3f636d3fa1710b665bb3375c0;1;fastq;Original;0;s3://sra-pub-src-14/ERR16661400/P28459_1017_S17_L003_R1_001.fastq.gz.1;-;Use Cloud Data Delivery;https://sra-pub-run-odp.s3.amazonaws.com/sra/ERR16661400/ERR16661400;https://sra-downloadb.be-md.ncbi.nlm.nih.gov/sos10/sra-pub-zq-1002/ERR016/16661/ERR16661400/ERR16661400.lite.1;worldwide;anonymous;gs://sra-pub-zq-105/ERR16661400/ERR16661400.lite.1;gs.us-east1;gcp identity;;10/02/2026;isabelle feinauer;public;GX0024;1832;brown bear;Europe;Sweden;GX0024;Ursus arctos;;http://ftp.sra.ebi.ac.uk/vol1/fastq/ERR166/000/ERR16661400/ERR16661400_1.fastq.gz;http://ftp.sra.ebi.ac.uk/vol1/fastq/ERR166/000/ERR16661400/ERR16661400_2.fastq.gz;;era-fasp@fasp.sra.ebi.ac.uk:vol1/fastq/ERR166/000/ERR16661400/ERR16661400_1.fastq.gz;era-fasp@fasp.sra.ebi.ac.uk:vol1/fastq/ERR166/000/ERR16661400/ERR16661400_2.fastq.gz;;;;;;;;;;;;;
ERR16661401;ERP161503;Scandinavian brown bear whole genomes;ERX16051869;Illumina NovaSeq 6000 paired end sequencing;Illumina NovaSeq 6000 paired end sequencing;9644;Ursus arctos;NA;WGS;GENOMIC;RANDOM;PAIRED;ERS28818199;;SAMEA121272834;PRJEB77023;Illumina NovaSeq 6000;Illumina NovaSeq 6000;ILLUMINA;34952838;2237033569;34952838;7060473276;ena-RUN-TAB-09-02-2026-07:55:32:783-10601;ERR16661401.lite;1829771788;14/02/2026 02:34;162530c6d1be05ed61441040f47b8b5d;1;SRA Lite;Primary ETL;1;s3://sra-pub-zq-6/ERR16661401/ERR16661401.lite.1;s3.us-east-1;aws identity;https://sra-downloadb.be-md.ncbi.nlm.nih.gov/sos10/sra-pub-zq-1002/ERR016/16661/ERR16661401/ERR16661401.lite.1;https://sra-downloadb.be-md.ncbi.nlm.nih.gov/sos10/sra-pub-zq-1002/ERR016/16661/ERR16661401/ERR16661401.lite.1;worldwide;anonymous;gs://sra-pub-zq-102/ERR16661401/ERR16661401.lite.1;gs.us-east1;gcp identity;;10/02/2026;isabelle feinauer;public;GX0024;1832;brown bear;Europe;Sweden;GX0024;Ursus arctos;;http://ftp.sra.ebi.ac.uk/vol1/fastq/ERR166/001/ERR16661401/ERR16661401_1.fastq.gz;http://ftp.sra.ebi.ac.uk/vol1/fastq/ERR166/001/ERR16661401/ERR16661401_2.fastq.gz;;era-fasp@fasp.sra.ebi.ac.uk:vol1/fastq/ERR166/001/ERR16661401/ERR16661401_1.fastq.gz;era-fasp@fasp.sra.ebi.ac.uk:vol1/fastq/ERR166/001/ERR16661401/ERR16661401_2.fastq.gz;;;;;;;;;;;;;
ERR16661402;ERP161503;Scandinavian brown bear whole genomes;ERX16051870;Illumina NovaSeq 6000 paired end sequencing;Illumina NovaSeq 6000 paired end sequencing;9644;Ursus arctos;NA;WGS;GENOMIC;RANDOM;PAIRED;ERS28818199;;SAMEA121272834;PRJEB77023;Illumina NovaSeq 6000;Illumina NovaSeq 6000;ILLUMINA;30678786;1988200084;30678786;6197114772;ena-RUN-TAB-09-02-2026-07:55:32:784-10603;ERR16661402.lite;1605466407;14/02/2026 00:30;9f562d7f743ec926678c267fd0cb7bf3;1;SRA Lite;Primary ETL;1;s3://sra-pub-zq-6/ERR16661402/ERR16661402.lite.1;s3.us-east-1;aws identity;https://sra-downloadb.be-md.ncbi.nlm.nih.gov/sos10/sra-pub-zq-1002/ERR016/16661/ERR16661402/ERR16661402.lite.1;https://sra-downloadb.be-md.ncbi.nlm.nih.gov/sos10/sra-pub-zq-1002/ERR016/16661/ERR16661402/ERR16661402.lite.1;worldwide;anonymous;gs://sra-pub-zq-108/ERR16661402/ERR16661402.lite.1;gs.us-east1;gcp identity;;10/02/2026;isabelle feinauer;public;GX0024;1832;brown bear;Europe;Sweden;GX0024;Ursus arctos;;http://ftp.sra.ebi.ac.uk/vol1/fastq/ERR166/002/ERR16661402/ERR16661402_1.fastq.gz;http://ftp.sra.ebi.ac.uk/vol1/fastq/ERR166/002/ERR16661402/ERR16661402_2.fastq.gz;;era-fasp@fasp.sra.ebi.ac.uk:vol1/fastq/ERR166/002/ERR16661402/ERR16661402_1.fastq.gz;era-fasp@fasp.sra.ebi.ac.uk:vol1/fastq/ERR166/002/ERR16661402/ERR16661402_2.fastq.gz;;;;;;;;;;;;;
ERR16661403;ERP161503;Scandinavian brown bear whole genomes;ERX16051871;Illumina NovaSeq 6000 paired end sequencing;Illumina NovaSeq 6000 paired end sequencing;9644;Ursus arctos;NA;WGS;GENOMIC;RANDOM;PAIRED;ERS28818199;;SAMEA121272834;PRJEB77023;Illumina NovaSeq 6000;Illumina NovaSeq 6000;ILLUMINA;30807850;1985973905;30807850;6223185700;ena-RUN-TAB-09-02-2026-07:55:32:784-10605;P28459_1018_S18_L002_R1_001.fastq.gz;1449916579;15/02/2026 09:33;e36b171e481bb35e1ed9a5953721d608;1;fastq;Original;0;s3://sra-pub-src-14/ERR16661403/P28459_1018_S18_L002_R1_001.fastq.gz.1;-;Use Cloud Data Delivery;https://sra-pub-run-odp.s3.amazonaws.com/sra/ERR16661403/ERR16661403;https://sra-downloadb.be-md.ncbi.nlm.nih.gov/sos10/sra-pub-zq-1002/ERR016/16661/ERR16661403/ERR16661403.lite.1;worldwide;anonymous;gs://sra-pub-zq-105/ERR16661403/ERR16661403.lite.1;gs.us-east1;gcp identity;;10/02/2026;isabelle feinauer;public;GX0024;1832;brown bear;Europe;Sweden;GX0024;Ursus arctos;;http://ftp.sra.ebi.ac.uk/vol1/fastq/ERR166/003/ERR16661403/ERR16661403_1.fastq.gz;http://ftp.sra.ebi.ac.uk/vol1/fastq/ERR166/003/ERR16661403/ERR16661403_2.fastq.gz;;era-fasp@fasp.sra.ebi.ac.uk:vol1/fastq/ERR166/003/ERR16661403/ERR16661403_1.fastq.gz;era-fasp@fasp.sra.ebi.ac.uk:vol1/fastq/ERR166/003/ERR16661403/ERR16661403_2.fastq.gz;;;;;;;;;;;;;
ERR16661404;ERP161503;Scandinavian brown bear whole genomes;ERX16051872;Illumina NovaSeq 6000 paired end sequencing;Illumina NovaSeq 6000 paired end sequencing;9644;Ursus arctos;NA;WGS;GENOMIC;RANDOM;PAIRED;ERS28818199;;SAMEA121272834;PRJEB77023;Illumina NovaSeq 6000;Illumina NovaSeq 6000;ILLUMINA;30649513;1981387813;30649513;6191201626;ena-RUN-TAB-09-02-2026-07:55:32:785-10607;ERR16661404.lite;1603980449;15/02/2026 10:41;2cc80ce58eb5730924823c8f4b7dca8b;1;SRA Lite;Primary ETL;1;s3://sra-pub-zq-9/ERR16661404/ERR16661404.lite.1;s3.us-east-1;aws identity;https://sra-downloadb.be-md.ncbi.nlm.nih.gov/sos10/sra-pub-zq-1002/ERR016/16661/ERR16661404/ERR16661404.lite.1;https://sra-downloadb.be-md.ncbi.nlm.nih.gov/sos10/sra-pub-zq-1002/ERR016/16661/ERR16661404/ERR16661404.lite.1;worldwide;anonymous;gs://sra-pub-zq-105/ERR16661404/ERR16661404.lite.1;gs.us-east1;gcp identity;;10/02/2026;isabelle feinauer;public;GX0024;1832;brown bear;Europe;Sweden;GX0024;Ursus arctos;;http://ftp.sra.ebi.ac.uk/vol1/fastq/ERR166/004/ERR16661404/ERR16661404_1.fastq.gz;http://ftp.sra.ebi.ac.uk/vol1/fastq/ERR166/004/ERR16661404/ERR16661404_2.fastq.gz;;era-fasp@fasp.sra.ebi.ac.uk:vol1/fastq/ERR166/004/ERR16661404/ERR16661404_1.fastq.gz;era-fasp@fasp.sra.ebi.ac.uk:vol1/fastq/ERR166/004/ERR16661404/ERR16661404_2.fastq.gz;;;;;;;;;;;;;
ERR16661405;ERP161503;Scandinavian brown bear whole genomes;ERX16051873;Illumina NovaSeq 6000 paired end sequencing;Illumina NovaSeq 6000 paired end sequencing;9644;Ursus arctos;NA;WGS;GENOMIC;RANDOM;PAIRED;ERS28818199;;SAMEA121272834;PRJEB77023;Illumina NovaSeq 6000;Illumina NovaSeq 6000;ILLUMINA;30900863;1989384130;30900863;6241974326;ena-RUN-TAB-09-02-2026-07:55:32:785-10609;P28459_1018_S18_L004_R1_001.fastq.gz;1453424880;15/02/2026 09:28;3da28b9b807f16800187ada35e044e31;1;fastq;Original;0;s3://sra-pub-src-14/ERR16661405/P28459_1018_S18_L004_R1_001.fastq.gz.1;-;Use Cloud Data Delivery;https://sra-pub-run-odp.s3.amazonaws.com/sra/ERR16661405/ERR16661405;https://sra-downloadb.be-md.ncbi.nlm.nih.gov/sos10/sra-pub-zq-1002/ERR016/16661/ERR16661405/ERR16661405.lite.1;worldwide;anonymous;gs://sra-pub-zq-105/ERR16661405/ERR16661405.lite.1;gs.us-east1;gcp identity;;10/02/2026;isabelle feinauer;public;GX0024;1832;brown bear;Europe;Sweden;GX0024;Ursus arctos;;http://ftp.sra.ebi.ac.uk/vol1/fastq/ERR166/005/ERR16661405/ERR16661405_1.fastq.gz;http://ftp.sra.ebi.ac.uk/vol1/fastq/ERR166/005/ERR16661405/ERR16661405_2.fastq.gz;;era-fasp@fasp.sra.ebi.ac.uk:vol1/fastq/ERR166/005/ERR16661405/ERR16661405_1.fastq.gz;era-fasp@fasp.sra.ebi.ac.uk:vol1/fastq/ERR166/005/ERR16661405/ERR16661405_2.fastq.gz;;;;;;;;;;;;;
ERR16661406;ERP161503;Scandinavian brown bear whole genomes;ERX16051874;Illumina NovaSeq 6000 paired end sequencing;Illumina NovaSeq 6000 paired end sequencing;9644;Ursus arctos;NA;WGS;GENOMIC;RANDOM;PAIRED;ERS28818199;;SAMEA121272834;PRJEB77023;Illumina NovaSeq 6000;Illumina NovaSeq 6000;ILLUMINA;13075148;857698337;13075148;2641179896;ena-RUN-TAB-09-02-2026-07:55:32:786-10611;P28459_1019_S19_L001_R1_001.fastq.gz;632358708;15/02/2026 09:25;5a2b1f3661178f7b6addfe154ddf0977;1;fastq;Original;0;s3://sra-pub-src-14/ERR16661406/P28459_1019_S19_L001_R1_001.fastq.gz.1;-;Use Cloud Data Delivery;https://sra-pub-run-odp.s3.amazonaws.com/sra/ERR16661406/ERR16661406;https://sra-downloadb.be-md.ncbi.nlm.nih.gov/sos10/sra-pub-zq-1002/ERR016/16661/ERR16661406/ERR16661406.lite.1;worldwide;anonymous;gs://sra-pub-zq-105/ERR16661406/ERR16661406.lite.1;gs.us-east1;gcp identity;;10/02/2026;isabelle feinauer;public;GX0024;1832;brown bear;Europe;Sweden;GX0024;Ursus arctos;;http://ftp.sra.ebi.ac.uk/vol1/fastq/ERR166/006/ERR16661406/ERR16661406_1.fastq.gz;http://ftp.sra.ebi.ac.uk/vol1/fastq/ERR166/006/ERR16661406/ERR16661406_2.fastq.gz;;era-fasp@fasp.sra.ebi.ac.uk:vol1/fastq/ERR166/006/ERR16661406/ERR16661406_1.fastq.gz;era-fasp@fasp.sra.ebi.ac.uk:vol1/fastq/ERR166/006/ERR16661406/ERR16661406_2.fastq.gz;;;;;;;;;;;;;
ERR16661407;ERP161503;Scandinavian brown bear whole genomes;ERX16051875;Illumina NovaSeq 6000 paired end sequencing;Illumina NovaSeq 6000 paired end sequencing;9644;Ursus arctos;NA;WGS;GENOMIC;RANDOM;PAIRED;ERS28818199;;SAMEA121272834;PRJEB77023;Illumina NovaSeq 6000;Illumina NovaSeq 6000;ILLUMINA;13135880;857515017;13135880;2653447760;ena-RUN-TAB-09-02-2026-07:55:32:786-10613;P28459_1019_S19_L002_R1_001.fastq.gz;631709017;11/02/2026 13:42;62312a88938be905d9b30b5f14196f03;1;fastq;Original;0;s3://sra-pub-src-9/ERR16661407/P28459_1019_S19_L002_R1_001.fastq.gz.1;-;Use Cloud Data Delivery;https://sra-pub-run-odp.s3.amazonaws.com/sra/ERR16661407/ERR16661407;https://sra-downloadb.be-md.ncbi.nlm.nih.gov/sos10/sra-pub-zq-1002/ERR016/16661/ERR16661407/ERR16661407.lite.1;worldwide;anonymous;gs://sra-pub-zq-107/ERR16661407/ERR16661407.lite.1;gs.us-east1;gcp identity;;10/02/2026;isabelle feinauer;public;GX0024;1832;brown bear;Europe;Sweden;GX0024;Ursus arctos;;http://ftp.sra.ebi.ac.uk/vol1/fastq/ERR166/007/ERR16661407/ERR16661407_1.fastq.gz;http://ftp.sra.ebi.ac.uk/vol1/fastq/ERR166/007/ERR16661407/ERR16661407_2.fastq.gz;;era-fasp@fasp.sra.ebi.ac.uk:vol1/fastq/ERR166/007/ERR16661407/ERR16661407_1.fastq.gz;era-fasp@fasp.sra.ebi.ac.uk:vol1/fastq/ERR166/007/ERR16661407/ERR16661407_2.fastq.gz;;;;;;;;;;;;;
ERR16661408;ERP161503;Scandinavian brown bear whole genomes;ERX16051876;Illumina NovaSeq 6000 paired end sequencing;Illumina NovaSeq 6000 paired end sequencing;9644;Ursus arctos;NA;WGS;GENOMIC;RANDOM;PAIRED;ERS28818199;;SAMEA121272834;PRJEB77023;Illumina NovaSeq 6000;Illumina NovaSeq 6000;ILLUMINA;13093187;856623543;13093187;2644823774;ena-RUN-TAB-09-02-2026-07:55:32:787-10615;ERR16661408.lite;689599047;14/02/2026 02:34;09a701cc627efab2303d98b9f0905541;1;SRA Lite;Primary ETL;1;s3://sra-pub-zq-6/ERR16661408/ERR16661408.lite.1;s3.us-east-1;aws identity;https://sra-downloadb.be-md.ncbi.nlm.nih.gov/sos10/sra-pub-zq-1002/ERR016/16661/ERR16661408/ERR16661408.lite.1;https://sra-downloadb.be-md.ncbi.nlm.nih.gov/sos10/sra-pub-zq-1002/ERR016/16661/ERR16661408/ERR16661408.lite.1;worldwide;anonymous;gs://sra-pub-zq-102/ERR16661408/ERR16661408.lite.1;gs.us-east1;gcp identity;;10/02/2026;isabelle feinauer;public;GX0024;1832;brown bear;Europe;Sweden;GX0024;Ursus arctos;;http://ftp.sra.ebi.ac.uk/vol1/fastq/ERR166/008/ERR16661408/ERR16661408_1.fastq.gz;http://ftp.sra.ebi.ac.uk/vol1/fastq/ERR166/008/ERR16661408/ERR16661408_2.fastq.gz;;era-fasp@fasp.sra.ebi.ac.uk:vol1/fastq/ERR166/008/ERR16661408/ERR16661408_1.fastq.gz;era-fasp@fasp.sra.ebi.ac.uk:vol1/fastq/ERR166/008/ERR16661408/ERR16661408_2.fastq.gz;;;;;;;;;;;;;
ERR16661409;ERP161503;Scandinavian brown bear whole genomes;ERX16051877;Illumina NovaSeq 6000 paired end sequencing;Illumina NovaSeq 6000 paired end sequencing;9644;Ursus arctos;NA;WGS;GENOMIC;RANDOM;PAIRED;ERS28818199;;SAMEA121272834;PRJEB77023;Illumina NovaSeq 6000;Illumina NovaSeq 6000;ILLUMINA;13242012;863326454;13242012;2674886424;ena-RUN-TAB-09-02-2026-07:55:32:788-10617;P28459_1019_S19_L004_R1_001.fastq.gz;636413412;15/02/2026 09:39;d0ff8d982b5be619ba41f5c1372ee756;1;fastq;Original;0;s3://sra-pub-src-14/ERR16661409/P28459_1019_S19_L004_R1_001.fastq.gz.1;-;Use Cloud Data Delivery;https://sra-pub-run-odp.s3.amazonaws.com/sra/ERR16661409/ERR16661409;https://sra-downloadb.be-md.ncbi.nlm.nih.gov/sos10/sra-pub-zq-1002/ERR016/16661/ERR16661409/ERR16661409.lite.1;worldwide;anonymous;gs://sra-pub-zq-105/ERR16661409/ERR16661409.lite.1;gs.us-east1;gcp identity;;10/02/2026;isabelle feinauer;public;GX0024;1832;brown bear;Europe;Sweden;GX0024;Ursus arctos;;http://ftp.sra.ebi.ac.uk/vol1/fastq/ERR166/009/ERR16661409/ERR16661409_1.fastq.gz;http://ftp.sra.ebi.ac.uk/vol1/fastq/ERR166/009/ERR16661409/ERR16661409_2.fastq.gz;;era-fasp@fasp.sra.ebi.ac.uk:vol1/fastq/ERR166/009/ERR16661409/ERR16661409_1.fastq.gz;era-fasp@fasp.sra.ebi.ac.uk:vol1/fastq/ERR166/009/ERR16661409/ERR16661409_2.fastq.gz;;;;;;;;;;;;;
ERR16661410;ERP161503;Scandinavian brown bear whole genomes;ERX16051878;Illumina NovaSeq 6000 paired end sequencing;Illumina NovaSeq 6000 paired end sequencing;9644;Ursus arctos;NA;WGS;GENOMIC;RANDOM;PAIRED;ERS28818199;;SAMEA121272834;PRJEB77023;Illumina NovaSeq 6000;Illumina NovaSeq 6000;ILLUMINA;17046099;1107726686;17046099;3443311998;ena-RUN-TAB-09-02-2026-07:55:32:788-10619;ERR16661410.lite;894850340;11/02/2026 20:35;d033b73ddbd395fc5ec6e696702b2946;1;SRA Lite;Primary ETL;1;s3://sra-pub-zq-8/ERR16661410/ERR16661410.lite.1;s3.us-east-1;aws identity;https://sra-downloadb.be-md.ncbi.nlm.nih.gov/sos10/sra-pub-zq-1002/ERR016/16661/ERR16661410/ERR16661410.lite.1;https://sra-downloadb.be-md.ncbi.nlm.nih.gov/sos10/sra-pub-zq-1002/ERR016/16661/ERR16661410/ERR16661410.lite.1;worldwide;anonymous;gs://sra-pub-zq-107/ERR16661410/ERR16661410.lite.1;gs.us-east1;gcp identity;;10/02/2026;isabelle feinauer;public;GX0024;1832;brown bear;Europe;Sweden;GX0024;Ursus arctos;;http://ftp.sra.ebi.ac.uk/vol1/fastq/ERR166/010/ERR16661410/ERR16661410_1.fastq.gz;http://ftp.sra.ebi.ac.uk/vol1/fastq/ERR166/010/ERR16661410/ERR16661410_2.fastq.gz;;era-fasp@fasp.sra.ebi.ac.uk:vol1/fastq/ERR166/010/ERR16661410/ERR16661410_1.fastq.gz;era-fasp@fasp.sra.ebi.ac.uk:vol1/fastq/ERR166/010/ERR16661410/ERR16661410_2.fastq.gz;;;;;;;;;;;;;
ERR16661411;ERP161503;Scandinavian brown bear whole genomes;ERX16051879;Illumina NovaSeq 6000 paired end sequencing;Illumina NovaSeq 6000 paired end sequencing;9644;Ursus arctos;NA;WGS;GENOMIC;RANDOM;PAIRED;ERS28818199;;SAMEA121272834;PRJEB77023;Illumina NovaSeq 6000;Illumina NovaSeq 6000;ILLUMINA;17177439;1110694883;17177439;3469842678;ena-RUN-TAB-09-02-2026-07:55:32:789-10621;ERR16661411.lite;901740346;15/02/2026 10:40;1212dc659d900623be3371cc36b9465f;1;SRA Lite;Primary ETL;1;s3://sra-pub-zq-9/ERR16661411/ERR16661411.lite.1;s3.us-east-1;aws identity;https://sra-downloadb.be-md.ncbi.nlm.nih.gov/sos10/sra-pub-zq-1002/ERR016/16661/ERR16661411/ERR16661411.lite.1;https://sra-downloadb.be-md.ncbi.nlm.nih.gov/sos10/sra-pub-zq-1002/ERR016/16661/ERR16661411/ERR16661411.lite.1;worldwide;anonymous;gs://sra-pub-zq-105/ERR16661411/ERR16661411.lite.1;gs.us-east1;gcp identity;;10/02/2026;isabelle feinauer;public;GX0024;1832;brown bear;Europe;Sweden;GX0024;Ursus arctos;;http://ftp.sra.ebi.ac.uk/vol1/fastq/ERR166/011/ERR16661411/ERR16661411_1.fastq.gz;http://ftp.sra.ebi.ac.uk/vol1/fastq/ERR166/011/ERR16661411/ERR16661411_2.fastq.gz;;era-fasp@fasp.sra.ebi.ac.uk:vol1/fastq/ERR166/011/ERR16661411/ERR16661411_1.fastq.gz;era-fasp@fasp.sra.ebi.ac.uk:vol1/fastq/ERR166/011/ERR16661411/ERR16661411_2.fastq.gz;;;;;;;;;;;;;
ERR16661412;ERP161503;Scandinavian brown bear whole genomes;ERX16051880;Illumina NovaSeq 6000 paired end sequencing;Illumina NovaSeq 6000 paired end sequencing;9644;Ursus arctos;NA;WGS;GENOMIC;RANDOM;PAIRED;ERS28818199;;SAMEA121272834;PRJEB77023;Illumina NovaSeq 6000;Illumina NovaSeq 6000;ILLUMINA;17035908;1104472670;17035908;3441253416;ena-RUN-TAB-09-02-2026-07:55:32:789-10623;ERR16661412.lite;894335983;14/02/2026 02:34;9050436137d01b6c77118e3b504c82ac;1;SRA Lite;Primary ETL;1;s3://sra-pub-zq-6/ERR16661412/ERR16661412.lite.1;s3.us-east-1;aws identity;https://sra-downloadb.be-md.ncbi.nlm.nih.gov/sos10/sra-pub-zq-1002/ERR016/16661/ERR16661412/ERR16661412.lite.1;https://sra-downloadb.be-md.ncbi.nlm.nih.gov/sos10/sra-pub-zq-1002/ERR016/16661/ERR16661412/ERR16661412.lite.1;worldwide;anonymous;gs://sra-pub-zq-102/ERR16661412/ERR16661412.lite.1;gs.us-east1;gcp identity;;10/02/2026;isabelle feinauer;public;GX0024;1832;brown bear;Europe;Sweden;GX0024;Ursus arctos;;http://ftp.sra.ebi.ac.uk/vol1/fastq/ERR166/012/ERR16661412/ERR16661412_1.fastq.gz;http://ftp.sra.ebi.ac.uk/vol1/fastq/ERR166/012/ERR16661412/ERR16661412_2.fastq.gz;;era-fasp@fasp.sra.ebi.ac.uk:vol1/fastq/ERR166/012/ERR16661412/ERR16661412_1.fastq.gz;era-fasp@fasp.sra.ebi.ac.uk:vol1/fastq/ERR166/012/ERR16661412/ERR16661412_2.fastq.gz;;;;;;;;;;;;;
ERR16661413;ERP161503;Scandinavian brown bear whole genomes;ERX16051881;Illumina NovaSeq 6000 paired end sequencing;Illumina NovaSeq 6000 paired end sequencing;9644;Ursus arctos;NA;WGS;GENOMIC;RANDOM;PAIRED;ERS28818199;;SAMEA121272834;PRJEB77023;Illumina NovaSeq 6000;Illumina NovaSeq 6000;ILLUMINA;17221119;1111712231;17221119;3478666038;ena-RUN-TAB-09-02-2026-07:55:32:790-10625;ERR16661413.lite;904086837;15/02/2026 04:46;30e8d52a99daafcaf8883e5d2adeca3d;1;SRA Lite;Primary ETL;1;s3://sra-pub-zq-5/ERR16661413/ERR16661413.lite.1;s3.us-east-1;aws identity;https://sra-downloadb.be-md.ncbi.nlm.nih.gov/sos10/sra-pub-zq-1002/ERR016/16661/ERR16661413/ERR16661413.lite.1;https://sra-downloadb.be-md.ncbi.nlm.nih.gov/sos10/sra-pub-zq-1002/ERR016/16661/ERR16661413/ERR16661413.lite.1;worldwide;anonymous;gs://sra-pub-zq-101/ERR16661413/ERR16661413.lite.1;gs.us-east1;gcp identity;;10/02/2026;isabelle feinauer;public;GX0024;1832;brown bear;Europe;Sweden;GX0024;Ursus arctos;;http://ftp.sra.ebi.ac.uk/vol1/fastq/ERR166/013/ERR16661413/ERR16661413_1.fastq.gz;http://ftp.sra.ebi.ac.uk/vol1/fastq/ERR166/013/ERR16661413/ERR16661413_2.fastq.gz;;era-fasp@fasp.sra.ebi.ac.uk:vol1/fastq/ERR166/013/ERR16661413/ERR16661413_1.fastq.gz;era-fasp@fasp.sra.ebi.ac.uk:vol1/fastq/ERR166/013/ERR16661413/ERR16661413_2.fastq.gz;;;;;;;;;;;;;
ERR16661414;ERP161503;Scandinavian brown bear whole genomes;ERX16051882;Illumina NovaSeq 6000 paired end sequencing;Illumina NovaSeq 6000 paired end sequencing;9644;Ursus arctos;NA;WGS;GENOMIC;RANDOM;PAIRED;ERS28818199;;SAMEA121272834;PRJEB77023;Illumina NovaSeq 6000;Illumina NovaSeq 6000;ILLUMINA;17294933;1128057585;17294933;3493576466;ena-RUN-TAB-09-02-2026-07:55:32:790-10627;ERR16661414.lite;908296968;11/02/2026 20:35;9417337df33fcc5343eafb5fc5374603;1;SRA Lite;Primary ETL;1;s3://sra-pub-zq-8/ERR16661414/ERR16661414.lite.1;s3.us-east-1;aws identity;https://sra-downloadb.be-md.ncbi.nlm.nih.gov/sos10/sra-pub-zq-1002/ERR016/16661/ERR16661414/ERR16661414.lite.1;https://sra-downloadb.be-md.ncbi.nlm.nih.gov/sos10/sra-pub-zq-1002/ERR016/16661/ERR16661414/ERR16661414.lite.1;worldwide;anonymous;gs://sra-pub-zq-107/ERR16661414/ERR16661414.lite.1;gs.us-east1;gcp identity;;10/02/2026;isabelle feinauer;public;GX0024;1832;brown bear;Europe;Sweden;GX0024;Ursus arctos;;http://ftp.sra.ebi.ac.uk/vol1/fastq/ERR166/014/ERR16661414/ERR16661414_1.fastq.gz;http://ftp.sra.ebi.ac.uk/vol1/fastq/ERR166/014/ERR16661414/ERR16661414_2.fastq.gz;;era-fasp@fasp.sra.ebi.ac.uk:vol1/fastq/ERR166/014/ERR16661414/ERR16661414_1.fastq.gz;era-fasp@fasp.sra.ebi.ac.uk:vol1/fastq/ERR166/014/ERR16661414/ERR16661414_2.fastq.gz;;;;;;;;;;;;;
ERR16661415;ERP161503;Scandinavian brown bear whole genomes;ERX16051883;Illumina NovaSeq 6000 paired end sequencing;Illumina NovaSeq 6000 paired end sequencing;9644;Ursus arctos;NA;WGS;GENOMIC;RANDOM;PAIRED;ERS28818199;;SAMEA121272834;PRJEB77023;Illumina NovaSeq 6000;Illumina NovaSeq 6000;ILLUMINA;17390828;1128266162;17390828;3512947256;ena-RUN-TAB-09-02-2026-07:55:32:790-10629;ERR16661415.lite;913278204;15/02/2026 10:42;af55a22bbe7211ff7164386fc501e080;1;SRA Lite;Primary ETL;1;s3://sra-pub-zq-9/ERR16661415/ERR16661415.lite.1;s3.us-east-1;aws identity;https://sra-downloadb.be-md.ncbi.nlm.nih.gov/sos10/sra-pub-zq-1002/ERR016/16661/ERR16661415/ERR16661415.lite.1;https://sra-downloadb.be-md.ncbi.nlm.nih.gov/sos10/sra-pub-zq-1002/ERR016/16661/ERR16661415/ERR16661415.lite.1;worldwide;anonymous;gs://sra-pub-zq-105/ERR16661415/ERR16661415.lite.1;gs.us-east1;gcp identity;;10/02/2026;isabelle feinauer;public;GX0024;1832;brown bear;Europe;Sweden;GX0024;Ursus arctos;;http://ftp.sra.ebi.ac.uk/vol1/fastq/ERR166/015/ERR16661415/ERR16661415_1.fastq.gz;http://ftp.sra.ebi.ac.uk/vol1/fastq/ERR166/015/ERR16661415/ERR16661415_2.fastq.gz;;era-fasp@fasp.sra.ebi.ac.uk:vol1/fastq/ERR166/015/ERR16661415/ERR16661415_1.fastq.gz;era-fasp@fasp.sra.ebi.ac.uk:vol1/fastq/ERR166/015/ERR16661415/ERR16661415_2.fastq.gz;;;;;;;;;;;;;
ERR16661416;ERP161503;Scandinavian brown bear whole genomes;ERX16051884;Illumina NovaSeq 6000 paired end sequencing;Illumina NovaSeq 6000 paired end sequencing;9644;Ursus arctos;NA;WGS;GENOMIC;RANDOM;PAIRED;ERS28818199;;SAMEA121272834;PRJEB77023;Illumina NovaSeq 6000;Illumina NovaSeq 6000;ILLUMINA;17274250;1123869958;17274250;3489398500;ena-RUN-TAB-09-02-2026-07:55:32:791-10631;P28459_1021_S21_L003_R1_001.fastq.gz;815099507;15/02/2026 02:42;c8194771bf98f933c866b1b14d767fa5;1;fastq;Original;0;s3://sra-pub-src-6/ERR16661416/P28459_1021_S21_L003_R1_001.fastq.gz.1;-;Use Cloud Data Delivery;https://sra-pub-run-odp.s3.amazonaws.com/sra/ERR16661416/ERR16661416;https://sra-downloadb.be-md.ncbi.nlm.nih.gov/sos10/sra-pub-zq-1002/ERR016/16661/ERR16661416/ERR16661416.lite.1;worldwide;anonymous;gs://sra-pub-zq-101/ERR16661416/ERR16661416.lite.1;gs.us-east1;gcp identity;;10/02/2026;isabelle feinauer;public;GX0024;1832;brown bear;Europe;Sweden;GX0024;Ursus arctos;;http://ftp.sra.ebi.ac.uk/vol1/fastq/ERR166/016/ERR16661416/ERR16661416_1.fastq.gz;http://ftp.sra.ebi.ac.uk/vol1/fastq/ERR166/016/ERR16661416/ERR16661416_2.fastq.gz;;era-fasp@fasp.sra.ebi.ac.uk:vol1/fastq/ERR166/016/ERR16661416/ERR16661416_1.fastq.gz;era-fasp@fasp.sra.ebi.ac.uk:vol1/fastq/ERR166/016/ERR16661416/ERR16661416_2.fastq.gz;;;;;;;;;;;;;
ERR16661417;ERP161503;Scandinavian brown bear whole genomes;ERX16051885;Illumina NovaSeq 6000 paired end sequencing;Illumina NovaSeq 6000 paired end sequencing;9644;Ursus arctos;NA;WGS;GENOMIC;RANDOM;PAIRED;ERS28818199;;SAMEA121272834;PRJEB77023;Illumina NovaSeq 6000;Illumina NovaSeq 6000;ILLUMINA;17428605;1129118073;17428605;3520578210;ena-RUN-TAB-09-02-2026-07:55:32:791-10633;ERR16661417.lite;915254294;16/02/2026 11:06;a20e9d1b2c8a7f7c72441d4094a43623;1;SRA Lite;Primary ETL;1;s3://sra-pub-zq-2/ERR16661417/ERR16661417.lite.1;s3.us-east-1;aws identity;https://sra-downloadb.be-md.ncbi.nlm.nih.gov/sos10/sra-pub-zq-1002/ERR016/16661/ERR16661417/ERR16661417.lite.1;https://sra-downloadb.be-md.ncbi.nlm.nih.gov/sos10/sra-pub-zq-1002/ERR016/16661/ERR16661417/ERR16661417.lite.1;worldwide;anonymous;gs://sra-pub-zq-102/ERR16661417/ERR16661417.lite.1;gs.us-east1;gcp identity;;10/02/2026;isabelle feinauer;public;GX0024;1832;brown bear;Europe;Sweden;GX0024;Ursus arctos;;http://ftp.sra.ebi.ac.uk/vol1/fastq/ERR166/017/ERR16661417/ERR16661417_1.fastq.gz;http://ftp.sra.ebi.ac.uk/vol1/fastq/ERR166/017/ERR16661417/ERR16661417_2.fastq.gz;;era-fasp@fasp.sra.ebi.ac.uk:vol1/fastq/ERR166/017/ERR16661417/ERR16661417_1.fastq.gz;era-fasp@fasp.sra.ebi.ac.uk:vol1/fastq/ERR166/017/ERR16661417/ERR16661417_2.fastq.gz;;;;;;;;;;;;;
ERR16661418;ERP161503;Scandinavian brown bear whole genomes;ERX16051886;Illumina NovaSeq 6000 paired end sequencing;Illumina NovaSeq 6000 paired end sequencing;9644;Ursus arctos;NA;WGS;GENOMIC;RANDOM;PAIRED;ERS28818199;;SAMEA121272834;PRJEB77023;Illumina NovaSeq 6000;Illumina NovaSeq 6000;ILLUMINA;30748741;2005851227;30748741;6211245682;ena-RUN-TAB-09-02-2026-07:55:32:792-10635;P28459_1066_S66_L001_R1_001.fastq.gz;1463600106;14/02/2026 00:35;9993d353d4c893b24f8a16177f76e635;1;fastq;Original;0;s3://sra-pub-src-5/ERR16661418/P28459_1066_S66_L001_R1_001.fastq.gz.1;-;Use Cloud Data Delivery;https://sra-pub-run-odp.s3.amazonaws.com/sra/ERR16661418/ERR16661418;https://sra-downloadb.be-md.ncbi.nlm.nih.gov/sos10/sra-pub-zq-1002/ERR016/16661/ERR16661418/ERR16661418.lite.1;worldwide;anonymous;gs://sra-pub-zq-102/ERR16661418/ERR16661418.lite.1;gs.us-east1;gcp identity;;10/02/2026;isabelle feinauer;public;GX0024;1832;brown bear;Europe;Sweden;GX0024;Ursus arctos;;http://ftp.sra.ebi.ac.uk/vol1/fastq/ERR166/018/ERR16661418/ERR16661418_1.fastq.gz;http://ftp.sra.ebi.ac.uk/vol1/fastq/ERR166/018/ERR16661418/ERR16661418_2.fastq.gz;;era-fasp@fasp.sra.ebi.ac.uk:vol1/fastq/ERR166/018/ERR16661418/ERR16661418_1.fastq.gz;era-fasp@fasp.sra.ebi.ac.uk:vol1/fastq/ERR166/018/ERR16661418/ERR16661418_2.fastq.gz;;;;;;;;;;;;;
ERR16661419;ERP161503;Scandinavian brown bear whole genomes;ERX16051887;Illumina NovaSeq 6000 paired end sequencing;Illumina NovaSeq 6000 paired end sequencing;9644;Ursus arctos;NA;WGS;GENOMIC;RANDOM;PAIRED;ERS28818199;;SAMEA121272834;PRJEB77023;Illumina NovaSeq 6000;Illumina NovaSeq 6000;ILLUMINA;30961756;2009861490;30961756;6254274712;ena-RUN-TAB-09-02-2026-07:55:32:792-10637;ERR16661419.lite;1619715761;11/02/2026 14:27;e0e7854179f54f1ddf6b54433725f177;1;SRA Lite;Primary ETL;1;s3://sra-pub-zq-8/ERR16661419/ERR16661419.lite.1;s3.us-east-1;aws identity;https://sra-downloadb.be-md.ncbi.nlm.nih.gov/sos10/sra-pub-zq-1002/ERR016/16661/ERR16661419/ERR16661419.lite.1;https://sra-downloadb.be-md.ncbi.nlm.nih.gov/sos10/sra-pub-zq-1002/ERR016/16661/ERR16661419/ERR16661419.lite.1;worldwide;anonymous;gs://sra-pub-zq-107/ERR16661419/ERR16661419.lite.1;gs.us-east1;gcp identity;;10/02/2026;isabelle feinauer;public;GX0024;1832;brown bear;Europe;Sweden;GX0024;Ursus arctos;;http://ftp.sra.ebi.ac.uk/vol1/fastq/ERR166/019/ERR16661419/ERR16661419_1.fastq.gz;http://ftp.sra.ebi.ac.uk/vol1/fastq/ERR166/019/ERR16661419/ERR16661419_2.fastq.gz;;era-fasp@fasp.sra.ebi.ac.uk:vol1/fastq/ERR166/019/ERR16661419/ERR16661419_1.fastq.gz;era-fasp@fasp.sra.ebi.ac.uk:vol1/fastq/ERR166/019/ERR16661419/ERR16661419_2.fastq.gz;;;;;;;;;;;;;
ERR16661420;ERP161503;Scandinavian brown bear whole genomes;ERX16051888;Illumina NovaSeq 6000 paired end sequencing;Illumina NovaSeq 6000 paired end sequencing;9644;Ursus arctos;NA;WGS;GENOMIC;RANDOM;PAIRED;ERS28818199;;SAMEA121272834;PRJEB77023;Illumina NovaSeq 6000;Illumina NovaSeq 6000;ILLUMINA;30653063;1995406297;30653063;6191918726;ena-RUN-TAB-09-02-2026-07:55:32:793-10639;ERR16661420.lite;1603609091;15/02/2026 10:40;759978c75625255ba2faebbc0efdf19b;1;SRA Lite;Primary ETL;1;s3://sra-pub-zq-9/ERR16661420/ERR16661420.lite.1;s3.us-east-1;aws identity;https://sra-downloadb.be-md.ncbi.nlm.nih.gov/sos10/sra-pub-zq-1002/ERR016/16661/ERR16661420/ERR16661420.lite.1;https://sra-downloadb.be-md.ncbi.nlm.nih.gov/sos10/sra-pub-zq-1002/ERR016/16661/ERR16661420/ERR16661420.lite.1;worldwide;anonymous;gs://sra-pub-zq-105/ERR16661420/ERR16661420.lite.1;gs.us-east1;gcp identity;;10/02/2026;isabelle feinauer;public;GX0024;1832;brown bear;Europe;Sweden;GX0024;Ursus arctos;;http://ftp.sra.ebi.ac.uk/vol1/fastq/ERR166/020/ERR16661420/ERR16661420_1.fastq.gz;http://ftp.sra.ebi.ac.uk/vol1/fastq/ERR166/020/ERR16661420/ERR16661420_2.fastq.gz;;era-fasp@fasp.sra.ebi.ac.uk:vol1/fastq/ERR166/020/ERR16661420/ERR16661420_1.fastq.gz;era-fasp@fasp.sra.ebi.ac.uk:vol1/fastq/ERR166/020/ERR16661420/ERR16661420_2.fastq.gz;;;;;;;;;;;;;
ERR16661421;ERP161503;Scandinavian brown bear whole genomes;ERX16051889;Illumina NovaSeq 6000 paired end sequencing;Illumina NovaSeq 6000 paired end sequencing;9644;Ursus arctos;NA;WGS;GENOMIC;RANDOM;PAIRED;ERS28818199;;SAMEA121272834;PRJEB77023;Illumina NovaSeq 6000;Illumina NovaSeq 6000;ILLUMINA;30917392;2003683336;30917392;6245313184;ena-RUN-TAB-09-02-2026-07:55:32:793-10641;P28459_1066_S66_L004_R2_001.fastq.gz;1486664628;15/02/2026 09:44;2fad14ac7472d851ab47124575cbf4f4;1;fastq;Original;0;s3://sra-pub-src-14/ERR16661421/P28459_1066_S66_L004_R2_001.fastq.gz.1;-;Use Cloud Data Delivery;https://sra-pub-run-odp.s3.amazonaws.com/sra/ERR16661421/ERR16661421;https://sra-downloadb.be-md.ncbi.nlm.nih.gov/sos10/sra-pub-zq-1002/ERR016/16661/ERR16661421/ERR16661421.lite.1;worldwide;anonymous;gs://sra-pub-zq-105/ERR16661421/ERR16661421.lite.1;gs.us-east1;gcp identity;;10/02/2026;isabelle feinauer;public;GX0024;1832;brown bear;Europe;Sweden;GX0024;Ursus arctos;;http://ftp.sra.ebi.ac.uk/vol1/fastq/ERR166/021/ERR16661421/ERR16661421_1.fastq.gz;http://ftp.sra.ebi.ac.uk/vol1/fastq/ERR166/021/ERR16661421/ERR16661421_2.fastq.gz;;era-fasp@fasp.sra.ebi.ac.uk:vol1/fastq/ERR166/021/ERR16661421/ERR16661421_1.fastq.gz;era-fasp@fasp.sra.ebi.ac.uk:vol1/fastq/ERR166/021/ERR16661421/ERR16661421_2.fastq.gz;;;;;;;;;;;;;
ERR16661422;ERP161503;Scandinavian brown bear whole genomes;ERX16051890;Illumina NovaSeq 6000 paired end sequencing;Illumina NovaSeq 6000 paired end sequencing;9644;Ursus arctos;NA;WGS;GENOMIC;RANDOM;PAIRED;ERS28818199;;SAMEA121272834;PRJEB77023;Illumina NovaSeq 6000;Illumina NovaSeq 6000;ILLUMINA;16272438;1064817789;16272438;3287032476;ena-RUN-TAB-09-02-2026-07:55:32:793-10643;ERR16661422.lite;854719948;14/02/2026 00:32;172101d7ababc6d18e8586571c8d40ad;1;SRA Lite;Primary ETL;1;s3://sra-pub-zq-6/ERR16661422/ERR16661422.lite.1;s3.us-east-1;aws identity;https://sra-downloadb.be-md.ncbi.nlm.nih.gov/sos10/sra-pub-zq-1002/ERR016/16661/ERR16661422/ERR16661422.lite.1;https://sra-downloadb.be-md.ncbi.nlm.nih.gov/sos10/sra-pub-zq-1002/ERR016/16661/ERR16661422/ERR16661422.lite.1;worldwide;anonymous;gs://sra-pub-zq-108/ERR16661422/ERR16661422.lite.1;gs.us-east1;gcp identity;;10/02/2026;isabelle feinauer;public;GX0024;1832;brown bear;Europe;Sweden;GX0024;Ursus arctos;;http://ftp.sra.ebi.ac.uk/vol1/fastq/ERR166/022/ERR16661422/ERR16661422_1.fastq.gz;http://ftp.sra.ebi.ac.uk/vol1/fastq/ERR166/022/ERR16661422/ERR16661422_2.fastq.gz;;era-fasp@fasp.sra.ebi.ac.uk:vol1/fastq/ERR166/022/ERR16661422/ERR16661422_1.fastq.gz;era-fasp@fasp.sra.ebi.ac.uk:vol1/fastq/ERR166/022/ERR16661422/ERR16661422_2.fastq.gz;;;;;;;;;;;;;
ERR16661423;ERP161503;Scandinavian brown bear whole genomes;ERX16051891;Illumina NovaSeq 6000 paired end sequencing;Illumina NovaSeq 6000 paired end sequencing;9644;Ursus arctos;NA;WGS;GENOMIC;RANDOM;PAIRED;ERS28818199;;SAMEA121272834;PRJEB77023;Illumina NovaSeq 6000;Illumina NovaSeq 6000;ILLUMINA;16374887;1066454900;16374887;3307727174;ena-RUN-TAB-09-02-2026-07:55:32:794-10645;P28459_1067_S67_L002_R1_001.fastq.gz;786037282;13/02/2026 22:26;9cc005b88b3159b1441f4d126ea30837;1;fastq;Original;0;https://sra-pub-src-1.s3.amazonaws.com/ERR16661423/P28459_1067_S67_L002_R1_001.fastq.gz.1;worldwide;anonymous;https://sra-pub-src-1.s3.amazonaws.com/ERR16661423/P28459_1067_S67_L002_R1_001.fastq.gz.1;https://sra-downloadb.be-md.ncbi.nlm.nih.gov/sos10/sra-pub-zq-1002/ERR016/16661/ERR16661423/ERR16661423.lite.1;worldwide;anonymous;gs://sra-pub-zq-108/ERR16661423/ERR16661423.lite.1;gs.us-east1;gcp identity;;10/02/2026;isabelle feinauer;public;GX0024;1832;brown bear;Europe;Sweden;GX0024;Ursus arctos;;http://ftp.sra.ebi.ac.uk/vol1/fastq/ERR166/023/ERR16661423/ERR16661423_1.fastq.gz;http://ftp.sra.ebi.ac.uk/vol1/fastq/ERR166/023/ERR16661423/ERR16661423_2.fastq.gz;;era-fasp@fasp.sra.ebi.ac.uk:vol1/fastq/ERR166/023/ERR16661423/ERR16661423_1.fastq.gz;era-fasp@fasp.sra.ebi.ac.uk:vol1/fastq/ERR166/023/ERR16661423/ERR16661423_2.fastq.gz;;;;;;;;;;;;;
ERR16661424;ERP161503;Scandinavian brown bear whole genomes;ERX16051892;Illumina NovaSeq 6000 paired end sequencing;Illumina NovaSeq 6000 paired end sequencing;9644;Ursus arctos;NA;WGS;GENOMIC;RANDOM;PAIRED;ERS28818199;;SAMEA121272834;PRJEB77023;Illumina NovaSeq 6000;Illumina NovaSeq 6000;ILLUMINA;16219511;1058954421;16219511;3276341222;ena-RUN-TAB-09-02-2026-07:55:32:794-10647;ERR16661424.lite;851939651;15/02/2026 10:40;918422e671096aed597d6ff9c9fdbd96;1;SRA Lite;Primary ETL;1;s3://sra-pub-zq-9/ERR16661424/ERR16661424.lite.1;s3.us-east-1;aws identity;https://sra-downloadb.be-md.ncbi.nlm.nih.gov/sos10/sra-pub-zq-1002/ERR016/16661/ERR16661424/ERR16661424.lite.1;https://sra-downloadb.be-md.ncbi.nlm.nih.gov/sos10/sra-pub-zq-1002/ERR016/16661/ERR16661424/ERR16661424.lite.1;worldwide;anonymous;gs://sra-pub-zq-105/ERR16661424/ERR16661424.lite.1;gs.us-east1;gcp identity;;10/02/2026;isabelle feinauer;public;GX0024;1832;brown bear;Europe;Sweden;GX0024;Ursus arctos;;http://ftp.sra.ebi.ac.uk/vol1/fastq/ERR166/024/ERR16661424/ERR16661424_1.fastq.gz;http://ftp.sra.ebi.ac.uk/vol1/fastq/ERR166/024/ERR16661424/ERR16661424_2.fastq.gz;;era-fasp@fasp.sra.ebi.ac.uk:vol1/fastq/ERR166/024/ERR16661424/ERR16661424_1.fastq.gz;era-fasp@fasp.sra.ebi.ac.uk:vol1/fastq/ERR166/024/ERR16661424/ERR16661424_2.fastq.gz;;;;;;;;;;;;;
ERR16661425;ERP161503;Scandinavian brown bear whole genomes;ERX16051893;Illumina NovaSeq 6000 paired end sequencing;Illumina NovaSeq 6000 paired end sequencing;9644;Ursus arctos;NA;WGS;GENOMIC;RANDOM;PAIRED;ERS28818199;;SAMEA121272834;PRJEB77023;Illumina NovaSeq 6000;Illumina NovaSeq 6000;ILLUMINA;16349607;1063401027;16349607;3302620614;ena-RUN-TAB-09-02-2026-07:55:32:795-10649;ERR16661425.lite;858810169;14/02/2026 02:34;6887fa62d1582e0c260405e0d47c464c;1;SRA Lite;Primary ETL;1;s3://sra-pub-zq-6/ERR16661425/ERR16661425.lite.1;s3.us-east-1;aws identity;https://sra-downloadb.be-md.ncbi.nlm.nih.gov/sos10/sra-pub-zq-1002/ERR016/16661/ERR16661425/ERR16661425.lite.1;https://sra-downloadb.be-md.ncbi.nlm.nih.gov/sos10/sra-pub-zq-1002/ERR016/16661/ERR16661425/ERR16661425.lite.1;worldwide;anonymous;gs://sra-pub-zq-102/ERR16661425/ERR16661425.lite.1;gs.us-east1;gcp identity;;10/02/2026;isabelle feinauer;public;GX0024;1832;brown bear;Europe;Sweden;GX0024;Ursus arctos;;http://ftp.sra.ebi.ac.uk/vol1/fastq/ERR166/025/ERR16661425/ERR16661425_1.fastq.gz;http://ftp.sra.ebi.ac.uk/vol1/fastq/ERR166/025/ERR16661425/ERR16661425_2.fastq.gz;;era-fasp@fasp.sra.ebi.ac.uk:vol1/fastq/ERR166/025/ERR16661425/ERR16661425_1.fastq.gz;era-fasp@fasp.sra.ebi.ac.uk:vol1/fastq/ERR166/025/ERR16661425/ERR16661425_2.fastq.gz;;;;;;;;;;;;;
ERR16661426;ERP161503;Scandinavian brown bear whole genomes;ERX16051894;Illumina NovaSeq 6000 paired end sequencing;Illumina NovaSeq 6000 paired end sequencing;9644;Ursus arctos;NA;WGS;GENOMIC;RANDOM;PAIRED;ERS28818200;;SAMEA121272835;PRJEB77023;Illumina NovaSeq 6000;Illumina NovaSeq 6000;ILLUMINA;22276557;2398474572;22276557;6727520214;ena-RUN-TAB-09-02-2026-07:55:32:795-10651;ERR16661426.lite;1726227391;14/02/2026 02:36;13453130262c4492c8208c5e7d52b3ac;1;SRA Lite;Primary ETL;1;s3://sra-pub-zq-6/ERR16661426/ERR16661426.lite.1;s3.us-east-1;aws identity;https://sra-downloadb.be-md.ncbi.nlm.nih.gov/sos10/sra-pub-zq-1002/ERR016/16661/ERR16661426/ERR16661426.lite.1;https://sra-downloadb.be-md.ncbi.nlm.nih.gov/sos10/sra-pub-zq-1002/ERR016/16661/ERR16661426/ERR16661426.lite.1;worldwide;anonymous;gs://sra-pub-zq-102/ERR16661426/ERR16661426.lite.1;gs.us-east1;gcp identity;;10/02/2026;isabelle feinauer;public;GX0032;1842;brown bear;Europe;Sweden;GX0032;Ursus arctos;;http://ftp.sra.ebi.ac.uk/vol1/fastq/ERR166/026/ERR16661426/ERR16661426_1.fastq.gz;http://ftp.sra.ebi.ac.uk/vol1/fastq/ERR166/026/ERR16661426/ERR16661426_2.fastq.gz;;era-fasp@fasp.sra.ebi.ac.uk:vol1/fastq/ERR166/026/ERR16661426/ERR16661426_1.fastq.gz;era-fasp@fasp.sra.ebi.ac.uk:vol1/fastq/ERR166/026/ERR16661426/ERR16661426_2.fastq.gz;;;;;;;;;;;;;
ERR16661427;ERP161503;Scandinavian brown bear whole genomes;ERX16051895;Illumina NovaSeq 6000 paired end sequencing;Illumina NovaSeq 6000 paired end sequencing;9644;Ursus arctos;NA;WGS;GENOMIC;RANDOM;PAIRED;ERS28818200;;SAMEA121272835;PRJEB77023;Illumina NovaSeq 6000;Illumina NovaSeq 6000;ILLUMINA;18992287;1244568635;18992287;3836441974;ena-RUN-TAB-09-02-2026-07:55:32:795-10653;P28459_1022_S22_L001_R1_001.fastq.gz;895090267;14/02/2026 03:36;7d3140387f590f9bc55267826e4e7aab;1;fastq;Original;0;s3://sra-pub-src-3/ERR16661427/P28459_1022_S22_L001_R1_001.fastq.gz.1;-;Use Cloud Data Delivery;https://sra-pub-run-odp.s3.amazonaws.com/sra/ERR16661427/ERR16661427;https://sra-downloadb.be-md.ncbi.nlm.nih.gov/sos10/sra-pub-zq-1002/ERR016/16661/ERR16661427/ERR16661427.lite.1;worldwide;anonymous;gs://sra-pub-zq-102/ERR16661427/ERR16661427.lite.1;gs.us-east1;gcp identity;;10/02/2026;isabelle feinauer;public;GX0032;1842;brown bear;Europe;Sweden;GX0032;Ursus arctos;;http://ftp.sra.ebi.ac.uk/vol1/fastq/ERR166/027/ERR16661427/ERR16661427_1.fastq.gz;http://ftp.sra.ebi.ac.uk/vol1/fastq/ERR166/027/ERR16661427/ERR16661427_2.fastq.gz;;era-fasp@fasp.sra.ebi.ac.uk:vol1/fastq/ERR166/027/ERR16661427/ERR16661427_1.fastq.gz;era-fasp@fasp.sra.ebi.ac.uk:vol1/fastq/ERR166/027/ERR16661427/ERR16661427_2.fastq.gz;;;;;;;;;;;;;
ERR16661428;ERP161503;Scandinavian brown bear whole genomes;ERX16051896;Illumina NovaSeq 6000 paired end sequencing;Illumina NovaSeq 6000 paired end sequencing;9644;Ursus arctos;NA;WGS;GENOMIC;RANDOM;PAIRED;ERS28818200;;SAMEA121272835;PRJEB77023;Illumina NovaSeq 6000;Illumina NovaSeq 6000;ILLUMINA;19218466;1253207117;19218466;3882130132;ena-RUN-TAB-09-02-2026-07:55:32:796-10655;ERR16661428.lite;1008979773;14/02/2026 02:35;bcc486fae3a06122cb08730df692ab22;1;SRA Lite;Primary ETL;1;s3://sra-pub-zq-6/ERR16661428/ERR16661428.lite.1;s3.us-east-1;aws identity;https://sra-downloadb.be-md.ncbi.nlm.nih.gov/sos10/sra-pub-zq-1002/ERR016/16661/ERR16661428/ERR16661428.lite.1;https://sra-downloadb.be-md.ncbi.nlm.nih.gov/sos10/sra-pub-zq-1002/ERR016/16661/ERR16661428/ERR16661428.lite.1;worldwide;anonymous;gs://sra-pub-zq-102/ERR16661428/ERR16661428.lite.1;gs.us-east1;gcp identity;;10/02/2026;isabelle feinauer;public;GX0032;1842;brown bear;Europe;Sweden;GX0032;Ursus arctos;;http://ftp.sra.ebi.ac.uk/vol1/fastq/ERR166/028/ERR16661428/ERR16661428_1.fastq.gz;http://ftp.sra.ebi.ac.uk/vol1/fastq/ERR166/028/ERR16661428/ERR16661428_2.fastq.gz;;era-fasp@fasp.sra.ebi.ac.uk:vol1/fastq/ERR166/028/ERR16661428/ERR16661428_1.fastq.gz;era-fasp@fasp.sra.ebi.ac.uk:vol1/fastq/ERR166/028/ERR16661428/ERR16661428_2.fastq.gz;;;;;;;;;;;;;
ERR16661429;ERP161503;Scandinavian brown bear whole genomes;ERX16051897;Illumina NovaSeq 6000 paired end sequencing;Illumina NovaSeq 6000 paired end sequencing;9644;Ursus arctos;NA;WGS;GENOMIC;RANDOM;PAIRED;ERS28818200;;SAMEA121272835;PRJEB77023;Illumina NovaSeq 6000;Illumina NovaSeq 6000;ILLUMINA;18977381;1240181555;18977381;3833430962;ena-RUN-TAB-09-02-2026-07:55:32:796-10657;ERR16661429.lite;996312394;14/02/2026 00:32;0918fe4d6d967b054b5c512da4f0d54b;1;SRA Lite;Primary ETL;1;s3://sra-pub-zq-6/ERR16661429/ERR16661429.lite.1;s3.us-east-1;aws identity;https://sra-downloadb.be-md.ncbi.nlm.nih.gov/sos10/sra-pub-zq-1002/ERR016/16661/ERR16661429/ERR16661429.lite.1;https://sra-downloadb.be-md.ncbi.nlm.nih.gov/sos10/sra-pub-zq-1002/ERR016/16661/ERR16661429/ERR16661429.lite.1;worldwide;anonymous;gs://sra-pub-zq-108/ERR16661429/ERR16661429.lite.1;gs.us-east1;gcp identity;;10/02/2026;isabelle feinauer;public;GX0032;1842;brown bear;Europe;Sweden;GX0032;Ursus arctos;;http://ftp.sra.ebi.ac.uk/vol1/fastq/ERR166/029/ERR16661429/ERR16661429_1.fastq.gz;http://ftp.sra.ebi.ac.uk/vol1/fastq/ERR166/029/ERR16661429/ERR16661429_2.fastq.gz;;era-fasp@fasp.sra.ebi.ac.uk:vol1/fastq/ERR166/029/ERR16661429/ERR16661429_1.fastq.gz;era-fasp@fasp.sra.ebi.ac.uk:vol1/fastq/ERR166/029/ERR16661429/ERR16661429_2.fastq.gz;;;;;;;;;;;;;
ERR16661430;ERP161503;Scandinavian brown bear whole genomes;ERX16051898;Illumina NovaSeq 6000 paired end sequencing;Illumina NovaSeq 6000 paired end sequencing;9644;Ursus arctos;NA;WGS;GENOMIC;RANDOM;PAIRED;ERS28818200;;SAMEA121272835;PRJEB77023;Illumina NovaSeq 6000;Illumina NovaSeq 6000;ILLUMINA;19286784;1256326426;19286784;3895930368;ena-RUN-TAB-09-02-2026-07:55:32:796-10659;ERR16661430.lite;1012542239;14/02/2026 02:35;44d9c4ce69474c14ef5960f9acd88e9f;1;SRA Lite;Primary ETL;1;s3://sra-pub-zq-6/ERR16661430/ERR16661430.lite.1;s3.us-east-1;aws identity;https://sra-downloadb.be-md.ncbi.nlm.nih.gov/sos10/sra-pub-zq-1002/ERR016/16661/ERR16661430/ERR16661430.lite.1;https://sra-downloadb.be-md.ncbi.nlm.nih.gov/sos10/sra-pub-zq-1002/ERR016/16661/ERR16661430/ERR16661430.lite.1;worldwide;anonymous;gs://sra-pub-zq-102/ERR16661430/ERR16661430.lite.1;gs.us-east1;gcp identity;;10/02/2026;isabelle feinauer;public;GX0032;1842;brown bear;Europe;Sweden;GX0032;Ursus arctos;;http://ftp.sra.ebi.ac.uk/vol1/fastq/ERR166/030/ERR16661430/ERR16661430_1.fastq.gz;http://ftp.sra.ebi.ac.uk/vol1/fastq/ERR166/030/ERR16661430/ERR16661430_2.fastq.gz;;era-fasp@fasp.sra.ebi.ac.uk:vol1/fastq/ERR166/030/ERR16661430/ERR16661430_1.fastq.gz;era-fasp@fasp.sra.ebi.ac.uk:vol1/fastq/ERR166/030/ERR16661430/ERR16661430_2.fastq.gz;;;;;;;;;;;;;
ERR16661431;ERP161503;Scandinavian brown bear whole genomes;ERX16051899;Illumina NovaSeq 6000 paired end sequencing;Illumina NovaSeq 6000 paired end sequencing;9644;Ursus arctos;NA;WGS;GENOMIC;RANDOM;PAIRED;ERS28818200;;SAMEA121272835;PRJEB77023;Illumina NovaSeq 6000;Illumina NovaSeq 6000;ILLUMINA;19932913;1286966211;19932913;4026448426;ena-RUN-TAB-09-02-2026-07:55:32:797-10661;ERR16661431.lite;1045630025;14/02/2026 00:31;e8f2f220224e2b26530dff221e2e1752;1;SRA Lite;Primary ETL;1;s3://sra-pub-zq-6/ERR16661431/ERR16661431.lite.1;s3.us-east-1;aws identity;https://sra-downloadb.be-md.ncbi.nlm.nih.gov/sos10/sra-pub-zq-1002/ERR016/16661/ERR16661431/ERR16661431.lite.1;https://sra-downloadb.be-md.ncbi.nlm.nih.gov/sos10/sra-pub-zq-1002/ERR016/16661/ERR16661431/ERR16661431.lite.1;worldwide;anonymous;gs://sra-pub-zq-108/ERR16661431/ERR16661431.lite.1;gs.us-east1;gcp identity;;10/02/2026;isabelle feinauer;public;GX0032;1842;brown bear;Europe;Sweden;GX0032;Ursus arctos;;http://ftp.sra.ebi.ac.uk/vol1/fastq/ERR166/031/ERR16661431/ERR16661431_1.fastq.gz;http://ftp.sra.ebi.ac.uk/vol1/fastq/ERR166/031/ERR16661431/ERR16661431_2.fastq.gz;;era-fasp@fasp.sra.ebi.ac.uk:vol1/fastq/ERR166/031/ERR16661431/ERR16661431_1.fastq.gz;era-fasp@fasp.sra.ebi.ac.uk:vol1/fastq/ERR166/031/ERR16661431/ERR16661431_2.fastq.gz;;;;;;;;;;;;;
ERR16661432;ERP161503;Scandinavian brown bear whole genomes;ERX16051900;Illumina NovaSeq 6000 paired end sequencing;Illumina NovaSeq 6000 paired end sequencing;9644;Ursus arctos;NA;WGS;GENOMIC;RANDOM;PAIRED;ERS28818200;;SAMEA121272835;PRJEB77023;Illumina NovaSeq 6000;Illumina NovaSeq 6000;ILLUMINA;20145861;1293994611;20145861;4069463922;ena-RUN-TAB-09-02-2026-07:55:32:797-10663;ERR16661432.lite;1056768443;15/02/2026 10:41;b1e28aabab3b624eadd21fc4380e112c;1;SRA Lite;Primary ETL;1;s3://sra-pub-zq-9/ERR16661432/ERR16661432.lite.1;s3.us-east-1;aws identity;https://sra-downloadb.be-md.ncbi.nlm.nih.gov/sos10/sra-pub-zq-1002/ERR016/16661/ERR16661432/ERR16661432.lite.1;https://sra-downloadb.be-md.ncbi.nlm.nih.gov/sos10/sra-pub-zq-1002/ERR016/16661/ERR16661432/ERR16661432.lite.1;worldwide;anonymous;gs://sra-pub-zq-105/ERR16661432/ERR16661432.lite.1;gs.us-east1;gcp identity;;10/02/2026;isabelle feinauer;public;GX0032;1842;brown bear;Europe;Sweden;GX0032;Ursus arctos;;http://ftp.sra.ebi.ac.uk/vol1/fastq/ERR166/032/ERR16661432/ERR16661432_1.fastq.gz;http://ftp.sra.ebi.ac.uk/vol1/fastq/ERR166/032/ERR16661432/ERR16661432_2.fastq.gz;;era-fasp@fasp.sra.ebi.ac.uk:vol1/fastq/ERR166/032/ERR16661432/ERR16661432_1.fastq.gz;era-fasp@fasp.sra.ebi.ac.uk:vol1/fastq/ERR166/032/ERR16661432/ERR16661432_2.fastq.gz;;;;;;;;;;;;;
ERR16661433;ERP161503;Scandinavian brown bear whole genomes;ERX16051901;Illumina NovaSeq 6000 paired end sequencing;Illumina NovaSeq 6000 paired end sequencing;9644;Ursus arctos;NA;WGS;GENOMIC;RANDOM;PAIRED;ERS28818200;;SAMEA121272835;PRJEB77023;Illumina NovaSeq 6000;Illumina NovaSeq 6000;ILLUMINA;19923523;1282876562;19923523;4024551646;ena-RUN-TAB-09-02-2026-07:55:32:797-10665;ERR16661433.lite;1045138008;15/02/2026 10:42;2f5ec0d4955609482bd945db12c34a73;1;SRA Lite;Primary ETL;1;s3://sra-pub-zq-9/ERR16661433/ERR16661433.lite.1;s3.us-east-1;aws identity;https://sra-downloadb.be-md.ncbi.nlm.nih.gov/sos10/sra-pub-zq-1002/ERR016/16661/ERR16661433/ERR16661433.lite.1;https://sra-downloadb.be-md.ncbi.nlm.nih.gov/sos10/sra-pub-zq-1002/ERR016/16661/ERR16661433/ERR16661433.lite.1;worldwide;anonymous;gs://sra-pub-zq-105/ERR16661433/ERR16661433.lite.1;gs.us-east1;gcp identity;;10/02/2026;isabelle feinauer;public;GX0032;1842;brown bear;Europe;Sweden;GX0032;Ursus arctos;;http://ftp.sra.ebi.ac.uk/vol1/fastq/ERR166/033/ERR16661433/ERR16661433_1.fastq.gz;http://ftp.sra.ebi.ac.uk/vol1/fastq/ERR166/033/ERR16661433/ERR16661433_2.fastq.gz;;era-fasp@fasp.sra.ebi.ac.uk:vol1/fastq/ERR166/033/ERR16661433/ERR16661433_1.fastq.gz;era-fasp@fasp.sra.ebi.ac.uk:vol1/fastq/ERR166/033/ERR16661433/ERR16661433_2.fastq.gz;;;;;;;;;;;;;
ERR16661434;ERP161503;Scandinavian brown bear whole genomes;ERX16051902;Illumina NovaSeq 6000 paired end sequencing;Illumina NovaSeq 6000 paired end sequencing;9644;Ursus arctos;NA;WGS;GENOMIC;RANDOM;PAIRED;ERS28818200;;SAMEA121272835;PRJEB77023;Illumina NovaSeq 6000;Illumina NovaSeq 6000;ILLUMINA;20221792;1296661552;20221792;4084801984;ena-RUN-TAB-09-02-2026-07:55:32:798-10667;ERR16661434.lite;1060784554;15/02/2026 10:41;f32a913bb9bb6b56b6c262bae5bb0847;1;SRA Lite;Primary ETL;1;s3://sra-pub-zq-9/ERR16661434/ERR16661434.lite.1;s3.us-east-1;aws identity;https://sra-downloadb.be-md.ncbi.nlm.nih.gov/sos10/sra-pub-zq-1002/ERR016/16661/ERR16661434/ERR16661434.lite.1;https://sra-downloadb.be-md.ncbi.nlm.nih.gov/sos10/sra-pub-zq-1002/ERR016/16661/ERR16661434/ERR16661434.lite.1;worldwide;anonymous;gs://sra-pub-zq-105/ERR16661434/ERR16661434.lite.1;gs.us-east1;gcp identity;;10/02/2026;isabelle feinauer;public;GX0032;1842;brown bear;Europe;Sweden;GX0032;Ursus arctos;;http://ftp.sra.ebi.ac.uk/vol1/fastq/ERR166/034/ERR16661434/ERR16661434_1.fastq.gz;http://ftp.sra.ebi.ac.uk/vol1/fastq/ERR166/034/ERR16661434/ERR16661434_2.fastq.gz;;era-fasp@fasp.sra.ebi.ac.uk:vol1/fastq/ERR166/034/ERR16661434/ERR16661434_1.fastq.gz;era-fasp@fasp.sra.ebi.ac.uk:vol1/fastq/ERR166/034/ERR16661434/ERR16661434_2.fastq.gz;;;;;;;;;;;;;
ERR16661435;ERP161503;Scandinavian brown bear whole genomes;ERX16051903;Illumina NovaSeq 6000 paired end sequencing;Illumina NovaSeq 6000 paired end sequencing;9644;Ursus arctos;NA;WGS;GENOMIC;RANDOM;PAIRED;ERS28818200;;SAMEA121272835;PRJEB77023;Illumina NovaSeq 6000;Illumina NovaSeq 6000;ILLUMINA;20953808;1368673315;20953808;4232669216;ena-RUN-TAB-09-02-2026-07:55:32:798-10669;ERR16661435.lite;1099030805;15/02/2026 10:41;6f464ee0ecc53cd754c0c7e88ce15ba5;1;SRA Lite;Primary ETL;1;s3://sra-pub-zq-9/ERR16661435/ERR16661435.lite.1;s3.us-east-1;aws identity;https://sra-downloadb.be-md.ncbi.nlm.nih.gov/sos10/sra-pub-zq-1002/ERR016/16661/ERR16661435/ERR16661435.lite.1;https://sra-downloadb.be-md.ncbi.nlm.nih.gov/sos10/sra-pub-zq-1002/ERR016/16661/ERR16661435/ERR16661435.lite.1;worldwide;anonymous;gs://sra-pub-zq-105/ERR16661435/ERR16661435.lite.1;gs.us-east1;gcp identity;;10/02/2026;isabelle feinauer;public;GX0032;1842;brown bear;Europe;Sweden;GX0032;Ursus arctos;;http://ftp.sra.ebi.ac.uk/vol1/fastq/ERR166/035/ERR16661435/ERR16661435_1.fastq.gz;http://ftp.sra.ebi.ac.uk/vol1/fastq/ERR166/035/ERR16661435/ERR16661435_2.fastq.gz;;era-fasp@fasp.sra.ebi.ac.uk:vol1/fastq/ERR166/035/ERR16661435/ERR16661435_1.fastq.gz;era-fasp@fasp.sra.ebi.ac.uk:vol1/fastq/ERR166/035/ERR16661435/ERR16661435_2.fastq.gz;;;;;;;;;;;;;
ERR16661436;ERP161503;Scandinavian brown bear whole genomes;ERX16051904;Illumina NovaSeq 6000 paired end sequencing;Illumina NovaSeq 6000 paired end sequencing;9644;Ursus arctos;NA;WGS;GENOMIC;RANDOM;PAIRED;ERS28818200;;SAMEA121272835;PRJEB77023;Illumina NovaSeq 6000;Illumina NovaSeq 6000;ILLUMINA;21048947;1368140707;21048947;4251887294;ena-RUN-TAB-09-02-2026-07:55:32:799-10671;ERR16661436.lite;1104019208;15/02/2026 10:42;4f25803aa7901c5a1ce15a3625919704;1;SRA Lite;Primary ETL;1;s3://sra-pub-zq-9/ERR16661436/ERR16661436.lite.1;s3.us-east-1;aws identity;https://sra-downloadb.be-md.ncbi.nlm.nih.gov/sos10/sra-pub-zq-1002/ERR016/16661/ERR16661436/ERR16661436.lite.1;https://sra-downloadb.be-md.ncbi.nlm.nih.gov/sos10/sra-pub-zq-1002/ERR016/16661/ERR16661436/ERR16661436.lite.1;worldwide;anonymous;gs://sra-pub-zq-105/ERR16661436/ERR16661436.lite.1;gs.us-east1;gcp identity;;10/02/2026;isabelle feinauer;public;GX0032;1842;brown bear;Europe;Sweden;GX0032;Ursus arctos;;http://ftp.sra.ebi.ac.uk/vol1/fastq/ERR166/036/ERR16661436/ERR16661436_1.fastq.gz;http://ftp.sra.ebi.ac.uk/vol1/fastq/ERR166/036/ERR16661436/ERR16661436_2.fastq.gz;;era-fasp@fasp.sra.ebi.ac.uk:vol1/fastq/ERR166/036/ERR16661436/ERR16661436_1.fastq.gz;era-fasp@fasp.sra.ebi.ac.uk:vol1/fastq/ERR166/036/ERR16661436/ERR16661436_2.fastq.gz;;;;;;;;;;;;;
ERR16661437;ERP161503;Scandinavian brown bear whole genomes;ERX16051905;Illumina NovaSeq 6000 paired end sequencing;Illumina NovaSeq 6000 paired end sequencing;9644;Ursus arctos;NA;WGS;GENOMIC;RANDOM;PAIRED;ERS28818200;;SAMEA121272835;PRJEB77023;Illumina NovaSeq 6000;Illumina NovaSeq 6000;ILLUMINA;20911925;1362164435;20911925;4224208850;ena-RUN-TAB-09-02-2026-07:55:32:799-10673;ERR16661437.lite;1096884108;14/02/2026 00:32;b4b8f4049ba64b43526978b15184bfe2;1;SRA Lite;Primary ETL;1;s3://sra-pub-zq-6/ERR16661437/ERR16661437.lite.1;s3.us-east-1;aws identity;https://sra-downloadb.be-md.ncbi.nlm.nih.gov/sos10/sra-pub-zq-1002/ERR016/16661/ERR16661437/ERR16661437.lite.1;https://sra-downloadb.be-md.ncbi.nlm.nih.gov/sos10/sra-pub-zq-1002/ERR016/16661/ERR16661437/ERR16661437.lite.1;worldwide;anonymous;gs://sra-pub-zq-108/ERR16661437/ERR16661437.lite.1;gs.us-east1;gcp identity;;10/02/2026;isabelle feinauer;public;GX0032;1842;brown bear;Europe;Sweden;GX0032;Ursus arctos;;http://ftp.sra.ebi.ac.uk/vol1/fastq/ERR166/037/ERR16661437/ERR16661437_1.fastq.gz;http://ftp.sra.ebi.ac.uk/vol1/fastq/ERR166/037/ERR16661437/ERR16661437_2.fastq.gz;;era-fasp@fasp.sra.ebi.ac.uk:vol1/fastq/ERR166/037/ERR16661437/ERR16661437_1.fastq.gz;era-fasp@fasp.sra.ebi.ac.uk:vol1/fastq/ERR166/037/ERR16661437/ERR16661437_2.fastq.gz;;;;;;;;;;;;;
ERR16661438;ERP161503;Scandinavian brown bear whole genomes;ERX16051906;Illumina NovaSeq 6000 paired end sequencing;Illumina NovaSeq 6000 paired end sequencing;9644;Ursus arctos;NA;WGS;GENOMIC;RANDOM;PAIRED;ERS28818200;;SAMEA121272835;PRJEB77023;Illumina NovaSeq 6000;Illumina NovaSeq 6000;ILLUMINA;21149826;1372988452;21149826;4272264852;ena-RUN-TAB-09-02-2026-07:55:32:799-10675;ERR16661438.lite;1109338899;14/02/2026 08:45;468e36cc90123fe6d987cea7afaf187a;1;SRA Lite;Primary ETL;1;s3://sra-pub-zq-8/ERR16661438/ERR16661438.lite.1;s3.us-east-1;aws identity;https://sra-downloadb.be-md.ncbi.nlm.nih.gov/sos10/sra-pub-zq-1002/ERR016/16661/ERR16661438/ERR16661438.lite.1;https://sra-downloadb.be-md.ncbi.nlm.nih.gov/sos10/sra-pub-zq-1002/ERR016/16661/ERR16661438/ERR16661438.lite.1;worldwide;anonymous;gs://sra-pub-zq-102/ERR16661438/ERR16661438.lite.1;gs.us-east1;gcp identity;;10/02/2026;isabelle feinauer;public;GX0032;1842;brown bear;Europe;Sweden;GX0032;Ursus arctos;;http://ftp.sra.ebi.ac.uk/vol1/fastq/ERR166/038/ERR16661438/ERR16661438_1.fastq.gz;http://ftp.sra.ebi.ac.uk/vol1/fastq/ERR166/038/ERR16661438/ERR16661438_2.fastq.gz;;era-fasp@fasp.sra.ebi.ac.uk:vol1/fastq/ERR166/038/ERR16661438/ERR16661438_1.fastq.gz;era-fasp@fasp.sra.ebi.ac.uk:vol1/fastq/ERR166/038/ERR16661438/ERR16661438_2.fastq.gz;;;;;;;;;;;;;
ERR16661439;ERP161503;Scandinavian brown bear whole genomes;ERX16051907;Illumina NovaSeq 6000 paired end sequencing;Illumina NovaSeq 6000 paired end sequencing;9644;Ursus arctos;NA;WGS;GENOMIC;RANDOM;PAIRED;ERS28818200;;SAMEA121272835;PRJEB77023;Illumina NovaSeq 6000;Illumina NovaSeq 6000;ILLUMINA;21955244;1424313170;21955244;4434959288;ena-RUN-TAB-09-02-2026-07:55:32:800-10677;ERR16661439.lite;1151364185;11/02/2026 17:34;ae109762000ec931c695945fe7038cb7;1;SRA Lite;Primary ETL;1;s3://sra-pub-zq-8/ERR16661439/ERR16661439.lite.1;s3.us-east-1;aws identity;https://sra-downloadb.be-md.ncbi.nlm.nih.gov/sos10/sra-pub-zq-1002/ERR016/16661/ERR16661439/ERR16661439.lite.1;https://sra-downloadb.be-md.ncbi.nlm.nih.gov/sos10/sra-pub-zq-1002/ERR016/16661/ERR16661439/ERR16661439.lite.1;worldwide;anonymous;gs://sra-pub-zq-107/ERR16661439/ERR16661439.lite.1;gs.us-east1;gcp identity;;10/02/2026;isabelle feinauer;public;GX0032;1842;brown bear;Europe;Sweden;GX0032;Ursus arctos;;http://ftp.sra.ebi.ac.uk/vol1/fastq/ERR166/039/ERR16661439/ERR16661439_1.fastq.gz;http://ftp.sra.ebi.ac.uk/vol1/fastq/ERR166/039/ERR16661439/ERR16661439_2.fastq.gz;;era-fasp@fasp.sra.ebi.ac.uk:vol1/fastq/ERR166/039/ERR16661439/ERR16661439_1.fastq.gz;era-fasp@fasp.sra.ebi.ac.uk:vol1/fastq/ERR166/039/ERR16661439/ERR16661439_2.fastq.gz;;;;;;;;;;;;;
ERR16661440;ERP161503;Scandinavian brown bear whole genomes;ERX16051908;Illumina NovaSeq 6000 paired end sequencing;Illumina NovaSeq 6000 paired end sequencing;9644;Ursus arctos;NA;WGS;GENOMIC;RANDOM;PAIRED;ERS28818200;;SAMEA121272835;PRJEB77023;Illumina NovaSeq 6000;Illumina NovaSeq 6000;ILLUMINA;22098259;1425486955;22098259;4463848318;ena-RUN-TAB-09-02-2026-07:55:32:800-10679;ERR16661440.lite;1158835406;14/02/2026 00:30;071c26cca0c4bf6a40349b74b9fb7193;1;SRA Lite;Primary ETL;1;s3://sra-pub-zq-6/ERR16661440/ERR16661440.lite.1;s3.us-east-1;aws identity;https://sra-downloadb.be-md.ncbi.nlm.nih.gov/sos10/sra-pub-zq-1002/ERR016/16661/ERR16661440/ERR16661440.lite.1;https://sra-downloadb.be-md.ncbi.nlm.nih.gov/sos10/sra-pub-zq-1002/ERR016/16661/ERR16661440/ERR16661440.lite.1;worldwide;anonymous;gs://sra-pub-zq-108/ERR16661440/ERR16661440.lite.1;gs.us-east1;gcp identity;;10/02/2026;isabelle feinauer;public;GX0032;1842;brown bear;Europe;Sweden;GX0032;Ursus arctos;;http://ftp.sra.ebi.ac.uk/vol1/fastq/ERR166/040/ERR16661440/ERR16661440_1.fastq.gz;http://ftp.sra.ebi.ac.uk/vol1/fastq/ERR166/040/ERR16661440/ERR16661440_2.fastq.gz;;era-fasp@fasp.sra.ebi.ac.uk:vol1/fastq/ERR166/040/ERR16661440/ERR16661440_1.fastq.gz;era-fasp@fasp.sra.ebi.ac.uk:vol1/fastq/ERR166/040/ERR16661440/ERR16661440_2.fastq.gz;;;;;;;;;;;;;
ERR16661441;ERP161503;Scandinavian brown bear whole genomes;ERX16051909;Illumina NovaSeq 6000 paired end sequencing;Illumina NovaSeq 6000 paired end sequencing;9644;Ursus arctos;NA;WGS;GENOMIC;RANDOM;PAIRED;ERS28818200;;SAMEA121272835;PRJEB77023;Illumina NovaSeq 6000;Illumina NovaSeq 6000;ILLUMINA;21968334;1421083131;21968334;4437603468;ena-RUN-TAB-09-02-2026-07:55:32:800-10681;ERR16661441.lite;1152005545;14/02/2026 02:34;37165549af8b0902a227b527dafc8736;1;SRA Lite;Primary ETL;1;s3://sra-pub-zq-6/ERR16661441/ERR16661441.lite.1;s3.us-east-1;aws identity;https://sra-downloadb.be-md.ncbi.nlm.nih.gov/sos10/sra-pub-zq-1002/ERR016/16661/ERR16661441/ERR16661441.lite.1;https://sra-downloadb.be-md.ncbi.nlm.nih.gov/sos10/sra-pub-zq-1002/ERR016/16661/ERR16661441/ERR16661441.lite.1;worldwide;anonymous;gs://sra-pub-zq-102/ERR16661441/ERR16661441.lite.1;gs.us-east1;gcp identity;;10/02/2026;isabelle feinauer;public;GX0032;1842;brown bear;Europe;Sweden;GX0032;Ursus arctos;;http://ftp.sra.ebi.ac.uk/vol1/fastq/ERR166/041/ERR16661441/ERR16661441_1.fastq.gz;http://ftp.sra.ebi.ac.uk/vol1/fastq/ERR166/041/ERR16661441/ERR16661441_2.fastq.gz;;era-fasp@fasp.sra.ebi.ac.uk:vol1/fastq/ERR166/041/ERR16661441/ERR16661441_1.fastq.gz;era-fasp@fasp.sra.ebi.ac.uk:vol1/fastq/ERR166/041/ERR16661441/ERR16661441_2.fastq.gz;;;;;;;;;;;;;
ERR16661442;ERP161503;Scandinavian brown bear whole genomes;ERX16051910;Illumina NovaSeq 6000 paired end sequencing;Illumina NovaSeq 6000 paired end sequencing;9644;Ursus arctos;NA;WGS;GENOMIC;RANDOM;PAIRED;ERS28818200;;SAMEA121272835;PRJEB77023;Illumina NovaSeq 6000;Illumina NovaSeq 6000;ILLUMINA;22310765;1437309347;22310765;4506774530;ena-RUN-TAB-09-02-2026-07:55:32:800-10683;ERR16661442.lite;1169921658;14/02/2026 08:45;0f8e7b42a26fd660c8cb4ba0d936f6ac;1;SRA Lite;Primary ETL;1;s3://sra-pub-zq-8/ERR16661442/ERR16661442.lite.1;s3.us-east-1;aws identity;https://sra-downloadb.be-md.ncbi.nlm.nih.gov/sos10/sra-pub-zq-1002/ERR016/16661/ERR16661442/ERR16661442.lite.1;https://sra-downloadb.be-md.ncbi.nlm.nih.gov/sos10/sra-pub-zq-1002/ERR016/16661/ERR16661442/ERR16661442.lite.1;worldwide;anonymous;gs://sra-pub-zq-102/ERR16661442/ERR16661442.lite.1;gs.us-east1;gcp identity;;10/02/2026;isabelle feinauer;public;GX0032;1842;brown bear;Europe;Sweden;GX0032;Ursus arctos;;http://ftp.sra.ebi.ac.uk/vol1/fastq/ERR166/042/ERR16661442/ERR16661442_1.fastq.gz;http://ftp.sra.ebi.ac.uk/vol1/fastq/ERR166/042/ERR16661442/ERR16661442_2.fastq.gz;;era-fasp@fasp.sra.ebi.ac.uk:vol1/fastq/ERR166/042/ERR16661442/ERR16661442_1.fastq.gz;era-fasp@fasp.sra.ebi.ac.uk:vol1/fastq/ERR166/042/ERR16661442/ERR16661442_2.fastq.gz;;;;;;;;;;;;;
ERR16661443;ERP161503;Scandinavian brown bear whole genomes;ERX16051911;Illumina NovaSeq 6000 paired end sequencing;Illumina NovaSeq 6000 paired end sequencing;9644;Ursus arctos;NA;WGS;GENOMIC;RANDOM;PAIRED;ERS28818200;;SAMEA121272835;PRJEB77023;Illumina NovaSeq 6000;Illumina NovaSeq 6000;ILLUMINA;23559592;1538510293;23559592;4759037584;ena-RUN-TAB-09-02-2026-07:55:32:801-10685;ERR16661443.lite;1235075741;15/02/2026 10:41;bf2128324a309fc2faba3da9127daae2;1;SRA Lite;Primary ETL;1;s3://sra-pub-zq-9/ERR16661443/ERR16661443.lite.1;s3.us-east-1;aws identity;https://sra-downloadb.be-md.ncbi.nlm.nih.gov/sos10/sra-pub-zq-1002/ERR016/16661/ERR16661443/ERR16661443.lite.1;https://sra-downloadb.be-md.ncbi.nlm.nih.gov/sos10/sra-pub-zq-1002/ERR016/16661/ERR16661443/ERR16661443.lite.1;worldwide;anonymous;gs://sra-pub-zq-105/ERR16661443/ERR16661443.lite.1;gs.us-east1;gcp identity;;10/02/2026;isabelle feinauer;public;GX0032;1842;brown bear;Europe;Sweden;GX0032;Ursus arctos;;http://ftp.sra.ebi.ac.uk/vol1/fastq/ERR166/043/ERR16661443/ERR16661443_1.fastq.gz;http://ftp.sra.ebi.ac.uk/vol1/fastq/ERR166/043/ERR16661443/ERR16661443_2.fastq.gz;;era-fasp@fasp.sra.ebi.ac.uk:vol1/fastq/ERR166/043/ERR16661443/ERR16661443_1.fastq.gz;era-fasp@fasp.sra.ebi.ac.uk:vol1/fastq/ERR166/043/ERR16661443/ERR16661443_2.fastq.gz;;;;;;;;;;;;;
ERR16661444;ERP161503;Scandinavian brown bear whole genomes;ERX16051912;Illumina NovaSeq 6000 paired end sequencing;Illumina NovaSeq 6000 paired end sequencing;9644;Ursus arctos;NA;WGS;GENOMIC;RANDOM;PAIRED;ERS28818200;;SAMEA121272835;PRJEB77023;Illumina NovaSeq 6000;Illumina NovaSeq 6000;ILLUMINA;23763125;1543663807;23763125;4800151250;ena-RUN-TAB-09-02-2026-07:55:32:801-10687;ERR16661444.lite;1245635755;15/02/2026 10:41;62281a72f2c220314a52de8753f5ded7;1;SRA Lite;Primary ETL;1;s3://sra-pub-zq-9/ERR16661444/ERR16661444.lite.1;s3.us-east-1;aws identity;https://sra-downloadb.be-md.ncbi.nlm.nih.gov/sos10/sra-pub-zq-1002/ERR016/16661/ERR16661444/ERR16661444.lite.1;https://sra-downloadb.be-md.ncbi.nlm.nih.gov/sos10/sra-pub-zq-1002/ERR016/16661/ERR16661444/ERR16661444.lite.1;worldwide;anonymous;gs://sra-pub-zq-105/ERR16661444/ERR16661444.lite.1;gs.us-east1;gcp identity;;10/02/2026;isabelle feinauer;public;GX0032;1842;brown bear;Europe;Sweden;GX0032;Ursus arctos;;http://ftp.sra.ebi.ac.uk/vol1/fastq/ERR166/044/ERR16661444/ERR16661444_1.fastq.gz;http://ftp.sra.ebi.ac.uk/vol1/fastq/ERR166/044/ERR16661444/ERR16661444_2.fastq.gz;;era-fasp@fasp.sra.ebi.ac.uk:vol1/fastq/ERR166/044/ERR16661444/ERR16661444_1.fastq.gz;era-fasp@fasp.sra.ebi.ac.uk:vol1/fastq/ERR166/044/ERR16661444/ERR16661444_2.fastq.gz;;;;;;;;;;;;;
ERR16661445;ERP161503;Scandinavian brown bear whole genomes;ERX16051913;Illumina NovaSeq 6000 paired end sequencing;Illumina NovaSeq 6000 paired end sequencing;9644;Ursus arctos;NA;WGS;GENOMIC;RANDOM;PAIRED;ERS28818200;;SAMEA121272835;PRJEB77023;Illumina NovaSeq 6000;Illumina NovaSeq 6000;ILLUMINA;23477627;1529305706;23477627;4742480654;ena-RUN-TAB-09-02-2026-07:55:32:801-10689;ERR16661445.lite;1230644980;14/02/2026 00:32;7fb2025c6ae0e7a4ea384bdbab8eb459;1;SRA Lite;Primary ETL;1;s3://sra-pub-zq-6/ERR16661445/ERR16661445.lite.1;s3.us-east-1;aws identity;https://sra-downloadb.be-md.ncbi.nlm.nih.gov/sos10/sra-pub-zq-1002/ERR016/16661/ERR16661445/ERR16661445.lite.1;https://sra-downloadb.be-md.ncbi.nlm.nih.gov/sos10/sra-pub-zq-1002/ERR016/16661/ERR16661445/ERR16661445.lite.1;worldwide;anonymous;gs://sra-pub-zq-108/ERR16661445/ERR16661445.lite.1;gs.us-east1;gcp identity;;10/02/2026;isabelle feinauer;public;GX0032;1842;brown bear;Europe;Sweden;GX0032;Ursus arctos;;http://ftp.sra.ebi.ac.uk/vol1/fastq/ERR166/045/ERR16661445/ERR16661445_1.fastq.gz;http://ftp.sra.ebi.ac.uk/vol1/fastq/ERR166/045/ERR16661445/ERR16661445_2.fastq.gz;;era-fasp@fasp.sra.ebi.ac.uk:vol1/fastq/ERR166/045/ERR16661445/ERR16661445_1.fastq.gz;era-fasp@fasp.sra.ebi.ac.uk:vol1/fastq/ERR166/045/ERR16661445/ERR16661445_2.fastq.gz;;;;;;;;;;;;;
ERR16661446;ERP161503;Scandinavian brown bear whole genomes;ERX16051914;Illumina NovaSeq 6000 paired end sequencing;Illumina NovaSeq 6000 paired end sequencing;9644;Ursus arctos;NA;WGS;GENOMIC;RANDOM;PAIRED;ERS28818200;;SAMEA121272835;PRJEB77023;Illumina NovaSeq 6000;Illumina NovaSeq 6000;ILLUMINA;23700638;1537459198;23700638;4787528876;ena-RUN-TAB-09-02-2026-07:55:32:802-10691;ERR16661446.lite;1242363800;15/02/2026 10:41;0d7628417db2c339501e24bd116af936;1;SRA Lite;Primary ETL;1;s3://sra-pub-zq-9/ERR16661446/ERR16661446.lite.1;s3.us-east-1;aws identity;https://sra-downloadb.be-md.ncbi.nlm.nih.gov/sos10/sra-pub-zq-1002/ERR016/16661/ERR16661446/ERR16661446.lite.1;https://sra-downloadb.be-md.ncbi.nlm.nih.gov/sos10/sra-pub-zq-1002/ERR016/16661/ERR16661446/ERR16661446.lite.1;worldwide;anonymous;gs://sra-pub-zq-105/ERR16661446/ERR16661446.lite.1;gs.us-east1;gcp identity;;10/02/2026;isabelle feinauer;public;GX0032;1842;brown bear;Europe;Sweden;GX0032;Ursus arctos;;http://ftp.sra.ebi.ac.uk/vol1/fastq/ERR166/046/ERR16661446/ERR16661446_1.fastq.gz;http://ftp.sra.ebi.ac.uk/vol1/fastq/ERR166/046/ERR16661446/ERR16661446_2.fastq.gz;;era-fasp@fasp.sra.ebi.ac.uk:vol1/fastq/ERR166/046/ERR16661446/ERR16661446_1.fastq.gz;era-fasp@fasp.sra.ebi.ac.uk:vol1/fastq/ERR166/046/ERR16661446/ERR16661446_2.fastq.gz;;;;;;;;;;;;;
ERR16661447;ERP161503;Scandinavian brown bear whole genomes;ERX16051915;Illumina NovaSeq 6000 paired end sequencing;Illumina NovaSeq 6000 paired end sequencing;9644;Ursus arctos;NA;WGS;GENOMIC;RANDOM;PAIRED;ERS28818200;;SAMEA121272835;PRJEB77023;Illumina NovaSeq 6000;Illumina NovaSeq 6000;ILLUMINA;19668814;1271002588;19668814;3973100428;ena-RUN-TAB-09-02-2026-07:55:32:802-10693;ERR16661447.lite;1031784558;11/02/2026 20:35;2a7f8433c3bdace9d40b9f96a949ad62;1;SRA Lite;Primary ETL;1;s3://sra-pub-zq-8/ERR16661447/ERR16661447.lite.1;s3.us-east-1;aws identity;https://sra-downloadb.be-md.ncbi.nlm.nih.gov/sos10/sra-pub-zq-1002/ERR016/16661/ERR16661447/ERR16661447.lite.1;https://sra-downloadb.be-md.ncbi.nlm.nih.gov/sos10/sra-pub-zq-1002/ERR016/16661/ERR16661447/ERR16661447.lite.1;worldwide;anonymous;gs://sra-pub-zq-107/ERR16661447/ERR16661447.lite.1;gs.us-east1;gcp identity;;10/02/2026;isabelle feinauer;public;GX0032;1842;brown bear;Europe;Sweden;GX0032;Ursus arctos;;http://ftp.sra.ebi.ac.uk/vol1/fastq/ERR166/047/ERR16661447/ERR16661447_1.fastq.gz;http://ftp.sra.ebi.ac.uk/vol1/fastq/ERR166/047/ERR16661447/ERR16661447_2.fastq.gz;;era-fasp@fasp.sra.ebi.ac.uk:vol1/fastq/ERR166/047/ERR16661447/ERR16661447_1.fastq.gz;era-fasp@fasp.sra.ebi.ac.uk:vol1/fastq/ERR166/047/ERR16661447/ERR16661447_2.fastq.gz;;;;;;;;;;;;;
ERR16661448;ERP161503;Scandinavian brown bear whole genomes;ERX16051916;Illumina NovaSeq 6000 paired end sequencing;Illumina NovaSeq 6000 paired end sequencing;9644;Ursus arctos;NA;WGS;GENOMIC;RANDOM;PAIRED;ERS28818200;;SAMEA121272835;PRJEB77023;Illumina NovaSeq 6000;Illumina NovaSeq 6000;ILLUMINA;19871196;1277164991;19871196;4013981592;ena-RUN-TAB-09-02-2026-07:55:32:802-10695;ERR16661448.lite;1042323226;15/02/2026 10:41;bc5cb7ef9a23ce5672c78f2f877f8258;1;SRA Lite;Primary ETL;1;s3://sra-pub-zq-9/ERR16661448/ERR16661448.lite.1;s3.us-east-1;aws identity;https://sra-downloadb.be-md.ncbi.nlm.nih.gov/sos10/sra-pub-zq-1002/ERR016/16661/ERR16661448/ERR16661448.lite.1;https://sra-downloadb.be-md.ncbi.nlm.nih.gov/sos10/sra-pub-zq-1002/ERR016/16661/ERR16661448/ERR16661448.lite.1;worldwide;anonymous;gs://sra-pub-zq-105/ERR16661448/ERR16661448.lite.1;gs.us-east1;gcp identity;;10/02/2026;isabelle feinauer;public;GX0032;1842;brown bear;Europe;Sweden;GX0032;Ursus arctos;;http://ftp.sra.ebi.ac.uk/vol1/fastq/ERR166/048/ERR16661448/ERR16661448_1.fastq.gz;http://ftp.sra.ebi.ac.uk/vol1/fastq/ERR166/048/ERR16661448/ERR16661448_2.fastq.gz;;era-fasp@fasp.sra.ebi.ac.uk:vol1/fastq/ERR166/048/ERR16661448/ERR16661448_1.fastq.gz;era-fasp@fasp.sra.ebi.ac.uk:vol1/fastq/ERR166/048/ERR16661448/ERR16661448_2.fastq.gz;;;;;;;;;;;;;
ERR16661449;ERP161503;Scandinavian brown bear whole genomes;ERX16051917;Illumina NovaSeq 6000 paired end sequencing;Illumina NovaSeq 6000 paired end sequencing;9644;Ursus arctos;NA;WGS;GENOMIC;RANDOM;PAIRED;ERS28818200;;SAMEA121272835;PRJEB77023;Illumina NovaSeq 6000;Illumina NovaSeq 6000;ILLUMINA;19689164;1268773131;19689164;3977211128;ena-RUN-TAB-09-02-2026-07:55:32:803-10697;ERR16661449.lite;1032757662;15/02/2026 10:42;97d3e0b60d90fe804089a1099acbff0c;1;SRA Lite;Primary ETL;1;s3://sra-pub-zq-9/ERR16661449/ERR16661449.lite.1;s3.us-east-1;aws identity;https://sra-downloadb.be-md.ncbi.nlm.nih.gov/sos10/sra-pub-zq-1002/ERR016/16661/ERR16661449/ERR16661449.lite.1;https://sra-downloadb.be-md.ncbi.nlm.nih.gov/sos10/sra-pub-zq-1002/ERR016/16661/ERR16661449/ERR16661449.lite.1;worldwide;anonymous;gs://sra-pub-zq-105/ERR16661449/ERR16661449.lite.1;gs.us-east1;gcp identity;;10/02/2026;isabelle feinauer;public;GX0032;1842;brown bear;Europe;Sweden;GX0032;Ursus arctos;;http://ftp.sra.ebi.ac.uk/vol1/fastq/ERR166/049/ERR16661449/ERR16661449_1.fastq.gz;http://ftp.sra.ebi.ac.uk/vol1/fastq/ERR166/049/ERR16661449/ERR16661449_2.fastq.gz;;era-fasp@fasp.sra.ebi.ac.uk:vol1/fastq/ERR166/049/ERR16661449/ERR16661449_1.fastq.gz;era-fasp@fasp.sra.ebi.ac.uk:vol1/fastq/ERR166/049/ERR16661449/ERR16661449_2.fastq.gz;;;;;;;;;;;;;
ERR16661450;ERP161503;Scandinavian brown bear whole genomes;ERX16051918;Illumina NovaSeq 6000 paired end sequencing;Illumina NovaSeq 6000 paired end sequencing;9644;Ursus arctos;NA;WGS;GENOMIC;RANDOM;PAIRED;ERS28818200;;SAMEA121272835;PRJEB77023;Illumina NovaSeq 6000;Illumina NovaSeq 6000;ILLUMINA;20005728;1284079824;20005728;4041157056;ena-RUN-TAB-09-02-2026-07:55:32:803-10699;ERR16661450.lite;1049342443;15/02/2026 03:19;3cca224acd64ef6aab7d83ab4edb92a4;1;SRA Lite;Primary ETL;1;s3://sra-pub-zq-5/ERR16661450/ERR16661450.lite.1;s3.us-east-1;aws identity;https://sra-downloadb.be-md.ncbi.nlm.nih.gov/sos10/sra-pub-zq-1002/ERR016/16661/ERR16661450/ERR16661450.lite.1;https://sra-downloadb.be-md.ncbi.nlm.nih.gov/sos10/sra-pub-zq-1002/ERR016/16661/ERR16661450/ERR16661450.lite.1;worldwide;anonymous;gs://sra-pub-zq-101/ERR16661450/ERR16661450.lite.1;gs.us-east1;gcp identity;;10/02/2026;isabelle feinauer;public;GX0032;1842;brown bear;Europe;Sweden;GX0032;Ursus arctos;;http://ftp.sra.ebi.ac.uk/vol1/fastq/ERR166/050/ERR16661450/ERR16661450_1.fastq.gz;http://ftp.sra.ebi.ac.uk/vol1/fastq/ERR166/050/ERR16661450/ERR16661450_2.fastq.gz;;era-fasp@fasp.sra.ebi.ac.uk:vol1/fastq/ERR166/050/ERR16661450/ERR16661450_1.fastq.gz;era-fasp@fasp.sra.ebi.ac.uk:vol1/fastq/ERR166/050/ERR16661450/ERR16661450_2.fastq.gz;;;;;;;;;;;;;
ERR16661451;ERP161503;Scandinavian brown bear whole genomes;ERX16051919;Illumina NovaSeq 6000 paired end sequencing;Illumina NovaSeq 6000 paired end sequencing;9644;Ursus arctos;NA;WGS;GENOMIC;RANDOM;PAIRED;ERS28818200;;SAMEA121272835;PRJEB77023;Illumina NovaSeq 6000;Illumina NovaSeq 6000;ILLUMINA;18067638;1174684442;18067638;3649662876;ena-RUN-TAB-09-02-2026-07:55:32:804-10701;ERR16661451.lite;948251698;15/02/2026 10:42;3796f2f17dee96dec45316d3de21005f;1;SRA Lite;Primary ETL;1;s3://sra-pub-zq-9/ERR16661451/ERR16661451.lite.1;s3.us-east-1;aws identity;https://sra-downloadb.be-md.ncbi.nlm.nih.gov/sos10/sra-pub-zq-1002/ERR016/16661/ERR16661451/ERR16661451.lite.1;https://sra-downloadb.be-md.ncbi.nlm.nih.gov/sos10/sra-pub-zq-1002/ERR016/16661/ERR16661451/ERR16661451.lite.1;worldwide;anonymous;gs://sra-pub-zq-105/ERR16661451/ERR16661451.lite.1;gs.us-east1;gcp identity;;10/02/2026;isabelle feinauer;public;GX0032;1842;brown bear;Europe;Sweden;GX0032;Ursus arctos;;http://ftp.sra.ebi.ac.uk/vol1/fastq/ERR166/051/ERR16661451/ERR16661451_1.fastq.gz;http://ftp.sra.ebi.ac.uk/vol1/fastq/ERR166/051/ERR16661451/ERR16661451_2.fastq.gz;;era-fasp@fasp.sra.ebi.ac.uk:vol1/fastq/ERR166/051/ERR16661451/ERR16661451_1.fastq.gz;era-fasp@fasp.sra.ebi.ac.uk:vol1/fastq/ERR166/051/ERR16661451/ERR16661451_2.fastq.gz;;;;;;;;;;;;;
ERR16661452;ERP161503;Scandinavian brown bear whole genomes;ERX16051920;Illumina NovaSeq 6000 paired end sequencing;Illumina NovaSeq 6000 paired end sequencing;9644;Ursus arctos;NA;WGS;GENOMIC;RANDOM;PAIRED;ERS28818200;;SAMEA121272835;PRJEB77023;Illumina NovaSeq 6000;Illumina NovaSeq 6000;ILLUMINA;18206982;1177315232;18206982;3677810364;ena-RUN-TAB-09-02-2026-07:55:32:804-10703;ERR16661452.lite;955536760;14/02/2026 08:45;99d038de253040ebe94e21231be2431e;1;SRA Lite;Primary ETL;1;s3://sra-pub-zq-8/ERR16661452/ERR16661452.lite.1;s3.us-east-1;aws identity;https://sra-downloadb.be-md.ncbi.nlm.nih.gov/sos10/sra-pub-zq-1002/ERR016/16661/ERR16661452/ERR16661452.lite.1;https://sra-downloadb.be-md.ncbi.nlm.nih.gov/sos10/sra-pub-zq-1002/ERR016/16661/ERR16661452/ERR16661452.lite.1;worldwide;anonymous;gs://sra-pub-zq-102/ERR16661452/ERR16661452.lite.1;gs.us-east1;gcp identity;;10/02/2026;isabelle feinauer;public;GX0032;1842;brown bear;Europe;Sweden;GX0032;Ursus arctos;;http://ftp.sra.ebi.ac.uk/vol1/fastq/ERR166/052/ERR16661452/ERR16661452_1.fastq.gz;http://ftp.sra.ebi.ac.uk/vol1/fastq/ERR166/052/ERR16661452/ERR16661452_2.fastq.gz;;era-fasp@fasp.sra.ebi.ac.uk:vol1/fastq/ERR166/052/ERR16661452/ERR16661452_1.fastq.gz;era-fasp@fasp.sra.ebi.ac.uk:vol1/fastq/ERR166/052/ERR16661452/ERR16661452_2.fastq.gz;;;;;;;;;;;;;
ERR16661453;ERP161503;Scandinavian brown bear whole genomes;ERX16051921;Illumina NovaSeq 6000 paired end sequencing;Illumina NovaSeq 6000 paired end sequencing;9644;Ursus arctos;NA;WGS;GENOMIC;RANDOM;PAIRED;ERS28818200;;SAMEA121272835;PRJEB77023;Illumina NovaSeq 6000;Illumina NovaSeq 6000;ILLUMINA;18012653;1167853881;18012653;3638555906;ena-RUN-TAB-09-02-2026-07:55:32:804-10705;ERR16661453.lite;945396368;15/02/2026 10:42;fc26e8f0003cc29832806413e4bf8244;1;SRA Lite;Primary ETL;1;s3://sra-pub-zq-9/ERR16661453/ERR16661453.lite.1;s3.us-east-1;aws identity;https://sra-downloadb.be-md.ncbi.nlm.nih.gov/sos10/sra-pub-zq-1002/ERR016/16661/ERR16661453/ERR16661453.lite.1;https://sra-downloadb.be-md.ncbi.nlm.nih.gov/sos10/sra-pub-zq-1002/ERR016/16661/ERR16661453/ERR16661453.lite.1;worldwide;anonymous;gs://sra-pub-zq-105/ERR16661453/ERR16661453.lite.1;gs.us-east1;gcp identity;;10/02/2026;isabelle feinauer;public;GX0032;1842;brown bear;Europe;Sweden;GX0032;Ursus arctos;;http://ftp.sra.ebi.ac.uk/vol1/fastq/ERR166/053/ERR16661453/ERR16661453_1.fastq.gz;http://ftp.sra.ebi.ac.uk/vol1/fastq/ERR166/053/ERR16661453/ERR16661453_2.fastq.gz;;era-fasp@fasp.sra.ebi.ac.uk:vol1/fastq/ERR166/053/ERR16661453/ERR16661453_1.fastq.gz;era-fasp@fasp.sra.ebi.ac.uk:vol1/fastq/ERR166/053/ERR16661453/ERR16661453_2.fastq.gz;;;;;;;;;;;;;
ERR16661454;ERP161503;Scandinavian brown bear whole genomes;ERX16051922;Illumina NovaSeq 6000 paired end sequencing;Illumina NovaSeq 6000 paired end sequencing;9644;Ursus arctos;NA;WGS;GENOMIC;RANDOM;PAIRED;ERS28818200;;SAMEA121272835;PRJEB77023;Illumina NovaSeq 6000;Illumina NovaSeq 6000;ILLUMINA;18222346;1176872143;18222346;3680913892;ena-RUN-TAB-09-02-2026-07:55:32:805-10707;ERR16661454.lite;956425092;15/02/2026 10:42;5759be41ef8ea67be4788bfd6d2dd99c;1;SRA Lite;Primary ETL;1;s3://sra-pub-zq-9/ERR16661454/ERR16661454.lite.1;s3.us-east-1;aws identity;https://sra-downloadb.be-md.ncbi.nlm.nih.gov/sos10/sra-pub-zq-1002/ERR016/16661/ERR16661454/ERR16661454.lite.1;https://sra-downloadb.be-md.ncbi.nlm.nih.gov/sos10/sra-pub-zq-1002/ERR016/16661/ERR16661454/ERR16661454.lite.1;worldwide;anonymous;gs://sra-pub-zq-105/ERR16661454/ERR16661454.lite.1;gs.us-east1;gcp identity;;10/02/2026;isabelle feinauer;public;GX0032;1842;brown bear;Europe;Sweden;GX0032;Ursus arctos;;http://ftp.sra.ebi.ac.uk/vol1/fastq/ERR166/054/ERR16661454/ERR16661454_1.fastq.gz;http://ftp.sra.ebi.ac.uk/vol1/fastq/ERR166/054/ERR16661454/ERR16661454_2.fastq.gz;;era-fasp@fasp.sra.ebi.ac.uk:vol1/fastq/ERR166/054/ERR16661454/ERR16661454_1.fastq.gz;era-fasp@fasp.sra.ebi.ac.uk:vol1/fastq/ERR166/054/ERR16661454/ERR16661454_2.fastq.gz;;;;;;;;;;;;;
ERR16661455;ERP161503;Scandinavian brown bear whole genomes;ERX16051923;Illumina NovaSeq 6000 paired end sequencing;Illumina NovaSeq 6000 paired end sequencing;9644;Ursus arctos;NA;WGS;GENOMIC;RANDOM;PAIRED;ERS28818201;;SAMEA121272836;PRJEB77023;Illumina NovaSeq 6000;Illumina NovaSeq 6000;ILLUMINA;83378520;8894026881;83378520;25180313040;ena-RUN-TAB-09-02-2026-07:55:32:805-10709;ERR16661455.lite;6433129317;15/02/2026 10:42;394afea1dec336f2976da3d1a20c18d1;1;SRA Lite;Primary ETL;1;s3://sra-pub-zq-9/ERR16661455/ERR16661455.lite.1;s3.us-east-1;aws identity;https://sra-downloadb.be-md.ncbi.nlm.nih.gov/sos10/sra-pub-zq-1002/ERR016/16661/ERR16661455/ERR16661455.lite.1;https://sra-downloadb.be-md.ncbi.nlm.nih.gov/sos10/sra-pub-zq-1002/ERR016/16661/ERR16661455/ERR16661455.lite.1;worldwide;anonymous;gs://sra-pub-zq-105/ERR16661455/ERR16661455.lite.1;gs.us-east1;gcp identity;;10/02/2026;isabelle feinauer;public;GX0044;1922;brown bear;Europe;Sweden;GX0044;Ursus arctos;;http://ftp.sra.ebi.ac.uk/vol1/fastq/ERR166/055/ERR16661455/ERR16661455_1.fastq.gz;http://ftp.sra.ebi.ac.uk/vol1/fastq/ERR166/055/ERR16661455/ERR16661455_2.fastq.gz;;era-fasp@fasp.sra.ebi.ac.uk:vol1/fastq/ERR166/055/ERR16661455/ERR16661455_1.fastq.gz;era-fasp@fasp.sra.ebi.ac.uk:vol1/fastq/ERR166/055/ERR16661455/ERR16661455_2.fastq.gz;;;;;;;;;;;;;
ERR16661456;ERP161503;Scandinavian brown bear whole genomes;ERX16051924;Illumina NovaSeq 6000 paired end sequencing;Illumina NovaSeq 6000 paired end sequencing;9644;Ursus arctos;NA;WGS;GENOMIC;RANDOM;PAIRED;ERS28818201;;SAMEA121272836;PRJEB77023;Illumina NovaSeq 6000;Illumina NovaSeq 6000;ILLUMINA;31422656;2045513511;31422656;6347376512;ena-RUN-TAB-09-02-2026-07:55:32:805-10711;ERR16661456.lite;1643582704;15/02/2026 10:42;7fe4d64e55b1fc068b89f57cfb2948dc;1;SRA Lite;Primary ETL;1;s3://sra-pub-zq-9/ERR16661456/ERR16661456.lite.1;s3.us-east-1;aws identity;https://sra-downloadb.be-md.ncbi.nlm.nih.gov/sos10/sra-pub-zq-1002/ERR016/16661/ERR16661456/ERR16661456.lite.1;https://sra-downloadb.be-md.ncbi.nlm.nih.gov/sos10/sra-pub-zq-1002/ERR016/16661/ERR16661456/ERR16661456.lite.1;worldwide;anonymous;gs://sra-pub-zq-105/ERR16661456/ERR16661456.lite.1;gs.us-east1;gcp identity;;10/02/2026;isabelle feinauer;public;GX0044;1922;brown bear;Europe;Sweden;GX0044;Ursus arctos;;http://ftp.sra.ebi.ac.uk/vol1/fastq/ERR166/056/ERR16661456/ERR16661456_1.fastq.gz;http://ftp.sra.ebi.ac.uk/vol1/fastq/ERR166/056/ERR16661456/ERR16661456_2.fastq.gz;;era-fasp@fasp.sra.ebi.ac.uk:vol1/fastq/ERR166/056/ERR16661456/ERR16661456_1.fastq.gz;era-fasp@fasp.sra.ebi.ac.uk:vol1/fastq/ERR166/056/ERR16661456/ERR16661456_2.fastq.gz;;;;;;;;;;;;;
ERR16661457;ERP161503;Scandinavian brown bear whole genomes;ERX16051925;Illumina NovaSeq 6000 paired end sequencing;Illumina NovaSeq 6000 paired end sequencing;9644;Ursus arctos;NA;WGS;GENOMIC;RANDOM;PAIRED;ERS28818201;;SAMEA121272836;PRJEB77023;Illumina NovaSeq 6000;Illumina NovaSeq 6000;ILLUMINA;31519555;2042031355;31519555;6366950110;ena-RUN-TAB-09-02-2026-07:55:32:806-10713;P28459_1070_S70_L002_R1_001.fastq.gz;1507050601;15/02/2026 09:46;75dddef97d5b13eb2386e0368e7c0717;1;fastq;Original;0;s3://sra-pub-src-14/ERR16661457/P28459_1070_S70_L002_R1_001.fastq.gz.1;-;Use Cloud Data Delivery;https://sra-pub-run-odp.s3.amazonaws.com/sra/ERR16661457/ERR16661457;https://sra-downloadb.be-md.ncbi.nlm.nih.gov/sos10/sra-pub-zq-1002/ERR016/16661/ERR16661457/ERR16661457.lite.1;worldwide;anonymous;gs://sra-pub-zq-105/ERR16661457/ERR16661457.lite.1;gs.us-east1;gcp identity;;10/02/2026;isabelle feinauer;public;GX0044;1922;brown bear;Europe;Sweden;GX0044;Ursus arctos;;http://ftp.sra.ebi.ac.uk/vol1/fastq/ERR166/057/ERR16661457/ERR16661457_1.fastq.gz;http://ftp.sra.ebi.ac.uk/vol1/fastq/ERR166/057/ERR16661457/ERR16661457_2.fastq.gz;;era-fasp@fasp.sra.ebi.ac.uk:vol1/fastq/ERR166/057/ERR16661457/ERR16661457_1.fastq.gz;era-fasp@fasp.sra.ebi.ac.uk:vol1/fastq/ERR166/057/ERR16661457/ERR16661457_2.fastq.gz;;;;;;;;;;;;;
ERR16661458;ERP161503;Scandinavian brown bear whole genomes;ERX16051926;Illumina NovaSeq 6000 paired end sequencing;Illumina NovaSeq 6000 paired end sequencing;9644;Ursus arctos;NA;WGS;GENOMIC;RANDOM;PAIRED;ERS28818201;;SAMEA121272836;PRJEB77023;Illumina NovaSeq 6000;Illumina NovaSeq 6000;ILLUMINA;31272000;2031994347;31272000;6316944000;ena-RUN-TAB-09-02-2026-07:55:32:806-10715;ERR16661458.lite;1635797983;15/02/2026 10:41;c07e10e511e945cb000938e0d60eba3e;1;SRA Lite;Primary ETL;1;s3://sra-pub-zq-9/ERR16661458/ERR16661458.lite.1;s3.us-east-1;aws identity;https://sra-downloadb.be-md.ncbi.nlm.nih.gov/sos10/sra-pub-zq-1002/ERR016/16661/ERR16661458/ERR16661458.lite.1;https://sra-downloadb.be-md.ncbi.nlm.nih.gov/sos10/sra-pub-zq-1002/ERR016/16661/ERR16661458/ERR16661458.lite.1;worldwide;anonymous;gs://sra-pub-zq-105/ERR16661458/ERR16661458.lite.1;gs.us-east1;gcp identity;;10/02/2026;isabelle feinauer;public;GX0044;1922;brown bear;Europe;Sweden;GX0044;Ursus arctos;;http://ftp.sra.ebi.ac.uk/vol1/fastq/ERR166/058/ERR16661458/ERR16661458_1.fastq.gz;http://ftp.sra.ebi.ac.uk/vol1/fastq/ERR166/058/ERR16661458/ERR16661458_2.fastq.gz;;era-fasp@fasp.sra.ebi.ac.uk:vol1/fastq/ERR166/058/ERR16661458/ERR16661458_1.fastq.gz;era-fasp@fasp.sra.ebi.ac.uk:vol1/fastq/ERR166/058/ERR16661458/ERR16661458_2.fastq.gz;;;;;;;;;;;;;
ERR16661459;ERP161503;Scandinavian brown bear whole genomes;ERX16051927;Illumina NovaSeq 6000 paired end sequencing;Illumina NovaSeq 6000 paired end sequencing;9644;Ursus arctos;NA;WGS;GENOMIC;RANDOM;PAIRED;ERS28818201;;SAMEA121272836;PRJEB77023;Illumina NovaSeq 6000;Illumina NovaSeq 6000;ILLUMINA;31323844;2025706886;31323844;6327416488;ena-RUN-TAB-09-02-2026-07:55:32:806-10717;ERR16661459.lite;1638664262;14/02/2026 02:34;e112713af6280e0e28c70553efc28510;1;SRA Lite;Primary ETL;1;s3://sra-pub-zq-6/ERR16661459/ERR16661459.lite.1;s3.us-east-1;aws identity;https://sra-downloadb.be-md.ncbi.nlm.nih.gov/sos10/sra-pub-zq-1002/ERR016/16661/ERR16661459/ERR16661459.lite.1;https://sra-downloadb.be-md.ncbi.nlm.nih.gov/sos10/sra-pub-zq-1002/ERR016/16661/ERR16661459/ERR16661459.lite.1;worldwide;anonymous;gs://sra-pub-zq-102/ERR16661459/ERR16661459.lite.1;gs.us-east1;gcp identity;;10/02/2026;isabelle feinauer;public;GX0044;1922;brown bear;Europe;Sweden;GX0044;Ursus arctos;;http://ftp.sra.ebi.ac.uk/vol1/fastq/ERR166/059/ERR16661459/ERR16661459_1.fastq.gz;http://ftp.sra.ebi.ac.uk/vol1/fastq/ERR166/059/ERR16661459/ERR16661459_2.fastq.gz;;era-fasp@fasp.sra.ebi.ac.uk:vol1/fastq/ERR166/059/ERR16661459/ERR16661459_1.fastq.gz;era-fasp@fasp.sra.ebi.ac.uk:vol1/fastq/ERR166/059/ERR16661459/ERR16661459_2.fastq.gz;;;;;;;;;;;;;
ERR16661460;ERP161503;Scandinavian brown bear whole genomes;ERX16051928;Illumina NovaSeq 6000 paired end sequencing;Illumina NovaSeq 6000 paired end sequencing;9644;Ursus arctos;NA;WGS;GENOMIC;RANDOM;PAIRED;ERS28818201;;SAMEA121272836;PRJEB77023;Illumina NovaSeq 6000;Illumina NovaSeq 6000;ILLUMINA;25600709;1657520896;25600709;5171343218;ena-RUN-TAB-09-02-2026-07:55:32:807-10719;ERR16661460.lite;1341463176;15/02/2026 10:42;d7eb6d59c5d72e706a16e4521974523d;1;SRA Lite;Primary ETL;1;s3://sra-pub-zq-9/ERR16661460/ERR16661460.lite.1;s3.us-east-1;aws identity;https://sra-downloadb.be-md.ncbi.nlm.nih.gov/sos10/sra-pub-zq-1002/ERR016/16661/ERR16661460/ERR16661460.lite.1;https://sra-downloadb.be-md.ncbi.nlm.nih.gov/sos10/sra-pub-zq-1002/ERR016/16661/ERR16661460/ERR16661460.lite.1;worldwide;anonymous;gs://sra-pub-zq-105/ERR16661460/ERR16661460.lite.1;gs.us-east1;gcp identity;;10/02/2026;isabelle feinauer;public;GX0044;1922;brown bear;Europe;Sweden;GX0044;Ursus arctos;;http://ftp.sra.ebi.ac.uk/vol1/fastq/ERR166/060/ERR16661460/ERR16661460_1.fastq.gz;http://ftp.sra.ebi.ac.uk/vol1/fastq/ERR166/060/ERR16661460/ERR16661460_2.fastq.gz;;era-fasp@fasp.sra.ebi.ac.uk:vol1/fastq/ERR166/060/ERR16661460/ERR16661460_1.fastq.gz;era-fasp@fasp.sra.ebi.ac.uk:vol1/fastq/ERR166/060/ERR16661460/ERR16661460_2.fastq.gz;;;;;;;;;;;;;
ERR16661461;ERP161503;Scandinavian brown bear whole genomes;ERX16051929;Illumina NovaSeq 6000 paired end sequencing;Illumina NovaSeq 6000 paired end sequencing;9644;Ursus arctos;NA;WGS;GENOMIC;RANDOM;PAIRED;ERS28818201;;SAMEA121272836;PRJEB77023;Illumina NovaSeq 6000;Illumina NovaSeq 6000;ILLUMINA;25729179;1657602494;25729179;5197294158;ena-RUN-TAB-09-02-2026-07:55:32:807-10721;ERR16661461.lite;1348197233;14/02/2026 02:34;0cdf6294f6993f6b4eb03eb50a360867;1;SRA Lite;Primary ETL;1;s3://sra-pub-zq-6/ERR16661461/ERR16661461.lite.1;s3.us-east-1;aws identity;https://sra-downloadb.be-md.ncbi.nlm.nih.gov/sos10/sra-pub-zq-1002/ERR016/16661/ERR16661461/ERR16661461.lite.1;https://sra-downloadb.be-md.ncbi.nlm.nih.gov/sos10/sra-pub-zq-1002/ERR016/16661/ERR16661461/ERR16661461.lite.1;worldwide;anonymous;gs://sra-pub-zq-102/ERR16661461/ERR16661461.lite.1;gs.us-east1;gcp identity;;10/02/2026;isabelle feinauer;public;GX0044;1922;brown bear;Europe;Sweden;GX0044;Ursus arctos;;http://ftp.sra.ebi.ac.uk/vol1/fastq/ERR166/061/ERR16661461/ERR16661461_1.fastq.gz;http://ftp.sra.ebi.ac.uk/vol1/fastq/ERR166/061/ERR16661461/ERR16661461_2.fastq.gz;;era-fasp@fasp.sra.ebi.ac.uk:vol1/fastq/ERR166/061/ERR16661461/ERR16661461_1.fastq.gz;era-fasp@fasp.sra.ebi.ac.uk:vol1/fastq/ERR166/061/ERR16661461/ERR16661461_2.fastq.gz;;;;;;;;;;;;;
ERR16661462;ERP161503;Scandinavian brown bear whole genomes;ERX16051930;Illumina NovaSeq 6000 paired end sequencing;Illumina NovaSeq 6000 paired end sequencing;9644;Ursus arctos;NA;WGS;GENOMIC;RANDOM;PAIRED;ERS28818201;;SAMEA121272836;PRJEB77023;Illumina NovaSeq 6000;Illumina NovaSeq 6000;ILLUMINA;25636424;1655942840;25636424;5178557648;ena-RUN-TAB-09-02-2026-07:55:32:807-10723;P28459_1071_S71_L003_R1_001.fastq.gz;1227580281;15/02/2026 09:42;7c1e503c6b19c475010cb4d0b1b8c805;1;fastq;Original;0;s3://sra-pub-src-14/ERR16661462/P28459_1071_S71_L003_R1_001.fastq.gz.1;-;Use Cloud Data Delivery;https://sra-pub-run-odp.s3.amazonaws.com/sra/ERR16661462/ERR16661462;https://sra-downloadb.be-md.ncbi.nlm.nih.gov/sos10/sra-pub-zq-1002/ERR016/16661/ERR16661462/ERR16661462.lite.1;worldwide;anonymous;gs://sra-pub-zq-105/ERR16661462/ERR16661462.lite.1;gs.us-east1;gcp identity;;10/02/2026;isabelle feinauer;public;GX0044;1922;brown bear;Europe;Sweden;GX0044;Ursus arctos;;http://ftp.sra.ebi.ac.uk/vol1/fastq/ERR166/062/ERR16661462/ERR16661462_1.fastq.gz;http://ftp.sra.ebi.ac.uk/vol1/fastq/ERR166/062/ERR16661462/ERR16661462_2.fastq.gz;;era-fasp@fasp.sra.ebi.ac.uk:vol1/fastq/ERR166/062/ERR16661462/ERR16661462_1.fastq.gz;era-fasp@fasp.sra.ebi.ac.uk:vol1/fastq/ERR166/062/ERR16661462/ERR16661462_2.fastq.gz;;;;;;;;;;;;;
ERR16661463;ERP161503;Scandinavian brown bear whole genomes;ERX16051931;Illumina NovaSeq 6000 paired end sequencing;Illumina NovaSeq 6000 paired end sequencing;9644;Ursus arctos;NA;WGS;GENOMIC;RANDOM;PAIRED;ERS28818201;;SAMEA121272836;PRJEB77023;Illumina NovaSeq 6000;Illumina NovaSeq 6000;ILLUMINA;25914659;1666343931;25914659;5234761118;ena-RUN-TAB-09-02-2026-07:55:32:808-10725;ERR16661463.lite;1357840398;14/02/2026 02:34;e78674cffd529a106d8349029f5c33e1;1;SRA Lite;Primary ETL;1;s3://sra-pub-zq-6/ERR16661463/ERR16661463.lite.1;s3.us-east-1;aws identity;https://sra-downloadb.be-md.ncbi.nlm.nih.gov/sos10/sra-pub-zq-1002/ERR016/16661/ERR16661463/ERR16661463.lite.1;https://sra-downloadb.be-md.ncbi.nlm.nih.gov/sos10/sra-pub-zq-1002/ERR016/16661/ERR16661463/ERR16661463.lite.1;worldwide;anonymous;gs://sra-pub-zq-102/ERR16661463/ERR16661463.lite.1;gs.us-east1;gcp identity;;10/02/2026;isabelle feinauer;public;GX0044;1922;brown bear;Europe;Sweden;GX0044;Ursus arctos;;http://ftp.sra.ebi.ac.uk/vol1/fastq/ERR166/063/ERR16661463/ERR16661463_1.fastq.gz;http://ftp.sra.ebi.ac.uk/vol1/fastq/ERR166/063/ERR16661463/ERR16661463_2.fastq.gz;;era-fasp@fasp.sra.ebi.ac.uk:vol1/fastq/ERR166/063/ERR16661463/ERR16661463_1.fastq.gz;era-fasp@fasp.sra.ebi.ac.uk:vol1/fastq/ERR166/063/ERR16661463/ERR16661463_2.fastq.gz;;;;;;;;;;;;;
ERR16661464;ERP161503;Scandinavian brown bear whole genomes;ERX16051932;Illumina NovaSeq 6000 paired end sequencing;Illumina NovaSeq 6000 paired end sequencing;9644;Ursus arctos;NA;WGS;GENOMIC;RANDOM;PAIRED;ERS28818201;;SAMEA121272836;PRJEB77023;Illumina NovaSeq 6000;Illumina NovaSeq 6000;ILLUMINA;30211167;1951416955;30211167;6102655734;ena-RUN-TAB-09-02-2026-07:55:32:808-10727;ERR16661464.lite;1582518013;14/02/2026 02:34;42aec3b788fdad869cda514012c49347;1;SRA Lite;Primary ETL;1;s3://sra-pub-zq-6/ERR16661464/ERR16661464.lite.1;s3.us-east-1;aws identity;https://sra-downloadb.be-md.ncbi.nlm.nih.gov/sos10/sra-pub-zq-1002/ERR016/16661/ERR16661464/ERR16661464.lite.1;https://sra-downloadb.be-md.ncbi.nlm.nih.gov/sos10/sra-pub-zq-1002/ERR016/16661/ERR16661464/ERR16661464.lite.1;worldwide;anonymous;gs://sra-pub-zq-102/ERR16661464/ERR16661464.lite.1;gs.us-east1;gcp identity;;10/02/2026;isabelle feinauer;public;GX0044;1922;brown bear;Europe;Sweden;GX0044;Ursus arctos;;http://ftp.sra.ebi.ac.uk/vol1/fastq/ERR166/064/ERR16661464/ERR16661464_1.fastq.gz;http://ftp.sra.ebi.ac.uk/vol1/fastq/ERR166/064/ERR16661464/ERR16661464_2.fastq.gz;;era-fasp@fasp.sra.ebi.ac.uk:vol1/fastq/ERR166/064/ERR16661464/ERR16661464_1.fastq.gz;era-fasp@fasp.sra.ebi.ac.uk:vol1/fastq/ERR166/064/ERR16661464/ERR16661464_2.fastq.gz;;;;;;;;;;;;;
ERR16661465;ERP161503;Scandinavian brown bear whole genomes;ERX16051933;Illumina NovaSeq 6000 paired end sequencing;Illumina NovaSeq 6000 paired end sequencing;9644;Ursus arctos;NA;WGS;GENOMIC;RANDOM;PAIRED;ERS28818201;;SAMEA121272836;PRJEB77023;Illumina NovaSeq 6000;Illumina NovaSeq 6000;ILLUMINA;30237366;1943843503;30237366;6107947932;ena-RUN-TAB-09-02-2026-07:55:32:808-10729;ERR16661465.lite;1583899295;15/02/2026 10:41;c590bd38289a568f6067b15cd7e9a15c;1;SRA Lite;Primary ETL;1;s3://sra-pub-zq-9/ERR16661465/ERR16661465.lite.1;s3.us-east-1;aws identity;https://sra-downloadb.be-md.ncbi.nlm.nih.gov/sos10/sra-pub-zq-1002/ERR016/16661/ERR16661465/ERR16661465.lite.1;https://sra-downloadb.be-md.ncbi.nlm.nih.gov/sos10/sra-pub-zq-1002/ERR016/16661/ERR16661465/ERR16661465.lite.1;worldwide;anonymous;gs://sra-pub-zq-105/ERR16661465/ERR16661465.lite.1;gs.us-east1;gcp identity;;10/02/2026;isabelle feinauer;public;GX0044;1922;brown bear;Europe;Sweden;GX0044;Ursus arctos;;http://ftp.sra.ebi.ac.uk/vol1/fastq/ERR166/065/ERR16661465/ERR16661465_1.fastq.gz;http://ftp.sra.ebi.ac.uk/vol1/fastq/ERR166/065/ERR16661465/ERR16661465_2.fastq.gz;;era-fasp@fasp.sra.ebi.ac.uk:vol1/fastq/ERR166/065/ERR16661465/ERR16661465_1.fastq.gz;era-fasp@fasp.sra.ebi.ac.uk:vol1/fastq/ERR166/065/ERR16661465/ERR16661465_2.fastq.gz;;;;;;;;;;;;;
ERR16661466;ERP161503;Scandinavian brown bear whole genomes;ERX16051934;Illumina NovaSeq 6000 paired end sequencing;Illumina NovaSeq 6000 paired end sequencing;9644;Ursus arctos;NA;WGS;GENOMIC;RANDOM;PAIRED;ERS28818201;;SAMEA121272836;PRJEB77023;Illumina NovaSeq 6000;Illumina NovaSeq 6000;ILLUMINA;30161248;1944547384;30161248;6092572096;ena-RUN-TAB-09-02-2026-07:55:32:809-10731;ERR16661466.lite;1579827582;14/02/2026 02:34;2e2f62006b2e67640d154747c6cf68e9;1;SRA Lite;Primary ETL;1;s3://sra-pub-zq-6/ERR16661466/ERR16661466.lite.1;s3.us-east-1;aws identity;https://sra-downloadb.be-md.ncbi.nlm.nih.gov/sos10/sra-pub-zq-1002/ERR016/16661/ERR16661466/ERR16661466.lite.1;https://sra-downloadb.be-md.ncbi.nlm.nih.gov/sos10/sra-pub-zq-1002/ERR016/16661/ERR16661466/ERR16661466.lite.1;worldwide;anonymous;gs://sra-pub-zq-102/ERR16661466/ERR16661466.lite.1;gs.us-east1;gcp identity;;10/02/2026;isabelle feinauer;public;GX0044;1922;brown bear;Europe;Sweden;GX0044;Ursus arctos;;http://ftp.sra.ebi.ac.uk/vol1/fastq/ERR166/066/ERR16661466/ERR16661466_1.fastq.gz;http://ftp.sra.ebi.ac.uk/vol1/fastq/ERR166/066/ERR16661466/ERR16661466_2.fastq.gz;;era-fasp@fasp.sra.ebi.ac.uk:vol1/fastq/ERR166/066/ERR16661466/ERR16661466_1.fastq.gz;era-fasp@fasp.sra.ebi.ac.uk:vol1/fastq/ERR166/066/ERR16661466/ERR16661466_2.fastq.gz;;;;;;;;;;;;;
ERR16661467;ERP161503;Scandinavian brown bear whole genomes;ERX16051935;Illumina NovaSeq 6000 paired end sequencing;Illumina NovaSeq 6000 paired end sequencing;9644;Ursus arctos;NA;WGS;GENOMIC;RANDOM;PAIRED;ERS28818201;;SAMEA121272836;PRJEB77023;Illumina NovaSeq 6000;Illumina NovaSeq 6000;ILLUMINA;30380311;1949674028;30380311;6136822822;ena-RUN-TAB-09-02-2026-07:55:32:809-10733;ERR16661467.lite;1591238952;15/02/2026 10:41;6566046cf94db47f1fdce55facd4695c;1;SRA Lite;Primary ETL;1;s3://sra-pub-zq-9/ERR16661467/ERR16661467.lite.1;s3.us-east-1;aws identity;https://sra-downloadb.be-md.ncbi.nlm.nih.gov/sos10/sra-pub-zq-1002/ERR016/16661/ERR16661467/ERR16661467.lite.1;https://sra-downloadb.be-md.ncbi.nlm.nih.gov/sos10/sra-pub-zq-1002/ERR016/16661/ERR16661467/ERR16661467.lite.1;worldwide;anonymous;gs://sra-pub-zq-105/ERR16661467/ERR16661467.lite.1;gs.us-east1;gcp identity;;10/02/2026;isabelle feinauer;public;GX0044;1922;brown bear;Europe;Sweden;GX0044;Ursus arctos;;http://ftp.sra.ebi.ac.uk/vol1/fastq/ERR166/067/ERR16661467/ERR16661467_1.fastq.gz;http://ftp.sra.ebi.ac.uk/vol1/fastq/ERR166/067/ERR16661467/ERR16661467_2.fastq.gz;;era-fasp@fasp.sra.ebi.ac.uk:vol1/fastq/ERR166/067/ERR16661467/ERR16661467_1.fastq.gz;era-fasp@fasp.sra.ebi.ac.uk:vol1/fastq/ERR166/067/ERR16661467/ERR16661467_2.fastq.gz;;;;;;;;;;;;;
ERR16661468;ERP161503;Scandinavian brown bear whole genomes;ERX16051936;Illumina NovaSeq 6000 paired end sequencing;Illumina NovaSeq 6000 paired end sequencing;9644;Ursus arctos;NA;WGS;GENOMIC;RANDOM;PAIRED;ERS28818201;;SAMEA121272836;PRJEB77023;Illumina NovaSeq 6000;Illumina NovaSeq 6000;ILLUMINA;23869840;1557302188;23869840;4821707680;ena-RUN-TAB-09-02-2026-07:55:32:809-10735;ERR16661468.lite;1252908662;14/02/2026 02:34;f1fe94e51e7d63478f4fb8321bfffd36;1;SRA Lite;Primary ETL;1;s3://sra-pub-zq-6/ERR16661468/ERR16661468.lite.1;s3.us-east-1;aws identity;https://sra-downloadb.be-md.ncbi.nlm.nih.gov/sos10/sra-pub-zq-1002/ERR016/16661/ERR16661468/ERR16661468.lite.1;https://sra-downloadb.be-md.ncbi.nlm.nih.gov/sos10/sra-pub-zq-1002/ERR016/16661/ERR16661468/ERR16661468.lite.1;worldwide;anonymous;gs://sra-pub-zq-102/ERR16661468/ERR16661468.lite.1;gs.us-east1;gcp identity;;10/02/2026;isabelle feinauer;public;GX0044;1922;brown bear;Europe;Sweden;GX0044;Ursus arctos;;http://ftp.sra.ebi.ac.uk/vol1/fastq/ERR166/068/ERR16661468/ERR16661468_1.fastq.gz;http://ftp.sra.ebi.ac.uk/vol1/fastq/ERR166/068/ERR16661468/ERR16661468_2.fastq.gz;;era-fasp@fasp.sra.ebi.ac.uk:vol1/fastq/ERR166/068/ERR16661468/ERR16661468_1.fastq.gz;era-fasp@fasp.sra.ebi.ac.uk:vol1/fastq/ERR166/068/ERR16661468/ERR16661468_2.fastq.gz;;;;;;;;;;;;;
ERR16661469;ERP161503;Scandinavian brown bear whole genomes;ERX16051937;Illumina NovaSeq 6000 paired end sequencing;Illumina NovaSeq 6000 paired end sequencing;9644;Ursus arctos;NA;WGS;GENOMIC;RANDOM;PAIRED;ERS28818201;;SAMEA121272836;PRJEB77023;Illumina NovaSeq 6000;Illumina NovaSeq 6000;ILLUMINA;23901776;1552514610;23901776;4828158752;ena-RUN-TAB-09-02-2026-07:55:32:810-10737;ERR16661469.lite;1254644432;15/02/2026 10:42;3a5125f5bc10230138354654ab31b665;1;SRA Lite;Primary ETL;1;s3://sra-pub-zq-9/ERR16661469/ERR16661469.lite.1;s3.us-east-1;aws identity;https://sra-downloadb.be-md.ncbi.nlm.nih.gov/sos10/sra-pub-zq-1002/ERR016/16661/ERR16661469/ERR16661469.lite.1;https://sra-downloadb.be-md.ncbi.nlm.nih.gov/sos10/sra-pub-zq-1002/ERR016/16661/ERR16661469/ERR16661469.lite.1;worldwide;anonymous;gs://sra-pub-zq-105/ERR16661469/ERR16661469.lite.1;gs.us-east1;gcp identity;;10/02/2026;isabelle feinauer;public;GX0044;1922;brown bear;Europe;Sweden;GX0044;Ursus arctos;;http://ftp.sra.ebi.ac.uk/vol1/fastq/ERR166/069/ERR16661469/ERR16661469_1.fastq.gz;http://ftp.sra.ebi.ac.uk/vol1/fastq/ERR166/069/ERR16661469/ERR16661469_2.fastq.gz;;era-fasp@fasp.sra.ebi.ac.uk:vol1/fastq/ERR166/069/ERR16661469/ERR16661469_1.fastq.gz;era-fasp@fasp.sra.ebi.ac.uk:vol1/fastq/ERR166/069/ERR16661469/ERR16661469_2.fastq.gz;;;;;;;;;;;;;
ERR16661470;ERP161503;Scandinavian brown bear whole genomes;ERX16051938;Illumina NovaSeq 6000 paired end sequencing;Illumina NovaSeq 6000 paired end sequencing;9644;Ursus arctos;NA;WGS;GENOMIC;RANDOM;PAIRED;ERS28818201;;SAMEA121272836;PRJEB77023;Illumina NovaSeq 6000;Illumina NovaSeq 6000;ILLUMINA;23849384;1553624164;23849384;4817575568;ena-RUN-TAB-09-02-2026-07:55:32:810-10739;ERR16661470.lite;1251650127;14/02/2026 02:34;585116170dd4b99ed586cebf9877a59d;1;SRA Lite;Primary ETL;1;s3://sra-pub-zq-6/ERR16661470/ERR16661470.lite.1;s3.us-east-1;aws identity;https://sra-downloadb.be-md.ncbi.nlm.nih.gov/sos10/sra-pub-zq-1002/ERR016/16661/ERR16661470/ERR16661470.lite.1;https://sra-downloadb.be-md.ncbi.nlm.nih.gov/sos10/sra-pub-zq-1002/ERR016/16661/ERR16661470/ERR16661470.lite.1;worldwide;anonymous;gs://sra-pub-zq-102/ERR16661470/ERR16661470.lite.1;gs.us-east1;gcp identity;;10/02/2026;isabelle feinauer;public;GX0044;1922;brown bear;Europe;Sweden;GX0044;Ursus arctos;;http://ftp.sra.ebi.ac.uk/vol1/fastq/ERR166/070/ERR16661470/ERR16661470_1.fastq.gz;http://ftp.sra.ebi.ac.uk/vol1/fastq/ERR166/070/ERR16661470/ERR16661470_2.fastq.gz;;era-fasp@fasp.sra.ebi.ac.uk:vol1/fastq/ERR166/070/ERR16661470/ERR16661470_1.fastq.gz;era-fasp@fasp.sra.ebi.ac.uk:vol1/fastq/ERR166/070/ERR16661470/ERR16661470_2.fastq.gz;;;;;;;;;;;;;
ERR16661471;ERP161503;Scandinavian brown bear whole genomes;ERX16051939;Illumina NovaSeq 6000 paired end sequencing;Illumina NovaSeq 6000 paired end sequencing;9644;Ursus arctos;NA;WGS;GENOMIC;RANDOM;PAIRED;ERS28818201;;SAMEA121272836;PRJEB77023;Illumina NovaSeq 6000;Illumina NovaSeq 6000;ILLUMINA;23942166;1552909679;23942166;4836317532;ena-RUN-TAB-09-02-2026-07:55:32:810-10741;ERR16661471.lite;1256571582;15/02/2026 03:19;07615ae4f1e6217d6a072f7bb530ea77;1;SRA Lite;Primary ETL;1;s3://sra-pub-zq-5/ERR16661471/ERR16661471.lite.1;s3.us-east-1;aws identity;https://sra-downloadb.be-md.ncbi.nlm.nih.gov/sos10/sra-pub-zq-1002/ERR016/16661/ERR16661471/ERR16661471.lite.1;https://sra-downloadb.be-md.ncbi.nlm.nih.gov/sos10/sra-pub-zq-1002/ERR016/16661/ERR16661471/ERR16661471.lite.1;worldwide;anonymous;gs://sra-pub-zq-101/ERR16661471/ERR16661471.lite.1;gs.us-east1;gcp identity;;10/02/2026;isabelle feinauer;public;GX0044;1922;brown bear;Europe;Sweden;GX0044;Ursus arctos;;http://ftp.sra.ebi.ac.uk/vol1/fastq/ERR166/071/ERR16661471/ERR16661471_1.fastq.gz;http://ftp.sra.ebi.ac.uk/vol1/fastq/ERR166/071/ERR16661471/ERR16661471_2.fastq.gz;;era-fasp@fasp.sra.ebi.ac.uk:vol1/fastq/ERR166/071/ERR16661471/ERR16661471_1.fastq.gz;era-fasp@fasp.sra.ebi.ac.uk:vol1/fastq/ERR166/071/ERR16661471/ERR16661471_2.fastq.gz;;;;;;;;;;;;;
ERR16661472;ERP161503;Scandinavian brown bear whole genomes;ERX16051940;Illumina NovaSeq 6000 paired end sequencing;Illumina NovaSeq 6000 paired end sequencing;9644;Ursus arctos;NA;WGS;GENOMIC;RANDOM;PAIRED;ERS28818201;;SAMEA121272836;PRJEB77023;Illumina NovaSeq 6000;Illumina NovaSeq 6000;ILLUMINA;21618776;1422419428;21618776;4366992752;ena-RUN-TAB-09-02-2026-07:55:32:811-10743;ERR16661472.lite;1134607406;14/02/2026 00:30;b7ed5d6313a2a3574b063ecc09209af9;1;SRA Lite;Primary ETL;1;s3://sra-pub-zq-6/ERR16661472/ERR16661472.lite.1;s3.us-east-1;aws identity;https://sra-downloadb.be-md.ncbi.nlm.nih.gov/sos10/sra-pub-zq-1002/ERR016/16661/ERR16661472/ERR16661472.lite.1;https://sra-downloadb.be-md.ncbi.nlm.nih.gov/sos10/sra-pub-zq-1002/ERR016/16661/ERR16661472/ERR16661472.lite.1;worldwide;anonymous;gs://sra-pub-zq-108/ERR16661472/ERR16661472.lite.1;gs.us-east1;gcp identity;;10/02/2026;isabelle feinauer;public;GX0044;1922;brown bear;Europe;Sweden;GX0044;Ursus arctos;;http://ftp.sra.ebi.ac.uk/vol1/fastq/ERR166/072/ERR16661472/ERR16661472_1.fastq.gz;http://ftp.sra.ebi.ac.uk/vol1/fastq/ERR166/072/ERR16661472/ERR16661472_2.fastq.gz;;era-fasp@fasp.sra.ebi.ac.uk:vol1/fastq/ERR166/072/ERR16661472/ERR16661472_1.fastq.gz;era-fasp@fasp.sra.ebi.ac.uk:vol1/fastq/ERR166/072/ERR16661472/ERR16661472_2.fastq.gz;;;;;;;;;;;;;
ERR16661473;ERP161503;Scandinavian brown bear whole genomes;ERX16051941;Illumina NovaSeq 6000 paired end sequencing;Illumina NovaSeq 6000 paired end sequencing;9644;Ursus arctos;NA;WGS;GENOMIC;RANDOM;PAIRED;ERS28818201;;SAMEA121272836;PRJEB77023;Illumina NovaSeq 6000;Illumina NovaSeq 6000;ILLUMINA;21689645;1420538773;21689645;4381308290;ena-RUN-TAB-09-02-2026-07:55:32:811-10745;ERR16661473.lite;1138307406;15/02/2026 10:41;aea4879e4c4608823ff1374032367248;1;SRA Lite;Primary ETL;1;s3://sra-pub-zq-9/ERR16661473/ERR16661473.lite.1;s3.us-east-1;aws identity;https://sra-downloadb.be-md.ncbi.nlm.nih.gov/sos10/sra-pub-zq-1002/ERR016/16661/ERR16661473/ERR16661473.lite.1;https://sra-downloadb.be-md.ncbi.nlm.nih.gov/sos10/sra-pub-zq-1002/ERR016/16661/ERR16661473/ERR16661473.lite.1;worldwide;anonymous;gs://sra-pub-zq-105/ERR16661473/ERR16661473.lite.1;gs.us-east1;gcp identity;;10/02/2026;isabelle feinauer;public;GX0044;1922;brown bear;Europe;Sweden;GX0044;Ursus arctos;;http://ftp.sra.ebi.ac.uk/vol1/fastq/ERR166/073/ERR16661473/ERR16661473_1.fastq.gz;http://ftp.sra.ebi.ac.uk/vol1/fastq/ERR166/073/ERR16661473/ERR16661473_2.fastq.gz;;era-fasp@fasp.sra.ebi.ac.uk:vol1/fastq/ERR166/073/ERR16661473/ERR16661473_1.fastq.gz;era-fasp@fasp.sra.ebi.ac.uk:vol1/fastq/ERR166/073/ERR16661473/ERR16661473_2.fastq.gz;;;;;;;;;;;;;
ERR16661474;ERP161503;Scandinavian brown bear whole genomes;ERX16051942;Illumina NovaSeq 6000 paired end sequencing;Illumina NovaSeq 6000 paired end sequencing;9644;Ursus arctos;NA;WGS;GENOMIC;RANDOM;PAIRED;ERS28818201;;SAMEA121272836;PRJEB77023;Illumina NovaSeq 6000;Illumina NovaSeq 6000;ILLUMINA;21634001;1420503256;21634001;4370068202;ena-RUN-TAB-09-02-2026-07:55:32:811-10747;ERR16661474.lite;1135291434;15/02/2026 10:41;4feb0ba8c9e1d0cbe78599de891ab9fb;1;SRA Lite;Primary ETL;1;s3://sra-pub-zq-9/ERR16661474/ERR16661474.lite.1;s3.us-east-1;aws identity;https://sra-downloadb.be-md.ncbi.nlm.nih.gov/sos10/sra-pub-zq-1002/ERR016/16661/ERR16661474/ERR16661474.lite.1;https://sra-downloadb.be-md.ncbi.nlm.nih.gov/sos10/sra-pub-zq-1002/ERR016/16661/ERR16661474/ERR16661474.lite.1;worldwide;anonymous;gs://sra-pub-zq-105/ERR16661474/ERR16661474.lite.1;gs.us-east1;gcp identity;;10/02/2026;isabelle feinauer;public;GX0044;1922;brown bear;Europe;Sweden;GX0044;Ursus arctos;;http://ftp.sra.ebi.ac.uk/vol1/fastq/ERR166/074/ERR16661474/ERR16661474_1.fastq.gz;http://ftp.sra.ebi.ac.uk/vol1/fastq/ERR166/074/ERR16661474/ERR16661474_2.fastq.gz;;era-fasp@fasp.sra.ebi.ac.uk:vol1/fastq/ERR166/074/ERR16661474/ERR16661474_1.fastq.gz;era-fasp@fasp.sra.ebi.ac.uk:vol1/fastq/ERR166/074/ERR16661474/ERR16661474_2.fastq.gz;;;;;;;;;;;;;
ERR16661475;ERP161503;Scandinavian brown bear whole genomes;ERX16051943;Illumina NovaSeq 6000 paired end sequencing;Illumina NovaSeq 6000 paired end sequencing;9644;Ursus arctos;NA;WGS;GENOMIC;RANDOM;PAIRED;ERS28818201;;SAMEA121272836;PRJEB77023;Illumina NovaSeq 6000;Illumina NovaSeq 6000;ILLUMINA;21770800;1423444874;21770800;4397701600;ena-RUN-TAB-09-02-2026-07:55:32:812-10749;ERR16661475.lite;1142473600;14/02/2026 00:33;b3d934b20bbc5135690ad0fbde683900;1;SRA Lite;Primary ETL;1;s3://sra-pub-zq-6/ERR16661475/ERR16661475.lite.1;s3.us-east-1;aws identity;https://sra-downloadb.be-md.ncbi.nlm.nih.gov/sos10/sra-pub-zq-1002/ERR016/16661/ERR16661475/ERR16661475.lite.1;https://sra-downloadb.be-md.ncbi.nlm.nih.gov/sos10/sra-pub-zq-1002/ERR016/16661/ERR16661475/ERR16661475.lite.1;worldwide;anonymous;gs://sra-pub-zq-108/ERR16661475/ERR16661475.lite.1;gs.us-east1;gcp identity;;10/02/2026;isabelle feinauer;public;GX0044;1922;brown bear;Europe;Sweden;GX0044;Ursus arctos;;http://ftp.sra.ebi.ac.uk/vol1/fastq/ERR166/075/ERR16661475/ERR16661475_1.fastq.gz;http://ftp.sra.ebi.ac.uk/vol1/fastq/ERR166/075/ERR16661475/ERR16661475_2.fastq.gz;;era-fasp@fasp.sra.ebi.ac.uk:vol1/fastq/ERR166/075/ERR16661475/ERR16661475_1.fastq.gz;era-fasp@fasp.sra.ebi.ac.uk:vol1/fastq/ERR166/075/ERR16661475/ERR16661475_2.fastq.gz;;;;;;;;;;;;;
ERR16661476;ERP161503;Scandinavian brown bear whole genomes;ERX16051944;Illumina NovaSeq 6000 paired end sequencing;Illumina NovaSeq 6000 paired end sequencing;9644;Ursus arctos;NA;WGS;GENOMIC;RANDOM;PAIRED;ERS28818201;;SAMEA121272836;PRJEB77023;Illumina NovaSeq 6000;Illumina NovaSeq 6000;ILLUMINA;25948803;1689196041;25948803;5241658206;ena-RUN-TAB-09-02-2026-07:55:32:812-10751;ERR16661476.lite;1359587417;14/02/2026 00:30;00c91e70e6383e5043b3b0d9a9d42ef9;1;SRA Lite;Primary ETL;1;s3://sra-pub-zq-6/ERR16661476/ERR16661476.lite.1;s3.us-east-1;aws identity;https://sra-downloadb.be-md.ncbi.nlm.nih.gov/sos10/sra-pub-zq-1002/ERR016/16661/ERR16661476/ERR16661476.lite.1;https://sra-downloadb.be-md.ncbi.nlm.nih.gov/sos10/sra-pub-zq-1002/ERR016/16661/ERR16661476/ERR16661476.lite.1;worldwide;anonymous;gs://sra-pub-zq-108/ERR16661476/ERR16661476.lite.1;gs.us-east1;gcp identity;;10/02/2026;isabelle feinauer;public;GX0044;1922;brown bear;Europe;Sweden;GX0044;Ursus arctos;;http://ftp.sra.ebi.ac.uk/vol1/fastq/ERR166/076/ERR16661476/ERR16661476_1.fastq.gz;http://ftp.sra.ebi.ac.uk/vol1/fastq/ERR166/076/ERR16661476/ERR16661476_2.fastq.gz;;era-fasp@fasp.sra.ebi.ac.uk:vol1/fastq/ERR166/076/ERR16661476/ERR16661476_1.fastq.gz;era-fasp@fasp.sra.ebi.ac.uk:vol1/fastq/ERR166/076/ERR16661476/ERR16661476_2.fastq.gz;;;;;;;;;;;;;
ERR16661477;ERP161503;Scandinavian brown bear whole genomes;ERX16051945;Illumina NovaSeq 6000 paired end sequencing;Illumina NovaSeq 6000 paired end sequencing;9644;Ursus arctos;NA;WGS;GENOMIC;RANDOM;PAIRED;ERS28818201;;SAMEA121272836;PRJEB77023;Illumina NovaSeq 6000;Illumina NovaSeq 6000;ILLUMINA;25971655;1682433157;25971655;5246274310;ena-RUN-TAB-09-02-2026-07:55:32:812-10753;ERR16661477.lite;1360867099;15/02/2026 10:42;2be27d961860b4d196fd8ecbe02bee06;1;SRA Lite;Primary ETL;1;s3://sra-pub-zq-9/ERR16661477/ERR16661477.lite.1;s3.us-east-1;aws identity;https://sra-downloadb.be-md.ncbi.nlm.nih.gov/sos10/sra-pub-zq-1002/ERR016/16661/ERR16661477/ERR16661477.lite.1;https://sra-downloadb.be-md.ncbi.nlm.nih.gov/sos10/sra-pub-zq-1002/ERR016/16661/ERR16661477/ERR16661477.lite.1;worldwide;anonymous;gs://sra-pub-zq-105/ERR16661477/ERR16661477.lite.1;gs.us-east1;gcp identity;;10/02/2026;isabelle feinauer;public;GX0044;1922;brown bear;Europe;Sweden;GX0044;Ursus arctos;;http://ftp.sra.ebi.ac.uk/vol1/fastq/ERR166/077/ERR16661477/ERR16661477_1.fastq.gz;http://ftp.sra.ebi.ac.uk/vol1/fastq/ERR166/077/ERR16661477/ERR16661477_2.fastq.gz;;era-fasp@fasp.sra.ebi.ac.uk:vol1/fastq/ERR166/077/ERR16661477/ERR16661477_1.fastq.gz;era-fasp@fasp.sra.ebi.ac.uk:vol1/fastq/ERR166/077/ERR16661477/ERR16661477_2.fastq.gz;;;;;;;;;;;;;
ERR16661478;ERP161503;Scandinavian brown bear whole genomes;ERX16051946;Illumina NovaSeq 6000 paired end sequencing;Illumina NovaSeq 6000 paired end sequencing;9644;Ursus arctos;NA;WGS;GENOMIC;RANDOM;PAIRED;ERS28818201;;SAMEA121272836;PRJEB77023;Illumina NovaSeq 6000;Illumina NovaSeq 6000;ILLUMINA;25824976;1677872727;25824976;5216645152;ena-RUN-TAB-09-02-2026-07:55:32:813-10755;ERR16661478.lite;1353178171;15/02/2026 10:40;79b7ccde5ca0c0a90e7de7099dddd46d;1;SRA Lite;Primary ETL;1;s3://sra-pub-zq-9/ERR16661478/ERR16661478.lite.1;s3.us-east-1;aws identity;https://sra-downloadb.be-md.ncbi.nlm.nih.gov/sos10/sra-pub-zq-1002/ERR016/16661/ERR16661478/ERR16661478.lite.1;https://sra-downloadb.be-md.ncbi.nlm.nih.gov/sos10/sra-pub-zq-1002/ERR016/16661/ERR16661478/ERR16661478.lite.1;worldwide;anonymous;gs://sra-pub-zq-105/ERR16661478/ERR16661478.lite.1;gs.us-east1;gcp identity;;10/02/2026;isabelle feinauer;public;GX0044;1922;brown bear;Europe;Sweden;GX0044;Ursus arctos;;http://ftp.sra.ebi.ac.uk/vol1/fastq/ERR166/078/ERR16661478/ERR16661478_1.fastq.gz;http://ftp.sra.ebi.ac.uk/vol1/fastq/ERR166/078/ERR16661478/ERR16661478_2.fastq.gz;;era-fasp@fasp.sra.ebi.ac.uk:vol1/fastq/ERR166/078/ERR16661478/ERR16661478_1.fastq.gz;era-fasp@fasp.sra.ebi.ac.uk:vol1/fastq/ERR166/078/ERR16661478/ERR16661478_2.fastq.gz;;;;;;;;;;;;;
ERR16661479;ERP161503;Scandinavian brown bear whole genomes;ERX16051947;Illumina NovaSeq 6000 paired end sequencing;Illumina NovaSeq 6000 paired end sequencing;9644;Ursus arctos;NA;WGS;GENOMIC;RANDOM;PAIRED;ERS28818201;;SAMEA121272836;PRJEB77023;Illumina NovaSeq 6000;Illumina NovaSeq 6000;ILLUMINA;25877824;1673338833;25877824;5227320448;ena-RUN-TAB-09-02-2026-07:55:32:813-10757;ERR16661479.lite;1356042445;15/02/2026 10:41;d69a5d3e3ad9fa44140ca556f58eb319;1;SRA Lite;Primary ETL;1;s3://sra-pub-zq-9/ERR16661479/ERR16661479.lite.1;s3.us-east-1;aws identity;https://sra-downloadb.be-md.ncbi.nlm.nih.gov/sos10/sra-pub-zq-1002/ERR016/16661/ERR16661479/ERR16661479.lite.1;https://sra-downloadb.be-md.ncbi.nlm.nih.gov/sos10/sra-pub-zq-1002/ERR016/16661/ERR16661479/ERR16661479.lite.1;worldwide;anonymous;gs://sra-pub-zq-105/ERR16661479/ERR16661479.lite.1;gs.us-east1;gcp identity;;10/02/2026;isabelle feinauer;public;GX0044;1922;brown bear;Europe;Sweden;GX0044;Ursus arctos;;http://ftp.sra.ebi.ac.uk/vol1/fastq/ERR166/079/ERR16661479/ERR16661479_1.fastq.gz;http://ftp.sra.ebi.ac.uk/vol1/fastq/ERR166/079/ERR16661479/ERR16661479_2.fastq.gz;;era-fasp@fasp.sra.ebi.ac.uk:vol1/fastq/ERR166/079/ERR16661479/ERR16661479_1.fastq.gz;era-fasp@fasp.sra.ebi.ac.uk:vol1/fastq/ERR166/079/ERR16661479/ERR16661479_2.fastq.gz;;;;;;;;;;;;;
ERR16661480;ERP161503;Scandinavian brown bear whole genomes;ERX16051948;Illumina NovaSeq 6000 paired end sequencing;Illumina NovaSeq 6000 paired end sequencing;9644;Ursus arctos;NA;WGS;GENOMIC;RANDOM;PAIRED;ERS28818201;;SAMEA121272836;PRJEB77023;Illumina NovaSeq 6000;Illumina NovaSeq 6000;ILLUMINA;28347976;1823616384;28347976;5726291152;ena-RUN-TAB-09-02-2026-07:55:32:813-10759;ERR16661480.lite;1483854907;14/02/2026 02:34;e8bc8a3521e0afdfc14de3b844bfa4d6;1;SRA Lite;Primary ETL;1;s3://sra-pub-zq-6/ERR16661480/ERR16661480.lite.1;s3.us-east-1;aws identity;https://sra-downloadb.be-md.ncbi.nlm.nih.gov/sos10/sra-pub-zq-1002/ERR016/16661/ERR16661480/ERR16661480.lite.1;https://sra-downloadb.be-md.ncbi.nlm.nih.gov/sos10/sra-pub-zq-1002/ERR016/16661/ERR16661480/ERR16661480.lite.1;worldwide;anonymous;gs://sra-pub-zq-102/ERR16661480/ERR16661480.lite.1;gs.us-east1;gcp identity;;10/02/2026;isabelle feinauer;public;GX0044;1922;brown bear;Europe;Sweden;GX0044;Ursus arctos;;http://ftp.sra.ebi.ac.uk/vol1/fastq/ERR166/080/ERR16661480/ERR16661480_1.fastq.gz;http://ftp.sra.ebi.ac.uk/vol1/fastq/ERR166/080/ERR16661480/ERR16661480_2.fastq.gz;;era-fasp@fasp.sra.ebi.ac.uk:vol1/fastq/ERR166/080/ERR16661480/ERR16661480_1.fastq.gz;era-fasp@fasp.sra.ebi.ac.uk:vol1/fastq/ERR166/080/ERR16661480/ERR16661480_2.fastq.gz;;;;;;;;;;;;;
ERR16661481;ERP161503;Scandinavian brown bear whole genomes;ERX16051949;Illumina NovaSeq 6000 paired end sequencing;Illumina NovaSeq 6000 paired end sequencing;9644;Ursus arctos;NA;WGS;GENOMIC;RANDOM;PAIRED;ERS28818201;;SAMEA121272836;PRJEB77023;Illumina NovaSeq 6000;Illumina NovaSeq 6000;ILLUMINA;28303486;1811813743;28303486;5717304172;ena-RUN-TAB-09-02-2026-07:55:32:814-10761;ERR16661481.lite;1481623426;15/02/2026 03:19;32cdb98b553bc7d34073a094c73fbdef;1;SRA Lite;Primary ETL;1;s3://sra-pub-zq-5/ERR16661481/ERR16661481.lite.1;s3.us-east-1;aws identity;https://sra-downloadb.be-md.ncbi.nlm.nih.gov/sos10/sra-pub-zq-1002/ERR016/16661/ERR16661481/ERR16661481.lite.1;https://sra-downloadb.be-md.ncbi.nlm.nih.gov/sos10/sra-pub-zq-1002/ERR016/16661/ERR16661481/ERR16661481.lite.1;worldwide;anonymous;gs://sra-pub-zq-101/ERR16661481/ERR16661481.lite.1;gs.us-east1;gcp identity;;10/02/2026;isabelle feinauer;public;GX0044;1922;brown bear;Europe;Sweden;GX0044;Ursus arctos;;http://ftp.sra.ebi.ac.uk/vol1/fastq/ERR166/081/ERR16661481/ERR16661481_1.fastq.gz;http://ftp.sra.ebi.ac.uk/vol1/fastq/ERR166/081/ERR16661481/ERR16661481_2.fastq.gz;;era-fasp@fasp.sra.ebi.ac.uk:vol1/fastq/ERR166/081/ERR16661481/ERR16661481_1.fastq.gz;era-fasp@fasp.sra.ebi.ac.uk:vol1/fastq/ERR166/081/ERR16661481/ERR16661481_2.fastq.gz;;;;;;;;;;;;;
ERR16661482;ERP161503;Scandinavian brown bear whole genomes;ERX16051950;Illumina NovaSeq 6000 paired end sequencing;Illumina NovaSeq 6000 paired end sequencing;9644;Ursus arctos;NA;WGS;GENOMIC;RANDOM;PAIRED;ERS28818201;;SAMEA121272836;PRJEB77023;Illumina NovaSeq 6000;Illumina NovaSeq 6000;ILLUMINA;28214135;1811403352;28214135;5699255270;ena-RUN-TAB-09-02-2026-07:55:32:814-10763;ERR16661482.lite;1476933080;14/02/2026 02:35;2090f109b94a7a9ab9cce2ab075f8e4c;1;SRA Lite;Primary ETL;1;s3://sra-pub-zq-6/ERR16661482/ERR16661482.lite.1;s3.us-east-1;aws identity;https://sra-downloadb.be-md.ncbi.nlm.nih.gov/sos10/sra-pub-zq-1002/ERR016/16661/ERR16661482/ERR16661482.lite.1;https://sra-downloadb.be-md.ncbi.nlm.nih.gov/sos10/sra-pub-zq-1002/ERR016/16661/ERR16661482/ERR16661482.lite.1;worldwide;anonymous;gs://sra-pub-zq-102/ERR16661482/ERR16661482.lite.1;gs.us-east1;gcp identity;;10/02/2026;isabelle feinauer;public;GX0044;1922;brown bear;Europe;Sweden;GX0044;Ursus arctos;;http://ftp.sra.ebi.ac.uk/vol1/fastq/ERR166/082/ERR16661482/ERR16661482_1.fastq.gz;http://ftp.sra.ebi.ac.uk/vol1/fastq/ERR166/082/ERR16661482/ERR16661482_2.fastq.gz;;era-fasp@fasp.sra.ebi.ac.uk:vol1/fastq/ERR166/082/ERR16661482/ERR16661482_1.fastq.gz;era-fasp@fasp.sra.ebi.ac.uk:vol1/fastq/ERR166/082/ERR16661482/ERR16661482_2.fastq.gz;;;;;;;;;;;;;
ERR16661483;ERP161503;Scandinavian brown bear whole genomes;ERX16051951;Illumina NovaSeq 6000 paired end sequencing;Illumina NovaSeq 6000 paired end sequencing;9644;Ursus arctos;NA;WGS;GENOMIC;RANDOM;PAIRED;ERS28818201;;SAMEA121272836;PRJEB77023;Illumina NovaSeq 6000;Illumina NovaSeq 6000;ILLUMINA;28275304;1806789685;28275304;5711611408;ena-RUN-TAB-09-02-2026-07:55:32:814-10765;ERR16661483.lite;1480285390;14/02/2026 02:34;250d014ab961649dcb95a79d6c6718fd;1;SRA Lite;Primary ETL;1;s3://sra-pub-zq-6/ERR16661483/ERR16661483.lite.1;s3.us-east-1;aws identity;https://sra-downloadb.be-md.ncbi.nlm.nih.gov/sos10/sra-pub-zq-1002/ERR016/16661/ERR16661483/ERR16661483.lite.1;https://sra-downloadb.be-md.ncbi.nlm.nih.gov/sos10/sra-pub-zq-1002/ERR016/16661/ERR16661483/ERR16661483.lite.1;worldwide;anonymous;gs://sra-pub-zq-102/ERR16661483/ERR16661483.lite.1;gs.us-east1;gcp identity;;10/02/2026;isabelle feinauer;public;GX0044;1922;brown bear;Europe;Sweden;GX0044;Ursus arctos;;http://ftp.sra.ebi.ac.uk/vol1/fastq/ERR166/083/ERR16661483/ERR16661483_1.fastq.gz;http://ftp.sra.ebi.ac.uk/vol1/fastq/ERR166/083/ERR16661483/ERR16661483_2.fastq.gz;;era-fasp@fasp.sra.ebi.ac.uk:vol1/fastq/ERR166/083/ERR16661483/ERR16661483_1.fastq.gz;era-fasp@fasp.sra.ebi.ac.uk:vol1/fastq/ERR166/083/ERR16661483/ERR16661483_2.fastq.gz;;;;;;;;;;;;;
ERR16661484;ERP161503;Scandinavian brown bear whole genomes;ERX16051952;Illumina NovaSeq 6000 paired end sequencing;Illumina NovaSeq 6000 paired end sequencing;9644;Ursus arctos;NA;WGS;GENOMIC;RANDOM;PAIRED;ERS28818202;;SAMEA121272837;PRJEB77023;Illumina NovaSeq 6000;Illumina NovaSeq 6000;ILLUMINA;53882669;5756573085;53882669;16272566038;ena-RUN-TAB-09-02-2026-07:55:32:815-10767;ERR16661484.lite;4161605269;14/02/2026 02:36;fec03ceb7761721d92b4c991af7089bc;1;SRA Lite;Primary ETL;1;s3://sra-pub-zq-6/ERR16661484/ERR16661484.lite.1;s3.us-east-1;aws identity;https://sra-downloadb.be-md.ncbi.nlm.nih.gov/sos10/sra-pub-zq-1002/ERR016/16661/ERR16661484/ERR16661484.lite.1;https://sra-downloadb.be-md.ncbi.nlm.nih.gov/sos10/sra-pub-zq-1002/ERR016/16661/ERR16661484/ERR16661484.lite.1;worldwide;anonymous;gs://sra-pub-zq-102/ERR16661484/ERR16661484.lite.1;gs.us-east1;gcp identity;;10/02/2026;isabelle feinauer;public;GX0064;1838;brown bear;Europe;Sweden;GX0064;Ursus arctos;;http://ftp.sra.ebi.ac.uk/vol1/fastq/ERR166/084/ERR16661484/ERR16661484_1.fastq.gz;http://ftp.sra.ebi.ac.uk/vol1/fastq/ERR166/084/ERR16661484/ERR16661484_2.fastq.gz;;era-fasp@fasp.sra.ebi.ac.uk:vol1/fastq/ERR166/084/ERR16661484/ERR16661484_1.fastq.gz;era-fasp@fasp.sra.ebi.ac.uk:vol1/fastq/ERR166/084/ERR16661484/ERR16661484_2.fastq.gz;;;;;;;;;;;;;
ERR16661485;ERP161503;Scandinavian brown bear whole genomes;ERX16051953;Illumina NovaSeq 6000 paired end sequencing;Illumina NovaSeq 6000 paired end sequencing;9644;Ursus arctos;NA;WGS;GENOMIC;RANDOM;PAIRED;ERS28818202;;SAMEA121272837;PRJEB77023;Illumina NovaSeq 6000;Illumina NovaSeq 6000;ILLUMINA;25243695;2694454147;25243695;7623595890;ena-RUN-TAB-09-02-2026-07:55:32:815-10769;P28056_1033_S106_L004_R1_001.fastq.gz;1457607684;15/02/2026 09:46;651d4739a3d2e695e53b37ae9cfc2fc2;1;fastq;Original;0;s3://sra-pub-src-14/ERR16661485/P28056_1033_S106_L004_R1_001.fastq.gz.1;-;Use Cloud Data Delivery;https://sra-pub-run-odp.s3.amazonaws.com/sra/ERR16661485/ERR16661485;https://sra-downloadb.be-md.ncbi.nlm.nih.gov/sos10/sra-pub-zq-1002/ERR016/16661/ERR16661485/ERR16661485.lite.1;worldwide;anonymous;gs://sra-pub-zq-105/ERR16661485/ERR16661485.lite.1;gs.us-east1;gcp identity;;10/02/2026;isabelle feinauer;public;GX0064;1838;brown bear;Europe;Sweden;GX0064;Ursus arctos;;http://ftp.sra.ebi.ac.uk/vol1/fastq/ERR166/085/ERR16661485/ERR16661485_1.fastq.gz;http://ftp.sra.ebi.ac.uk/vol1/fastq/ERR166/085/ERR16661485/ERR16661485_2.fastq.gz;;era-fasp@fasp.sra.ebi.ac.uk:vol1/fastq/ERR166/085/ERR16661485/ERR16661485_1.fastq.gz;era-fasp@fasp.sra.ebi.ac.uk:vol1/fastq/ERR166/085/ERR16661485/ERR16661485_2.fastq.gz;;;;;;;;;;;;;
ERR16661486;ERP161503;Scandinavian brown bear whole genomes;ERX16051954;Illumina NovaSeq 6000 paired end sequencing;Illumina NovaSeq 6000 paired end sequencing;9644;Ursus arctos;NA;WGS;GENOMIC;RANDOM;PAIRED;ERS28818202;;SAMEA121272837;PRJEB77023;Illumina NovaSeq 6000;Illumina NovaSeq 6000;ILLUMINA;28522148;1871331510;28522148;5761473896;ena-RUN-TAB-09-02-2026-07:55:32:820-10771;ERR16661486.lite;1493836748;16/02/2026 11:06;a5356fa69170ff581d868880f003f8db;1;SRA Lite;Primary ETL;1;s3://sra-pub-zq-2/ERR16661486/ERR16661486.lite.1;s3.us-east-1;aws identity;https://sra-downloadb.be-md.ncbi.nlm.nih.gov/sos10/sra-pub-zq-1002/ERR016/16661/ERR16661486/ERR16661486.lite.1;https://sra-downloadb.be-md.ncbi.nlm.nih.gov/sos10/sra-pub-zq-1002/ERR016/16661/ERR16661486/ERR16661486.lite.1;worldwide;anonymous;gs://sra-pub-zq-102/ERR16661486/ERR16661486.lite.1;gs.us-east1;gcp identity;;10/02/2026;isabelle feinauer;public;GX0064;1838;brown bear;Europe;Sweden;GX0064;Ursus arctos;;http://ftp.sra.ebi.ac.uk/vol1/fastq/ERR166/086/ERR16661486/ERR16661486_1.fastq.gz;http://ftp.sra.ebi.ac.uk/vol1/fastq/ERR166/086/ERR16661486/ERR16661486_2.fastq.gz;;era-fasp@fasp.sra.ebi.ac.uk:vol1/fastq/ERR166/086/ERR16661486/ERR16661486_1.fastq.gz;era-fasp@fasp.sra.ebi.ac.uk:vol1/fastq/ERR166/086/ERR16661486/ERR16661486_2.fastq.gz;;;;;;;;;;;;;
ERR16661487;ERP161503;Scandinavian brown bear whole genomes;ERX16051955;Illumina NovaSeq 6000 paired end sequencing;Illumina NovaSeq 6000 paired end sequencing;9644;Ursus arctos;NA;WGS;GENOMIC;RANDOM;PAIRED;ERS28818202;;SAMEA121272837;PRJEB77023;Illumina NovaSeq 6000;Illumina NovaSeq 6000;ILLUMINA;28838408;1881712588;28838408;5825358416;ena-RUN-TAB-09-02-2026-07:55:32:820-10773;ERR16661487.lite;1510328555;14/02/2026 02:34;51092508a6d84338b89cc4ce89c44680;1;SRA Lite;Primary ETL;1;s3://sra-pub-zq-6/ERR16661487/ERR16661487.lite.1;s3.us-east-1;aws identity;https://sra-downloadb.be-md.ncbi.nlm.nih.gov/sos10/sra-pub-zq-1002/ERR016/16661/ERR16661487/ERR16661487.lite.1;https://sra-downloadb.be-md.ncbi.nlm.nih.gov/sos10/sra-pub-zq-1002/ERR016/16661/ERR16661487/ERR16661487.lite.1;worldwide;anonymous;gs://sra-pub-zq-102/ERR16661487/ERR16661487.lite.1;gs.us-east1;gcp identity;;10/02/2026;isabelle feinauer;public;GX0064;1838;brown bear;Europe;Sweden;GX0064;Ursus arctos;;http://ftp.sra.ebi.ac.uk/vol1/fastq/ERR166/087/ERR16661487/ERR16661487_1.fastq.gz;http://ftp.sra.ebi.ac.uk/vol1/fastq/ERR166/087/ERR16661487/ERR16661487_2.fastq.gz;;era-fasp@fasp.sra.ebi.ac.uk:vol1/fastq/ERR166/087/ERR16661487/ERR16661487_1.fastq.gz;era-fasp@fasp.sra.ebi.ac.uk:vol1/fastq/ERR166/087/ERR16661487/ERR16661487_2.fastq.gz;;;;;;;;;;;;;
ERR16661488;ERP161503;Scandinavian brown bear whole genomes;ERX16051956;Illumina NovaSeq 6000 paired end sequencing;Illumina NovaSeq 6000 paired end sequencing;9644;Ursus arctos;NA;WGS;GENOMIC;RANDOM;PAIRED;ERS28818202;;SAMEA121272837;PRJEB77023;Illumina NovaSeq 6000;Illumina NovaSeq 6000;ILLUMINA;28534313;1866123698;28534313;5763931226;ena-RUN-TAB-09-02-2026-07:55:32:821-10775;ERR16661488.lite;1494468945;14/02/2026 08:45;729d82ff964201ed2b26549eb6cee6cf;1;SRA Lite;Primary ETL;1;s3://sra-pub-zq-8/ERR16661488/ERR16661488.lite.1;s3.us-east-1;aws identity;https://sra-downloadb.be-md.ncbi.nlm.nih.gov/sos10/sra-pub-zq-1002/ERR016/16661/ERR16661488/ERR16661488.lite.1;https://sra-downloadb.be-md.ncbi.nlm.nih.gov/sos10/sra-pub-zq-1002/ERR016/16661/ERR16661488/ERR16661488.lite.1;worldwide;anonymous;gs://sra-pub-zq-102/ERR16661488/ERR16661488.lite.1;gs.us-east1;gcp identity;;10/02/2026;isabelle feinauer;public;GX0064;1838;brown bear;Europe;Sweden;GX0064;Ursus arctos;;http://ftp.sra.ebi.ac.uk/vol1/fastq/ERR166/088/ERR16661488/ERR16661488_1.fastq.gz;http://ftp.sra.ebi.ac.uk/vol1/fastq/ERR166/088/ERR16661488/ERR16661488_2.fastq.gz;;era-fasp@fasp.sra.ebi.ac.uk:vol1/fastq/ERR166/088/ERR16661488/ERR16661488_1.fastq.gz;era-fasp@fasp.sra.ebi.ac.uk:vol1/fastq/ERR166/088/ERR16661488/ERR16661488_2.fastq.gz;;;;;;;;;;;;;
ERR16661489;ERP161503;Scandinavian brown bear whole genomes;ERX16051957;Illumina NovaSeq 6000 paired end sequencing;Illumina NovaSeq 6000 paired end sequencing;9644;Ursus arctos;NA;WGS;GENOMIC;RANDOM;PAIRED;ERS28818202;;SAMEA121272837;PRJEB77023;Illumina NovaSeq 6000;Illumina NovaSeq 6000;ILLUMINA;29043405;1892593596;29043405;5866767810;ena-RUN-TAB-09-02-2026-07:55:32:821-10777;P28459_1085_S85_L004_R1_001.fastq.gz;1347261641;15/02/2026 02:44;695e084673dfd0b7a12760ed8fc295fe;1;fastq;Original;0;s3://sra-pub-src-6/ERR16661489/P28459_1085_S85_L004_R1_001.fastq.gz.1;-;Use Cloud Data Delivery;https://sra-pub-run-odp.s3.amazonaws.com/sra/ERR16661489/ERR16661489;https://sra-downloadb.be-md.ncbi.nlm.nih.gov/sos10/sra-pub-zq-1002/ERR016/16661/ERR16661489/ERR16661489.lite.1;worldwide;anonymous;gs://sra-pub-zq-101/ERR16661489/ERR16661489.lite.1;gs.us-east1;gcp identity;;10/02/2026;isabelle feinauer;public;GX0064;1838;brown bear;Europe;Sweden;GX0064;Ursus arctos;;http://ftp.sra.ebi.ac.uk/vol1/fastq/ERR166/089/ERR16661489/ERR16661489_1.fastq.gz;http://ftp.sra.ebi.ac.uk/vol1/fastq/ERR166/089/ERR16661489/ERR16661489_2.fastq.gz;;era-fasp@fasp.sra.ebi.ac.uk:vol1/fastq/ERR166/089/ERR16661489/ERR16661489_1.fastq.gz;era-fasp@fasp.sra.ebi.ac.uk:vol1/fastq/ERR166/089/ERR16661489/ERR16661489_2.fastq.gz;;;;;;;;;;;;;
ERR16661490;ERP161503;Scandinavian brown bear whole genomes;ERX16051958;Illumina NovaSeq 6000 paired end sequencing;Illumina NovaSeq 6000 paired end sequencing;9644;Ursus arctos;NA;WGS;GENOMIC;RANDOM;PAIRED;ERS28818202;;SAMEA121272837;PRJEB77023;Illumina NovaSeq 6000;Illumina NovaSeq 6000;ILLUMINA;30309973;1950661513;30309973;6122614546;ena-RUN-TAB-09-02-2026-07:55:32:821-10779;ERR16661490.lite;1586730921;15/02/2026 10:40;ba24658bf730afc3d87ad92d435e4fdf;1;SRA Lite;Primary ETL;1;s3://sra-pub-zq-9/ERR16661490/ERR16661490.lite.1;s3.us-east-1;aws identity;https://sra-downloadb.be-md.ncbi.nlm.nih.gov/sos10/sra-pub-zq-1002/ERR016/16661/ERR16661490/ERR16661490.lite.1;https://sra-downloadb.be-md.ncbi.nlm.nih.gov/sos10/sra-pub-zq-1002/ERR016/16661/ERR16661490/ERR16661490.lite.1;worldwide;anonymous;gs://sra-pub-zq-105/ERR16661490/ERR16661490.lite.1;gs.us-east1;gcp identity;;10/02/2026;isabelle feinauer;public;GX0064;1838;brown bear;Europe;Sweden;GX0064;Ursus arctos;;http://ftp.sra.ebi.ac.uk/vol1/fastq/ERR166/090/ERR16661490/ERR16661490_1.fastq.gz;http://ftp.sra.ebi.ac.uk/vol1/fastq/ERR166/090/ERR16661490/ERR16661490_2.fastq.gz;;era-fasp@fasp.sra.ebi.ac.uk:vol1/fastq/ERR166/090/ERR16661490/ERR16661490_1.fastq.gz;era-fasp@fasp.sra.ebi.ac.uk:vol1/fastq/ERR166/090/ERR16661490/ERR16661490_2.fastq.gz;;;;;;;;;;;;;
ERR16661491;ERP161503;Scandinavian brown bear whole genomes;ERX16051959;Illumina NovaSeq 6000 paired end sequencing;Illumina NovaSeq 6000 paired end sequencing;9644;Ursus arctos;NA;WGS;GENOMIC;RANDOM;PAIRED;ERS28818202;;SAMEA121272837;PRJEB77023;Illumina NovaSeq 6000;Illumina NovaSeq 6000;ILLUMINA;30617348;1960223100;30617348;6184704296;ena-RUN-TAB-09-02-2026-07:55:32:822-10781;ERR16661491.lite;1602743232;14/02/2026 02:34;f935748da9f6f71c9dbe911019f79f95;1;SRA Lite;Primary ETL;1;s3://sra-pub-zq-6/ERR16661491/ERR16661491.lite.1;s3.us-east-1;aws identity;https://sra-downloadb.be-md.ncbi.nlm.nih.gov/sos10/sra-pub-zq-1002/ERR016/16661/ERR16661491/ERR16661491.lite.1;https://sra-downloadb.be-md.ncbi.nlm.nih.gov/sos10/sra-pub-zq-1002/ERR016/16661/ERR16661491/ERR16661491.lite.1;worldwide;anonymous;gs://sra-pub-zq-102/ERR16661491/ERR16661491.lite.1;gs.us-east1;gcp identity;;10/02/2026;isabelle feinauer;public;GX0064;1838;brown bear;Europe;Sweden;GX0064;Ursus arctos;;http://ftp.sra.ebi.ac.uk/vol1/fastq/ERR166/091/ERR16661491/ERR16661491_1.fastq.gz;http://ftp.sra.ebi.ac.uk/vol1/fastq/ERR166/091/ERR16661491/ERR16661491_2.fastq.gz;;era-fasp@fasp.sra.ebi.ac.uk:vol1/fastq/ERR166/091/ERR16661491/ERR16661491_1.fastq.gz;era-fasp@fasp.sra.ebi.ac.uk:vol1/fastq/ERR166/091/ERR16661491/ERR16661491_2.fastq.gz;;;;;;;;;;;;;
ERR16661492;ERP161503;Scandinavian brown bear whole genomes;ERX16051960;Illumina NovaSeq 6000 paired end sequencing;Illumina NovaSeq 6000 paired end sequencing;9644;Ursus arctos;NA;WGS;GENOMIC;RANDOM;PAIRED;ERS28818202;;SAMEA121272837;PRJEB77023;Illumina NovaSeq 6000;Illumina NovaSeq 6000;ILLUMINA;30258815;1942220366;30258815;6112280630;ena-RUN-TAB-09-02-2026-07:55:32:822-10783;ERR16661492.lite;1584077616;15/02/2026 10:40;c8d21fd059a727368980b1086a9037cb;1;SRA Lite;Primary ETL;1;s3://sra-pub-zq-9/ERR16661492/ERR16661492.lite.1;s3.us-east-1;aws identity;https://sra-downloadb.be-md.ncbi.nlm.nih.gov/sos10/sra-pub-zq-1002/ERR016/16661/ERR16661492/ERR16661492.lite.1;https://sra-downloadb.be-md.ncbi.nlm.nih.gov/sos10/sra-pub-zq-1002/ERR016/16661/ERR16661492/ERR16661492.lite.1;worldwide;anonymous;gs://sra-pub-zq-105/ERR16661492/ERR16661492.lite.1;gs.us-east1;gcp identity;;10/02/2026;isabelle feinauer;public;GX0064;1838;brown bear;Europe;Sweden;GX0064;Ursus arctos;;http://ftp.sra.ebi.ac.uk/vol1/fastq/ERR166/092/ERR16661492/ERR16661492_1.fastq.gz;http://ftp.sra.ebi.ac.uk/vol1/fastq/ERR166/092/ERR16661492/ERR16661492_2.fastq.gz;;era-fasp@fasp.sra.ebi.ac.uk:vol1/fastq/ERR166/092/ERR16661492/ERR16661492_1.fastq.gz;era-fasp@fasp.sra.ebi.ac.uk:vol1/fastq/ERR166/092/ERR16661492/ERR16661492_2.fastq.gz;;;;;;;;;;;;;
ERR16661493;ERP161503;Scandinavian brown bear whole genomes;ERX16051961;Illumina NovaSeq 6000 paired end sequencing;Illumina NovaSeq 6000 paired end sequencing;9644;Ursus arctos;NA;WGS;GENOMIC;RANDOM;PAIRED;ERS28818202;;SAMEA121272837;PRJEB77023;Illumina NovaSeq 6000;Illumina NovaSeq 6000;ILLUMINA;30772535;1967158465;30772535;6216052070;ena-RUN-TAB-09-02-2026-07:55:32:822-10785;ERR16661493.lite;1610931946;14/02/2026 02:35;bfb8cabdc351ae70ece98ffff44f4fbd;1;SRA Lite;Primary ETL;1;s3://sra-pub-zq-6/ERR16661493/ERR16661493.lite.1;s3.us-east-1;aws identity;https://sra-downloadb.be-md.ncbi.nlm.nih.gov/sos10/sra-pub-zq-1002/ERR016/16661/ERR16661493/ERR16661493.lite.1;https://sra-downloadb.be-md.ncbi.nlm.nih.gov/sos10/sra-pub-zq-1002/ERR016/16661/ERR16661493/ERR16661493.lite.1;worldwide;anonymous;gs://sra-pub-zq-102/ERR16661493/ERR16661493.lite.1;gs.us-east1;gcp identity;;10/02/2026;isabelle feinauer;public;GX0064;1838;brown bear;Europe;Sweden;GX0064;Ursus arctos;;http://ftp.sra.ebi.ac.uk/vol1/fastq/ERR166/093/ERR16661493/ERR16661493_1.fastq.gz;http://ftp.sra.ebi.ac.uk/vol1/fastq/ERR166/093/ERR16661493/ERR16661493_2.fastq.gz;;era-fasp@fasp.sra.ebi.ac.uk:vol1/fastq/ERR166/093/ERR16661493/ERR16661493_1.fastq.gz;era-fasp@fasp.sra.ebi.ac.uk:vol1/fastq/ERR166/093/ERR16661493/ERR16661493_2.fastq.gz;;;;;;;;;;;;;
ERR16661494;ERP161503;Scandinavian brown bear whole genomes;ERX16051962;Illumina NovaSeq 6000 paired end sequencing;Illumina NovaSeq 6000 paired end sequencing;9644;Ursus arctos;NA;WGS;GENOMIC;RANDOM;PAIRED;ERS28818202;;SAMEA121272837;PRJEB77023;Illumina NovaSeq 6000;Illumina NovaSeq 6000;ILLUMINA;33226270;2135867747;33226270;6711706540;ena-RUN-TAB-09-02-2026-07:55:32:823-10787;ERR16661494.lite;1740406928;16/02/2026 06:28;06eab4da59de4dbc13ff43415f5ca755;1;SRA Lite;Primary ETL;1;s3://sra-pub-zq-8/ERR16661494/ERR16661494.lite.1;s3.us-east-1;aws identity;https://sra-downloadb.be-md.ncbi.nlm.nih.gov/sos10/sra-pub-zq-1002/ERR016/16661/ERR16661494/ERR16661494.lite.1;https://sra-downloadb.be-md.ncbi.nlm.nih.gov/sos10/sra-pub-zq-1002/ERR016/16661/ERR16661494/ERR16661494.lite.1;worldwide;anonymous;gs://sra-pub-zq-109/ERR16661494/ERR16661494.lite.1;gs.us-east1;gcp identity;;10/02/2026;isabelle feinauer;public;GX0064;1838;brown bear;Europe;Sweden;GX0064;Ursus arctos;;http://ftp.sra.ebi.ac.uk/vol1/fastq/ERR166/094/ERR16661494/ERR16661494_1.fastq.gz;http://ftp.sra.ebi.ac.uk/vol1/fastq/ERR166/094/ERR16661494/ERR16661494_2.fastq.gz;;era-fasp@fasp.sra.ebi.ac.uk:vol1/fastq/ERR166/094/ERR16661494/ERR16661494_1.fastq.gz;era-fasp@fasp.sra.ebi.ac.uk:vol1/fastq/ERR166/094/ERR16661494/ERR16661494_2.fastq.gz;;;;;;;;;;;;;
ERR16661495;ERP161503;Scandinavian brown bear whole genomes;ERX16051963;Illumina NovaSeq 6000 paired end sequencing;Illumina NovaSeq 6000 paired end sequencing;9644;Ursus arctos;NA;WGS;GENOMIC;RANDOM;PAIRED;ERS28818202;;SAMEA121272837;PRJEB77023;Illumina NovaSeq 6000;Illumina NovaSeq 6000;ILLUMINA;33652825;2151744005;33652825;6797870650;ena-RUN-TAB-09-02-2026-07:55:32:823-10789;ERR16661495.lite;1762596069;15/02/2026 10:40;cab20664fb85fb8faf1efe4fbe5ccbdd;1;SRA Lite;Primary ETL;1;s3://sra-pub-zq-9/ERR16661495/ERR16661495.lite.1;s3.us-east-1;aws identity;https://sra-downloadb.be-md.ncbi.nlm.nih.gov/sos10/sra-pub-zq-1002/ERR016/16661/ERR16661495/ERR16661495.lite.1;https://sra-downloadb.be-md.ncbi.nlm.nih.gov/sos10/sra-pub-zq-1002/ERR016/16661/ERR16661495/ERR16661495.lite.1;worldwide;anonymous;gs://sra-pub-zq-105/ERR16661495/ERR16661495.lite.1;gs.us-east1;gcp identity;;10/02/2026;isabelle feinauer;public;GX0064;1838;brown bear;Europe;Sweden;GX0064;Ursus arctos;;http://ftp.sra.ebi.ac.uk/vol1/fastq/ERR166/095/ERR16661495/ERR16661495_1.fastq.gz;http://ftp.sra.ebi.ac.uk/vol1/fastq/ERR166/095/ERR16661495/ERR16661495_2.fastq.gz;;era-fasp@fasp.sra.ebi.ac.uk:vol1/fastq/ERR166/095/ERR16661495/ERR16661495_1.fastq.gz;era-fasp@fasp.sra.ebi.ac.uk:vol1/fastq/ERR166/095/ERR16661495/ERR16661495_2.fastq.gz;;;;;;;;;;;;;
ERR16661496;ERP161503;Scandinavian brown bear whole genomes;ERX16051964;Illumina NovaSeq 6000 paired end sequencing;Illumina NovaSeq 6000 paired end sequencing;9644;Ursus arctos;NA;WGS;GENOMIC;RANDOM;PAIRED;ERS28818202;;SAMEA121272837;PRJEB77023;Illumina NovaSeq 6000;Illumina NovaSeq 6000;ILLUMINA;33238033;2130452902;33238033;6714082666;ena-RUN-TAB-09-02-2026-07:55:32:824-10791;ERR16661496.lite;1740957517;14/02/2026 02:34;8dd80e1f3e49f2f0beba23fe0267067e;1;SRA Lite;Primary ETL;1;s3://sra-pub-zq-6/ERR16661496/ERR16661496.lite.1;s3.us-east-1;aws identity;https://sra-downloadb.be-md.ncbi.nlm.nih.gov/sos10/sra-pub-zq-1002/ERR016/16661/ERR16661496/ERR16661496.lite.1;https://sra-downloadb.be-md.ncbi.nlm.nih.gov/sos10/sra-pub-zq-1002/ERR016/16661/ERR16661496/ERR16661496.lite.1;worldwide;anonymous;gs://sra-pub-zq-102/ERR16661496/ERR16661496.lite.1;gs.us-east1;gcp identity;;10/02/2026;isabelle feinauer;public;GX0064;1838;brown bear;Europe;Sweden;GX0064;Ursus arctos;;http://ftp.sra.ebi.ac.uk/vol1/fastq/ERR166/096/ERR16661496/ERR16661496_1.fastq.gz;http://ftp.sra.ebi.ac.uk/vol1/fastq/ERR166/096/ERR16661496/ERR16661496_2.fastq.gz;;era-fasp@fasp.sra.ebi.ac.uk:vol1/fastq/ERR166/096/ERR16661496/ERR16661496_1.fastq.gz;era-fasp@fasp.sra.ebi.ac.uk:vol1/fastq/ERR166/096/ERR16661496/ERR16661496_2.fastq.gz;;;;;;;;;;;;;
ERR16661497;ERP161503;Scandinavian brown bear whole genomes;ERX16051965;Illumina NovaSeq 6000 paired end sequencing;Illumina NovaSeq 6000 paired end sequencing;9644;Ursus arctos;NA;WGS;GENOMIC;RANDOM;PAIRED;ERS28818202;;SAMEA121272837;PRJEB77023;Illumina NovaSeq 6000;Illumina NovaSeq 6000;ILLUMINA;33872649;2162771197;33872649;6842275098;ena-RUN-TAB-09-02-2026-07:55:32:824-10793;ERR16661497.lite;1774080493;14/02/2026 02:34;9b25e61dee581354a5cd95364b1bd271;1;SRA Lite;Primary ETL;1;s3://sra-pub-zq-6/ERR16661497/ERR16661497.lite.1;s3.us-east-1;aws identity;https://sra-downloadb.be-md.ncbi.nlm.nih.gov/sos10/sra-pub-zq-1002/ERR016/16661/ERR16661497/ERR16661497.lite.1;https://sra-downloadb.be-md.ncbi.nlm.nih.gov/sos10/sra-pub-zq-1002/ERR016/16661/ERR16661497/ERR16661497.lite.1;worldwide;anonymous;gs://sra-pub-zq-102/ERR16661497/ERR16661497.lite.1;gs.us-east1;gcp identity;;10/02/2026;isabelle feinauer;public;GX0064;1838;brown bear;Europe;Sweden;GX0064;Ursus arctos;;http://ftp.sra.ebi.ac.uk/vol1/fastq/ERR166/097/ERR16661497/ERR16661497_1.fastq.gz;http://ftp.sra.ebi.ac.uk/vol1/fastq/ERR166/097/ERR16661497/ERR16661497_2.fastq.gz;;era-fasp@fasp.sra.ebi.ac.uk:vol1/fastq/ERR166/097/ERR16661497/ERR16661497_1.fastq.gz;era-fasp@fasp.sra.ebi.ac.uk:vol1/fastq/ERR166/097/ERR16661497/ERR16661497_2.fastq.gz;;;;;;;;;;;;;
ERR16661498;ERP161503;Scandinavian brown bear whole genomes;ERX16051966;Illumina NovaSeq 6000 paired end sequencing;Illumina NovaSeq 6000 paired end sequencing;9644;Ursus arctos;NA;WGS;GENOMIC;RANDOM;PAIRED;ERS28818202;;SAMEA121272837;PRJEB77023;Illumina NovaSeq 6000;Illumina NovaSeq 6000;ILLUMINA;27592398;1813313375;27592398;5573664396;ena-RUN-TAB-09-02-2026-07:55:32:824-10795;ERR16661498.lite;1445214766;14/02/2026 02:34;2db2840a50631e65011842da6ef61396;1;SRA Lite;Primary ETL;1;s3://sra-pub-zq-6/ERR16661498/ERR16661498.lite.1;s3.us-east-1;aws identity;https://sra-downloadb.be-md.ncbi.nlm.nih.gov/sos10/sra-pub-zq-1002/ERR016/16661/ERR16661498/ERR16661498.lite.1;https://sra-downloadb.be-md.ncbi.nlm.nih.gov/sos10/sra-pub-zq-1002/ERR016/16661/ERR16661498/ERR16661498.lite.1;worldwide;anonymous;gs://sra-pub-zq-102/ERR16661498/ERR16661498.lite.1;gs.us-east1;gcp identity;;10/02/2026;isabelle feinauer;public;GX0064;1838;brown bear;Europe;Sweden;GX0064;Ursus arctos;;http://ftp.sra.ebi.ac.uk/vol1/fastq/ERR166/098/ERR16661498/ERR16661498_1.fastq.gz;http://ftp.sra.ebi.ac.uk/vol1/fastq/ERR166/098/ERR16661498/ERR16661498_2.fastq.gz;;era-fasp@fasp.sra.ebi.ac.uk:vol1/fastq/ERR166/098/ERR16661498/ERR16661498_1.fastq.gz;era-fasp@fasp.sra.ebi.ac.uk:vol1/fastq/ERR166/098/ERR16661498/ERR16661498_2.fastq.gz;;;;;;;;;;;;;
ERR16661499;ERP161503;Scandinavian brown bear whole genomes;ERX16051967;Illumina NovaSeq 6000 paired end sequencing;Illumina NovaSeq 6000 paired end sequencing;9644;Ursus arctos;NA;WGS;GENOMIC;RANDOM;PAIRED;ERS28818202;;SAMEA121272837;PRJEB77023;Illumina NovaSeq 6000;Illumina NovaSeq 6000;ILLUMINA;27916694;1823497160;27916694;5639172188;ena-RUN-TAB-09-02-2026-07:55:32:825-10797;ERR16661499.lite;1462117206;15/02/2026 03:19;a9b1bd22f0d0219b088460fe2efe08a1;1;SRA Lite;Primary ETL;1;s3://sra-pub-zq-5/ERR16661499/ERR16661499.lite.1;s3.us-east-1;aws identity;https://sra-downloadb.be-md.ncbi.nlm.nih.gov/sos10/sra-pub-zq-1002/ERR016/16661/ERR16661499/ERR16661499.lite.1;https://sra-downloadb.be-md.ncbi.nlm.nih.gov/sos10/sra-pub-zq-1002/ERR016/16661/ERR16661499/ERR16661499.lite.1;worldwide;anonymous;gs://sra-pub-zq-101/ERR16661499/ERR16661499.lite.1;gs.us-east1;gcp identity;;10/02/2026;isabelle feinauer;public;GX0064;1838;brown bear;Europe;Sweden;GX0064;Ursus arctos;;http://ftp.sra.ebi.ac.uk/vol1/fastq/ERR166/099/ERR16661499/ERR16661499_1.fastq.gz;http://ftp.sra.ebi.ac.uk/vol1/fastq/ERR166/099/ERR16661499/ERR16661499_2.fastq.gz;;era-fasp@fasp.sra.ebi.ac.uk:vol1/fastq/ERR166/099/ERR16661499/ERR16661499_1.fastq.gz;era-fasp@fasp.sra.ebi.ac.uk:vol1/fastq/ERR166/099/ERR16661499/ERR16661499_2.fastq.gz;;;;;;;;;;;;;
ERR16661500;ERP161503;Scandinavian brown bear whole genomes;ERX16051968;Illumina NovaSeq 6000 paired end sequencing;Illumina NovaSeq 6000 paired end sequencing;9644;Ursus arctos;NA;WGS;GENOMIC;RANDOM;PAIRED;ERS28818202;;SAMEA121272837;PRJEB77023;Illumina NovaSeq 6000;Illumina NovaSeq 6000;ILLUMINA;27587716;1806157409;27587716;5572718632;ena-RUN-TAB-09-02-2026-07:55:32:825-10799;ERR16661500.lite;1444977052;15/02/2026 10:42;c4e1330e6d1681459c2d61162405d498;1;SRA Lite;Primary ETL;1;s3://sra-pub-zq-9/ERR16661500/ERR16661500.lite.1;s3.us-east-1;aws identity;https://sra-downloadb.be-md.ncbi.nlm.nih.gov/sos10/sra-pub-zq-1002/ERR016/16661/ERR16661500/ERR16661500.lite.1;https://sra-downloadb.be-md.ncbi.nlm.nih.gov/sos10/sra-pub-zq-1002/ERR016/16661/ERR16661500/ERR16661500.lite.1;worldwide;anonymous;gs://sra-pub-zq-105/ERR16661500/ERR16661500.lite.1;gs.us-east1;gcp identity;;10/02/2026;isabelle feinauer;public;GX0064;1838;brown bear;Europe;Sweden;GX0064;Ursus arctos;;http://ftp.sra.ebi.ac.uk/vol1/fastq/ERR166/000/ERR16661500/ERR16661500_1.fastq.gz;http://ftp.sra.ebi.ac.uk/vol1/fastq/ERR166/000/ERR16661500/ERR16661500_2.fastq.gz;;era-fasp@fasp.sra.ebi.ac.uk:vol1/fastq/ERR166/000/ERR16661500/ERR16661500_1.fastq.gz;era-fasp@fasp.sra.ebi.ac.uk:vol1/fastq/ERR166/000/ERR16661500/ERR16661500_2.fastq.gz;;;;;;;;;;;;;
ERR16661501;ERP161503;Scandinavian brown bear whole genomes;ERX16051969;Illumina NovaSeq 6000 paired end sequencing;Illumina NovaSeq 6000 paired end sequencing;9644;Ursus arctos;NA;WGS;GENOMIC;RANDOM;PAIRED;ERS28818202;;SAMEA121272837;PRJEB77023;Illumina NovaSeq 6000;Illumina NovaSeq 6000;ILLUMINA;28096577;1832975877;28096577;5675508554;ena-RUN-TAB-09-02-2026-07:55:32:825-10801;ERR16661501.lite;1471563382;14/02/2026 02:35;c4941bad15173aaaea1bdc9ff4010ac5;1;SRA Lite;Primary ETL;1;s3://sra-pub-zq-6/ERR16661501/ERR16661501.lite.1;s3.us-east-1;aws identity;https://sra-downloadb.be-md.ncbi.nlm.nih.gov/sos10/sra-pub-zq-1002/ERR016/16661/ERR16661501/ERR16661501.lite.1;https://sra-downloadb.be-md.ncbi.nlm.nih.gov/sos10/sra-pub-zq-1002/ERR016/16661/ERR16661501/ERR16661501.lite.1;worldwide;anonymous;gs://sra-pub-zq-102/ERR16661501/ERR16661501.lite.1;gs.us-east1;gcp identity;;10/02/2026;isabelle feinauer;public;GX0064;1838;brown bear;Europe;Sweden;GX0064;Ursus arctos;;http://ftp.sra.ebi.ac.uk/vol1/fastq/ERR166/001/ERR16661501/ERR16661501_1.fastq.gz;http://ftp.sra.ebi.ac.uk/vol1/fastq/ERR166/001/ERR16661501/ERR16661501_2.fastq.gz;;era-fasp@fasp.sra.ebi.ac.uk:vol1/fastq/ERR166/001/ERR16661501/ERR16661501_1.fastq.gz;era-fasp@fasp.sra.ebi.ac.uk:vol1/fastq/ERR166/001/ERR16661501/ERR16661501_2.fastq.gz;;;;;;;;;;;;;
ERR16661502;ERP161503;Scandinavian brown bear whole genomes;ERX16051970;Illumina NovaSeq 6000 paired end sequencing;Illumina NovaSeq 6000 paired end sequencing;9644;Ursus arctos;NA;WGS;GENOMIC;RANDOM;PAIRED;ERS28818202;;SAMEA121272837;PRJEB77023;Illumina NovaSeq 6000;Illumina NovaSeq 6000;ILLUMINA;18601100;1225463155;18601100;3757422200;ena-RUN-TAB-09-02-2026-07:55:32:825-10803;P28459_1089_S89_L001_R1_001.fastq.gz;862552222;13/02/2026 22:26;2d0307066a7c7dff3041a544e6eaece3;1;fastq;Original;0;https://sra-pub-src-1.s3.amazonaws.com/ERR16661502/P28459_1089_S89_L001_R1_001.fastq.gz.1;worldwide;anonymous;https://sra-pub-src-1.s3.amazonaws.com/ERR16661502/P28459_1089_S89_L001_R1_001.fastq.gz.1;https://sra-downloadb.be-md.ncbi.nlm.nih.gov/sos10/sra-pub-zq-1002/ERR016/16661/ERR16661502/ERR16661502.lite.1;worldwide;anonymous;gs://sra-pub-zq-108/ERR16661502/ERR16661502.lite.1;gs.us-east1;gcp identity;;10/02/2026;isabelle feinauer;public;GX0064;1838;brown bear;Europe;Sweden;GX0064;Ursus arctos;;http://ftp.sra.ebi.ac.uk/vol1/fastq/ERR166/002/ERR16661502/ERR16661502_1.fastq.gz;http://ftp.sra.ebi.ac.uk/vol1/fastq/ERR166/002/ERR16661502/ERR16661502_2.fastq.gz;;era-fasp@fasp.sra.ebi.ac.uk:vol1/fastq/ERR166/002/ERR16661502/ERR16661502_1.fastq.gz;era-fasp@fasp.sra.ebi.ac.uk:vol1/fastq/ERR166/002/ERR16661502/ERR16661502_2.fastq.gz;;;;;;;;;;;;;
ERR16661503;ERP161503;Scandinavian brown bear whole genomes;ERX16051971;Illumina NovaSeq 6000 paired end sequencing;Illumina NovaSeq 6000 paired end sequencing;9644;Ursus arctos;NA;WGS;GENOMIC;RANDOM;PAIRED;ERS28818202;;SAMEA121272837;PRJEB77023;Illumina NovaSeq 6000;Illumina NovaSeq 6000;ILLUMINA;18815331;1232704675;18815331;3800696862;ena-RUN-TAB-09-02-2026-07:55:32:826-10805;P28459_1089_S89_L002_R1_001.fastq.gz;866471993;14/02/2026 03:36;2579f2ed0cf3f5f49ac034f157f91fe3;1;fastq;Original;0;s3://sra-pub-src-3/ERR16661503/P28459_1089_S89_L002_R1_001.fastq.gz.1;-;Use Cloud Data Delivery;https://sra-pub-run-odp.s3.amazonaws.com/sra/ERR16661503/ERR16661503;https://sra-downloadb.be-md.ncbi.nlm.nih.gov/sos10/sra-pub-zq-1002/ERR016/16661/ERR16661503/ERR16661503.lite.1;worldwide;anonymous;gs://sra-pub-zq-102/ERR16661503/ERR16661503.lite.1;gs.us-east1;gcp identity;;10/02/2026;isabelle feinauer;public;GX0064;1838;brown bear;Europe;Sweden;GX0064;Ursus arctos;;http://ftp.sra.ebi.ac.uk/vol1/fastq/ERR166/003/ERR16661503/ERR16661503_1.fastq.gz;http://ftp.sra.ebi.ac.uk/vol1/fastq/ERR166/003/ERR16661503/ERR16661503_2.fastq.gz;;era-fasp@fasp.sra.ebi.ac.uk:vol1/fastq/ERR166/003/ERR16661503/ERR16661503_1.fastq.gz;era-fasp@fasp.sra.ebi.ac.uk:vol1/fastq/ERR166/003/ERR16661503/ERR16661503_2.fastq.gz;;;;;;;;;;;;;
ERR16661504;ERP161503;Scandinavian brown bear whole genomes;ERX16051972;Illumina NovaSeq 6000 paired end sequencing;Illumina NovaSeq 6000 paired end sequencing;9644;Ursus arctos;NA;WGS;GENOMIC;RANDOM;PAIRED;ERS28818202;;SAMEA121272837;PRJEB77023;Illumina NovaSeq 6000;Illumina NovaSeq 6000;ILLUMINA;18606728;1221743015;18606728;3758559056;ena-RUN-TAB-09-02-2026-07:55:32:827-10807;ERR16661504.lite;977180020;14/02/2026 00:30;9118cf5c329e4e287e8764a2e0dd3518;1;SRA Lite;Primary ETL;1;s3://sra-pub-zq-6/ERR16661504/ERR16661504.lite.1;s3.us-east-1;aws identity;https://sra-downloadb.be-md.ncbi.nlm.nih.gov/sos10/sra-pub-zq-1002/ERR016/16661/ERR16661504/ERR16661504.lite.1;https://sra-downloadb.be-md.ncbi.nlm.nih.gov/sos10/sra-pub-zq-1002/ERR016/16661/ERR16661504/ERR16661504.lite.1;worldwide;anonymous;gs://sra-pub-zq-108/ERR16661504/ERR16661504.lite.1;gs.us-east1;gcp identity;;10/02/2026;isabelle feinauer;public;GX0064;1838;brown bear;Europe;Sweden;GX0064;Ursus arctos;;http://ftp.sra.ebi.ac.uk/vol1/fastq/ERR166/004/ERR16661504/ERR16661504_1.fastq.gz;http://ftp.sra.ebi.ac.uk/vol1/fastq/ERR166/004/ERR16661504/ERR16661504_2.fastq.gz;;era-fasp@fasp.sra.ebi.ac.uk:vol1/fastq/ERR166/004/ERR16661504/ERR16661504_1.fastq.gz;era-fasp@fasp.sra.ebi.ac.uk:vol1/fastq/ERR166/004/ERR16661504/ERR16661504_2.fastq.gz;;;;;;;;;;;;;
ERR16661505;ERP161503;Scandinavian brown bear whole genomes;ERX16051973;Illumina NovaSeq 6000 paired end sequencing;Illumina NovaSeq 6000 paired end sequencing;9644;Ursus arctos;NA;WGS;GENOMIC;RANDOM;PAIRED;ERS28818202;;SAMEA121272837;PRJEB77023;Illumina NovaSeq 6000;Illumina NovaSeq 6000;ILLUMINA;18940668;1238927634;18940668;3826014936;ena-RUN-TAB-09-02-2026-07:55:32:827-10809;ERR16661505.lite;994639395;15/02/2026 03:19;b8c2f00a89d634cadfa9fd0421d1a034;1;SRA Lite;Primary ETL;1;s3://sra-pub-zq-5/ERR16661505/ERR16661505.lite.1;s3.us-east-1;aws identity;https://sra-downloadb.be-md.ncbi.nlm.nih.gov/sos10/sra-pub-zq-1002/ERR016/16661/ERR16661505/ERR16661505.lite.1;https://sra-downloadb.be-md.ncbi.nlm.nih.gov/sos10/sra-pub-zq-1002/ERR016/16661/ERR16661505/ERR16661505.lite.1;worldwide;anonymous;gs://sra-pub-zq-101/ERR16661505/ERR16661505.lite.1;gs.us-east1;gcp identity;;10/02/2026;isabelle feinauer;public;GX0064;1838;brown bear;Europe;Sweden;GX0064;Ursus arctos;;http://ftp.sra.ebi.ac.uk/vol1/fastq/ERR166/005/ERR16661505/ERR16661505_1.fastq.gz;http://ftp.sra.ebi.ac.uk/vol1/fastq/ERR166/005/ERR16661505/ERR16661505_2.fastq.gz;;era-fasp@fasp.sra.ebi.ac.uk:vol1/fastq/ERR166/005/ERR16661505/ERR16661505_1.fastq.gz;era-fasp@fasp.sra.ebi.ac.uk:vol1/fastq/ERR166/005/ERR16661505/ERR16661505_2.fastq.gz;;;;;;;;;;;;;
ERR16661506;ERP161503;Scandinavian brown bear whole genomes;ERX16051974;Illumina NovaSeq 6000 paired end sequencing;Illumina NovaSeq 6000 paired end sequencing;9644;Ursus arctos;NA;WGS;GENOMIC;RANDOM;PAIRED;ERS28818202;;SAMEA121272837;PRJEB77023;Illumina NovaSeq 6000;Illumina NovaSeq 6000;ILLUMINA;20758717;1361635712;20758717;4193260834;ena-RUN-TAB-09-02-2026-07:55:32:828-10811;ERR16661506.lite;1090690692;15/02/2026 04:46;1cb22485f495e0fe2f10a88e671c6e42;1;SRA Lite;Primary ETL;1;s3://sra-pub-zq-5/ERR16661506/ERR16661506.lite.1;s3.us-east-1;aws identity;https://sra-downloadb.be-md.ncbi.nlm.nih.gov/sos10/sra-pub-zq-1002/ERR016/16661/ERR16661506/ERR16661506.lite.1;https://sra-downloadb.be-md.ncbi.nlm.nih.gov/sos10/sra-pub-zq-1002/ERR016/16661/ERR16661506/ERR16661506.lite.1;worldwide;anonymous;gs://sra-pub-zq-101/ERR16661506/ERR16661506.lite.1;gs.us-east1;gcp identity;;10/02/2026;isabelle feinauer;public;GX0064;1838;brown bear;Europe;Sweden;GX0064;Ursus arctos;;http://ftp.sra.ebi.ac.uk/vol1/fastq/ERR166/006/ERR16661506/ERR16661506_1.fastq.gz;http://ftp.sra.ebi.ac.uk/vol1/fastq/ERR166/006/ERR16661506/ERR16661506_2.fastq.gz;;era-fasp@fasp.sra.ebi.ac.uk:vol1/fastq/ERR166/006/ERR16661506/ERR16661506_1.fastq.gz;era-fasp@fasp.sra.ebi.ac.uk:vol1/fastq/ERR166/006/ERR16661506/ERR16661506_2.fastq.gz;;;;;;;;;;;;;
ERR16661507;ERP161503;Scandinavian brown bear whole genomes;ERX16051975;Illumina NovaSeq 6000 paired end sequencing;Illumina NovaSeq 6000 paired end sequencing;9644;Ursus arctos;NA;WGS;GENOMIC;RANDOM;PAIRED;ERS28818202;;SAMEA121272837;PRJEB77023;Illumina NovaSeq 6000;Illumina NovaSeq 6000;ILLUMINA;20994442;1369767109;20994442;4240877284;ena-RUN-TAB-09-02-2026-07:55:32:828-10813;ERR16661507.lite;1102934319;14/02/2026 02:34;0fe0a70d2afcf9ed4dbb9606cc5aeab5;1;SRA Lite;Primary ETL;1;s3://sra-pub-zq-6/ERR16661507/ERR16661507.lite.1;s3.us-east-1;aws identity;https://sra-downloadb.be-md.ncbi.nlm.nih.gov/sos10/sra-pub-zq-1002/ERR016/16661/ERR16661507/ERR16661507.lite.1;https://sra-downloadb.be-md.ncbi.nlm.nih.gov/sos10/sra-pub-zq-1002/ERR016/16661/ERR16661507/ERR16661507.lite.1;worldwide;anonymous;gs://sra-pub-zq-102/ERR16661507/ERR16661507.lite.1;gs.us-east1;gcp identity;;10/02/2026;isabelle feinauer;public;GX0064;1838;brown bear;Europe;Sweden;GX0064;Ursus arctos;;http://ftp.sra.ebi.ac.uk/vol1/fastq/ERR166/007/ERR16661507/ERR16661507_1.fastq.gz;http://ftp.sra.ebi.ac.uk/vol1/fastq/ERR166/007/ERR16661507/ERR16661507_2.fastq.gz;;era-fasp@fasp.sra.ebi.ac.uk:vol1/fastq/ERR166/007/ERR16661507/ERR16661507_1.fastq.gz;era-fasp@fasp.sra.ebi.ac.uk:vol1/fastq/ERR166/007/ERR16661507/ERR16661507_2.fastq.gz;;;;;;;;;;;;;
ERR16661508;ERP161503;Scandinavian brown bear whole genomes;ERX16051976;Illumina NovaSeq 6000 paired end sequencing;Illumina NovaSeq 6000 paired end sequencing;9644;Ursus arctos;NA;WGS;GENOMIC;RANDOM;PAIRED;ERS28818202;;SAMEA121272837;PRJEB77023;Illumina NovaSeq 6000;Illumina NovaSeq 6000;ILLUMINA;20713181;1354723743;20713181;4184062562;ena-RUN-TAB-09-02-2026-07:55:32:828-10815;P28459_1090_S90_L003_R1_001.fastq.gz;935562433;15/02/2026 09:47;9d0983cac4b3442d474c73501dc2c538;1;fastq;Original;0;s3://sra-pub-src-16/ERR16661508/P28459_1090_S90_L003_R1_001.fastq.gz.1;-;Use Cloud Data Delivery;https://sra-pub-run-odp.s3.amazonaws.com/sra/ERR16661508/ERR16661508;https://sra-downloadb.be-md.ncbi.nlm.nih.gov/sos10/sra-pub-zq-1002/ERR016/16661/ERR16661508/ERR16661508.lite.1;worldwide;anonymous;gs://sra-pub-zq-105/ERR16661508/ERR16661508.lite.1;gs.us-east1;gcp identity;;10/02/2026;isabelle feinauer;public;GX0064;1838;brown bear;Europe;Sweden;GX0064;Ursus arctos;;http://ftp.sra.ebi.ac.uk/vol1/fastq/ERR166/008/ERR16661508/ERR16661508_1.fastq.gz;http://ftp.sra.ebi.ac.uk/vol1/fastq/ERR166/008/ERR16661508/ERR16661508_2.fastq.gz;;era-fasp@fasp.sra.ebi.ac.uk:vol1/fastq/ERR166/008/ERR16661508/ERR16661508_1.fastq.gz;era-fasp@fasp.sra.ebi.ac.uk:vol1/fastq/ERR166/008/ERR16661508/ERR16661508_2.fastq.gz;;;;;;;;;;;;;
ERR16661509;ERP161503;Scandinavian brown bear whole genomes;ERX16051977;Illumina NovaSeq 6000 paired end sequencing;Illumina NovaSeq 6000 paired end sequencing;9644;Ursus arctos;NA;WGS;GENOMIC;RANDOM;PAIRED;ERS28818202;;SAMEA121272837;PRJEB77023;Illumina NovaSeq 6000;Illumina NovaSeq 6000;ILLUMINA;21003957;1368393511;21003957;4242799314;ena-RUN-TAB-09-02-2026-07:55:32:829-10817;P28459_1090_S90_L004_R1_001.fastq.gz;942119822;14/02/2026 03:38;7ff7b80d953781f3c2f2d056fa0219ea;1;fastq;Original;0;s3://sra-pub-src-3/ERR16661509/P28459_1090_S90_L004_R1_001.fastq.gz.1;-;Use Cloud Data Delivery;https://sra-pub-run-odp.s3.amazonaws.com/sra/ERR16661509/ERR16661509;https://sra-downloadb.be-md.ncbi.nlm.nih.gov/sos10/sra-pub-zq-1002/ERR016/16661/ERR16661509/ERR16661509.lite.1;worldwide;anonymous;gs://sra-pub-zq-102/ERR16661509/ERR16661509.lite.1;gs.us-east1;gcp identity;;10/02/2026;isabelle feinauer;public;GX0064;1838;brown bear;Europe;Sweden;GX0064;Ursus arctos;;http://ftp.sra.ebi.ac.uk/vol1/fastq/ERR166/009/ERR16661509/ERR16661509_1.fastq.gz;http://ftp.sra.ebi.ac.uk/vol1/fastq/ERR166/009/ERR16661509/ERR16661509_2.fastq.gz;;era-fasp@fasp.sra.ebi.ac.uk:vol1/fastq/ERR166/009/ERR16661509/ERR16661509_1.fastq.gz;era-fasp@fasp.sra.ebi.ac.uk:vol1/fastq/ERR166/009/ERR16661509/ERR16661509_2.fastq.gz;;;;;;;;;;;;;
ERR16661510;ERP161503;Scandinavian brown bear whole genomes;ERX16051978;Illumina NovaSeq 6000 paired end sequencing;Illumina NovaSeq 6000 paired end sequencing;9644;Ursus arctos;NA;WGS;GENOMIC;RANDOM;PAIRED;ERS28818202;;SAMEA121272837;PRJEB77023;Illumina NovaSeq 6000;Illumina NovaSeq 6000;ILLUMINA;20460785;1341280205;20460785;4133078570;ena-RUN-TAB-09-02-2026-07:55:32:829-10819;ERR16661510.lite;1074570161;14/02/2026 02:34;258d85d662496d4f0412eceaf78336b3;1;SRA Lite;Primary ETL;1;s3://sra-pub-zq-6/ERR16661510/ERR16661510.lite.1;s3.us-east-1;aws identity;https://sra-downloadb.be-md.ncbi.nlm.nih.gov/sos10/sra-pub-zq-1002/ERR016/16661/ERR16661510/ERR16661510.lite.1;https://sra-downloadb.be-md.ncbi.nlm.nih.gov/sos10/sra-pub-zq-1002/ERR016/16661/ERR16661510/ERR16661510.lite.1;worldwide;anonymous;gs://sra-pub-zq-102/ERR16661510/ERR16661510.lite.1;gs.us-east1;gcp identity;;10/02/2026;isabelle feinauer;public;GX0064;1838;brown bear;Europe;Sweden;GX0064;Ursus arctos;;http://ftp.sra.ebi.ac.uk/vol1/fastq/ERR166/010/ERR16661510/ERR16661510_1.fastq.gz;http://ftp.sra.ebi.ac.uk/vol1/fastq/ERR166/010/ERR16661510/ERR16661510_2.fastq.gz;;era-fasp@fasp.sra.ebi.ac.uk:vol1/fastq/ERR166/010/ERR16661510/ERR16661510_1.fastq.gz;era-fasp@fasp.sra.ebi.ac.uk:vol1/fastq/ERR166/010/ERR16661510/ERR16661510_2.fastq.gz;;;;;;;;;;;;;
ERR16661511;ERP161503;Scandinavian brown bear whole genomes;ERX16051979;Illumina NovaSeq 6000 paired end sequencing;Illumina NovaSeq 6000 paired end sequencing;9644;Ursus arctos;NA;WGS;GENOMIC;RANDOM;PAIRED;ERS28818202;;SAMEA121272837;PRJEB77023;Illumina NovaSeq 6000;Illumina NovaSeq 6000;ILLUMINA;20679765;1348725617;20679765;4177312530;ena-RUN-TAB-09-02-2026-07:55:32:829-10821;ERR16661511.lite;1086012469;14/02/2026 02:34;7fceb5911cd6501dcf0a6d4e2946d94b;1;SRA Lite;Primary ETL;1;s3://sra-pub-zq-6/ERR16661511/ERR16661511.lite.1;s3.us-east-1;aws identity;https://sra-downloadb.be-md.ncbi.nlm.nih.gov/sos10/sra-pub-zq-1002/ERR016/16661/ERR16661511/ERR16661511.lite.1;https://sra-downloadb.be-md.ncbi.nlm.nih.gov/sos10/sra-pub-zq-1002/ERR016/16661/ERR16661511/ERR16661511.lite.1;worldwide;anonymous;gs://sra-pub-zq-102/ERR16661511/ERR16661511.lite.1;gs.us-east1;gcp identity;;10/02/2026;isabelle feinauer;public;GX0064;1838;brown bear;Europe;Sweden;GX0064;Ursus arctos;;http://ftp.sra.ebi.ac.uk/vol1/fastq/ERR166/011/ERR16661511/ERR16661511_1.fastq.gz;http://ftp.sra.ebi.ac.uk/vol1/fastq/ERR166/011/ERR16661511/ERR16661511_2.fastq.gz;;era-fasp@fasp.sra.ebi.ac.uk:vol1/fastq/ERR166/011/ERR16661511/ERR16661511_1.fastq.gz;era-fasp@fasp.sra.ebi.ac.uk:vol1/fastq/ERR166/011/ERR16661511/ERR16661511_2.fastq.gz;;;;;;;;;;;;;
ERR16661512;ERP161503;Scandinavian brown bear whole genomes;ERX16051980;Illumina NovaSeq 6000 paired end sequencing;Illumina NovaSeq 6000 paired end sequencing;9644;Ursus arctos;NA;WGS;GENOMIC;RANDOM;PAIRED;ERS28818202;;SAMEA121272837;PRJEB77023;Illumina NovaSeq 6000;Illumina NovaSeq 6000;ILLUMINA;20403269;1333922263;20403269;4121460338;ena-RUN-TAB-09-02-2026-07:55:32:830-10823;ERR16661512.lite;1071502616;11/02/2026 17:34;3ac0155782fd0bf9f968630fb74c01f4;1;SRA Lite;Primary ETL;1;s3://sra-pub-zq-8/ERR16661512/ERR16661512.lite.1;s3.us-east-1;aws identity;https://sra-downloadb.be-md.ncbi.nlm.nih.gov/sos10/sra-pub-zq-1002/ERR016/16661/ERR16661512/ERR16661512.lite.1;https://sra-downloadb.be-md.ncbi.nlm.nih.gov/sos10/sra-pub-zq-1002/ERR016/16661/ERR16661512/ERR16661512.lite.1;worldwide;anonymous;gs://sra-pub-zq-107/ERR16661512/ERR16661512.lite.1;gs.us-east1;gcp identity;;10/02/2026;isabelle feinauer;public;GX0064;1838;brown bear;Europe;Sweden;GX0064;Ursus arctos;;http://ftp.sra.ebi.ac.uk/vol1/fastq/ERR166/012/ERR16661512/ERR16661512_1.fastq.gz;http://ftp.sra.ebi.ac.uk/vol1/fastq/ERR166/012/ERR16661512/ERR16661512_2.fastq.gz;;era-fasp@fasp.sra.ebi.ac.uk:vol1/fastq/ERR166/012/ERR16661512/ERR16661512_1.fastq.gz;era-fasp@fasp.sra.ebi.ac.uk:vol1/fastq/ERR166/012/ERR16661512/ERR16661512_2.fastq.gz;;;;;;;;;;;;;
ERR16661513;ERP161503;Scandinavian brown bear whole genomes;ERX16051981;Illumina NovaSeq 6000 paired end sequencing;Illumina NovaSeq 6000 paired end sequencing;9644;Ursus arctos;NA;WGS;GENOMIC;RANDOM;PAIRED;ERS28818202;;SAMEA121272837;PRJEB77023;Illumina NovaSeq 6000;Illumina NovaSeq 6000;ILLUMINA;20662282;1345608553;20662282;4173780964;ena-RUN-TAB-09-02-2026-07:55:32:830-10825;P28459_1091_S91_L004_R1_001.fastq.gz;935290230;13/02/2026 22:27;ec1fa3f63c10d787a692f369e58a884b;1;fastq;Original;0;https://sra-pub-src-1.s3.amazonaws.com/ERR16661513/P28459_1091_S91_L004_R1_001.fastq.gz.1;worldwide;anonymous;https://sra-pub-src-1.s3.amazonaws.com/ERR16661513/P28459_1091_S91_L004_R1_001.fastq.gz.1;https://sra-downloadb.be-md.ncbi.nlm.nih.gov/sos10/sra-pub-zq-1002/ERR016/16661/ERR16661513/ERR16661513.lite.1;worldwide;anonymous;gs://sra-pub-zq-108/ERR16661513/ERR16661513.lite.1;gs.us-east1;gcp identity;;10/02/2026;isabelle feinauer;public;GX0064;1838;brown bear;Europe;Sweden;GX0064;Ursus arctos;;http://ftp.sra.ebi.ac.uk/vol1/fastq/ERR166/013/ERR16661513/ERR16661513_1.fastq.gz;http://ftp.sra.ebi.ac.uk/vol1/fastq/ERR166/013/ERR16661513/ERR16661513_2.fastq.gz;;era-fasp@fasp.sra.ebi.ac.uk:vol1/fastq/ERR166/013/ERR16661513/ERR16661513_1.fastq.gz;era-fasp@fasp.sra.ebi.ac.uk:vol1/fastq/ERR166/013/ERR16661513/ERR16661513_2.fastq.gz;;;;;;;;;;;;;
ERR16661514;ERP161503;Scandinavian brown bear whole genomes;ERX16051982;Illumina NovaSeq 6000 paired end sequencing;Illumina NovaSeq 6000 paired end sequencing;9644;Ursus arctos;NA;WGS;GENOMIC;RANDOM;PAIRED;ERS28818202;;SAMEA121272837;PRJEB77023;Illumina NovaSeq 6000;Illumina NovaSeq 6000;ILLUMINA;18104100;1193169492;18104100;3657028200;ena-RUN-TAB-09-02-2026-07:55:32:830-10827;ERR16661514.lite;952007673;15/02/2026 03:19;88bbe619e5350354a65a8be553242f36;1;SRA Lite;Primary ETL;1;s3://sra-pub-zq-5/ERR16661514/ERR16661514.lite.1;s3.us-east-1;aws identity;https://sra-downloadb.be-md.ncbi.nlm.nih.gov/sos10/sra-pub-zq-1002/ERR016/16661/ERR16661514/ERR16661514.lite.1;https://sra-downloadb.be-md.ncbi.nlm.nih.gov/sos10/sra-pub-zq-1002/ERR016/16661/ERR16661514/ERR16661514.lite.1;worldwide;anonymous;gs://sra-pub-zq-101/ERR16661514/ERR16661514.lite.1;gs.us-east1;gcp identity;;10/02/2026;isabelle feinauer;public;GX0064;1838;brown bear;Europe;Sweden;GX0064;Ursus arctos;;http://ftp.sra.ebi.ac.uk/vol1/fastq/ERR166/014/ERR16661514/ERR16661514_1.fastq.gz;http://ftp.sra.ebi.ac.uk/vol1/fastq/ERR166/014/ERR16661514/ERR16661514_2.fastq.gz;;era-fasp@fasp.sra.ebi.ac.uk:vol1/fastq/ERR166/014/ERR16661514/ERR16661514_1.fastq.gz;era-fasp@fasp.sra.ebi.ac.uk:vol1/fastq/ERR166/014/ERR16661514/ERR16661514_2.fastq.gz;;;;;;;;;;;;;
ERR16661515;ERP161503;Scandinavian brown bear whole genomes;ERX16051983;Illumina NovaSeq 6000 paired end sequencing;Illumina NovaSeq 6000 paired end sequencing;9644;Ursus arctos;NA;WGS;GENOMIC;RANDOM;PAIRED;ERS28818202;;SAMEA121272837;PRJEB77023;Illumina NovaSeq 6000;Illumina NovaSeq 6000;ILLUMINA;18291921;1197586410;18291921;3694968042;ena-RUN-TAB-09-02-2026-07:55:32:831-10829;ERR16661515.lite;961846086;14/02/2026 00:30;1167a2d977cdb3f2ee13b0f85606ce43;1;SRA Lite;Primary ETL;1;s3://sra-pub-zq-6/ERR16661515/ERR16661515.lite.1;s3.us-east-1;aws identity;https://sra-downloadb.be-md.ncbi.nlm.nih.gov/sos10/sra-pub-zq-1002/ERR016/16661/ERR16661515/ERR16661515.lite.1;https://sra-downloadb.be-md.ncbi.nlm.nih.gov/sos10/sra-pub-zq-1002/ERR016/16661/ERR16661515/ERR16661515.lite.1;worldwide;anonymous;gs://sra-pub-zq-108/ERR16661515/ERR16661515.lite.1;gs.us-east1;gcp identity;;10/02/2026;isabelle feinauer;public;GX0064;1838;brown bear;Europe;Sweden;GX0064;Ursus arctos;;http://ftp.sra.ebi.ac.uk/vol1/fastq/ERR166/015/ERR16661515/ERR16661515_1.fastq.gz;http://ftp.sra.ebi.ac.uk/vol1/fastq/ERR166/015/ERR16661515/ERR16661515_2.fastq.gz;;era-fasp@fasp.sra.ebi.ac.uk:vol1/fastq/ERR166/015/ERR16661515/ERR16661515_1.fastq.gz;era-fasp@fasp.sra.ebi.ac.uk:vol1/fastq/ERR166/015/ERR16661515/ERR16661515_2.fastq.gz;;;;;;;;;;;;;
ERR16661516;ERP161503;Scandinavian brown bear whole genomes;ERX16051984;Illumina NovaSeq 6000 paired end sequencing;Illumina NovaSeq 6000 paired end sequencing;9644;Ursus arctos;NA;WGS;GENOMIC;RANDOM;PAIRED;ERS28818202;;SAMEA121272837;PRJEB77023;Illumina NovaSeq 6000;Illumina NovaSeq 6000;ILLUMINA;18091651;1187544036;18091651;3654513502;ena-RUN-TAB-09-02-2026-07:55:32:831-10831;ERR16661516.lite;951345049;14/02/2026 08:45;72c24f83d935646a4e3e1eb4aad559e0;1;SRA Lite;Primary ETL;1;s3://sra-pub-zq-8/ERR16661516/ERR16661516.lite.1;s3.us-east-1;aws identity;https://sra-downloadb.be-md.ncbi.nlm.nih.gov/sos10/sra-pub-zq-1002/ERR016/16661/ERR16661516/ERR16661516.lite.1;https://sra-downloadb.be-md.ncbi.nlm.nih.gov/sos10/sra-pub-zq-1002/ERR016/16661/ERR16661516/ERR16661516.lite.1;worldwide;anonymous;gs://sra-pub-zq-102/ERR16661516/ERR16661516.lite.1;gs.us-east1;gcp identity;;10/02/2026;isabelle feinauer;public;GX0064;1838;brown bear;Europe;Sweden;GX0064;Ursus arctos;;http://ftp.sra.ebi.ac.uk/vol1/fastq/ERR166/016/ERR16661516/ERR16661516_1.fastq.gz;http://ftp.sra.ebi.ac.uk/vol1/fastq/ERR166/016/ERR16661516/ERR16661516_2.fastq.gz;;era-fasp@fasp.sra.ebi.ac.uk:vol1/fastq/ERR166/016/ERR16661516/ERR16661516_1.fastq.gz;era-fasp@fasp.sra.ebi.ac.uk:vol1/fastq/ERR166/016/ERR16661516/ERR16661516_2.fastq.gz;;;;;;;;;;;;;
ERR16661517;ERP161503;Scandinavian brown bear whole genomes;ERX16051985;Illumina NovaSeq 6000 paired end sequencing;Illumina NovaSeq 6000 paired end sequencing;9644;Ursus arctos;NA;WGS;GENOMIC;RANDOM;PAIRED;ERS28818202;;SAMEA121272837;PRJEB77023;Illumina NovaSeq 6000;Illumina NovaSeq 6000;ILLUMINA;18383151;1202257420;18383151;3713396502;ena-RUN-TAB-09-02-2026-07:55:32:831-10833;ERR16661517.lite;966660755;14/02/2026 00:32;5db715a5b70d72c4385c7aa6af280973;1;SRA Lite;Primary ETL;1;s3://sra-pub-zq-6/ERR16661517/ERR16661517.lite.1;s3.us-east-1;aws identity;https://sra-downloadb.be-md.ncbi.nlm.nih.gov/sos10/sra-pub-zq-1002/ERR016/16661/ERR16661517/ERR16661517.lite.1;https://sra-downloadb.be-md.ncbi.nlm.nih.gov/sos10/sra-pub-zq-1002/ERR016/16661/ERR16661517/ERR16661517.lite.1;worldwide;anonymous;gs://sra-pub-zq-108/ERR16661517/ERR16661517.lite.1;gs.us-east1;gcp identity;;10/02/2026;isabelle feinauer;public;GX0064;1838;brown bear;Europe;Sweden;GX0064;Ursus arctos;;http://ftp.sra.ebi.ac.uk/vol1/fastq/ERR166/017/ERR16661517/ERR16661517_1.fastq.gz;http://ftp.sra.ebi.ac.uk/vol1/fastq/ERR166/017/ERR16661517/ERR16661517_2.fastq.gz;;era-fasp@fasp.sra.ebi.ac.uk:vol1/fastq/ERR166/017/ERR16661517/ERR16661517_1.fastq.gz;era-fasp@fasp.sra.ebi.ac.uk:vol1/fastq/ERR166/017/ERR16661517/ERR16661517_2.fastq.gz;;;;;;;;;;;;;
ERR16661518;ERP161503;Scandinavian brown bear whole genomes;ERX16051986;Illumina NovaSeq 6000 paired end sequencing;Illumina NovaSeq 6000 paired end sequencing;9644;Ursus arctos;NA;WGS;GENOMIC;RANDOM;PAIRED;ERS28818203;;SAMEA121272838;PRJEB77023;Illumina NovaSeq 6000;Illumina NovaSeq 6000;ILLUMINA;9703066;1028274119;9703066;2930325932;ena-RUN-TAB-09-02-2026-07:55:32:832-10835;ERR16661518.lite;754078550;14/02/2026 02:35;98812bee37096af6f2a012e4dc2176ec;1;SRA Lite;Primary ETL;1;s3://sra-pub-zq-6/ERR16661518/ERR16661518.lite.1;s3.us-east-1;aws identity;https://sra-downloadb.be-md.ncbi.nlm.nih.gov/sos10/sra-pub-zq-1002/ERR016/16661/ERR16661518/ERR16661518.lite.1;https://sra-downloadb.be-md.ncbi.nlm.nih.gov/sos10/sra-pub-zq-1002/ERR016/16661/ERR16661518/ERR16661518.lite.1;worldwide;anonymous;gs://sra-pub-zq-102/ERR16661518/ERR16661518.lite.1;gs.us-east1;gcp identity;;10/02/2026;isabelle feinauer;public;GX0069;1840;brown bear;Europe;Sweden;GX0069;Ursus arctos;;http://ftp.sra.ebi.ac.uk/vol1/fastq/ERR166/018/ERR16661518/ERR16661518_1.fastq.gz;http://ftp.sra.ebi.ac.uk/vol1/fastq/ERR166/018/ERR16661518/ERR16661518_2.fastq.gz;;era-fasp@fasp.sra.ebi.ac.uk:vol1/fastq/ERR166/018/ERR16661518/ERR16661518_1.fastq.gz;era-fasp@fasp.sra.ebi.ac.uk:vol1/fastq/ERR166/018/ERR16661518/ERR16661518_2.fastq.gz;;;;;;;;;;;;;
ERR16661519;ERP161503;Scandinavian brown bear whole genomes;ERX16051987;Illumina NovaSeq 6000 paired end sequencing;Illumina NovaSeq 6000 paired end sequencing;9644;Ursus arctos;NA;WGS;GENOMIC;RANDOM;PAIRED;ERS28818203;;SAMEA121272838;PRJEB77023;Illumina NovaSeq 6000;Illumina NovaSeq 6000;ILLUMINA;13736609;1480223656;13736609;4148455918;ena-RUN-TAB-09-02-2026-07:55:32:832-10837;ERR16661519.lite;1066393551;14/02/2026 00:32;b9aadd1bdf949148115ef19e030e9fe4;1;SRA Lite;Primary ETL;1;s3://sra-pub-zq-6/ERR16661519/ERR16661519.lite.1;s3.us-east-1;aws identity;https://sra-downloadb.be-md.ncbi.nlm.nih.gov/sos10/sra-pub-zq-1002/ERR016/16661/ERR16661519/ERR16661519.lite.1;https://sra-downloadb.be-md.ncbi.nlm.nih.gov/sos10/sra-pub-zq-1002/ERR016/16661/ERR16661519/ERR16661519.lite.1;worldwide;anonymous;gs://sra-pub-zq-108/ERR16661519/ERR16661519.lite.1;gs.us-east1;gcp identity;;10/02/2026;isabelle feinauer;public;GX0069;1840;brown bear;Europe;Sweden;GX0069;Ursus arctos;;http://ftp.sra.ebi.ac.uk/vol1/fastq/ERR166/019/ERR16661519/ERR16661519_1.fastq.gz;http://ftp.sra.ebi.ac.uk/vol1/fastq/ERR166/019/ERR16661519/ERR16661519_2.fastq.gz;;era-fasp@fasp.sra.ebi.ac.uk:vol1/fastq/ERR166/019/ERR16661519/ERR16661519_1.fastq.gz;era-fasp@fasp.sra.ebi.ac.uk:vol1/fastq/ERR166/019/ERR16661519/ERR16661519_2.fastq.gz;;;;;;;;;;;;;
ERR16661520;ERP161503;Scandinavian brown bear whole genomes;ERX16051988;Illumina NovaSeq 6000 paired end sequencing;Illumina NovaSeq 6000 paired end sequencing;9644;Ursus arctos;NA;WGS;GENOMIC;RANDOM;PAIRED;ERS28818203;;SAMEA121272838;PRJEB77023;Illumina NovaSeq 6000;Illumina NovaSeq 6000;ILLUMINA;18085752;1172476239;18085752;3653321904;ena-RUN-TAB-09-02-2026-07:55:32:832-10839;ERR16661520.lite;950593088;14/02/2026 02:34;313d1b4e7f8b2539f7bb687288ed2ab1;1;SRA Lite;Primary ETL;1;s3://sra-pub-zq-6/ERR16661520/ERR16661520.lite.1;s3.us-east-1;aws identity;https://sra-downloadb.be-md.ncbi.nlm.nih.gov/sos10/sra-pub-zq-1002/ERR016/16661/ERR16661520/ERR16661520.lite.1;https://sra-downloadb.be-md.ncbi.nlm.nih.gov/sos10/sra-pub-zq-1002/ERR016/16661/ERR16661520/ERR16661520.lite.1;worldwide;anonymous;gs://sra-pub-zq-102/ERR16661520/ERR16661520.lite.1;gs.us-east1;gcp identity;;10/02/2026;isabelle feinauer;public;GX0069;1840;brown bear;Europe;Sweden;GX0069;Ursus arctos;;http://ftp.sra.ebi.ac.uk/vol1/fastq/ERR166/020/ERR16661520/ERR16661520_1.fastq.gz;http://ftp.sra.ebi.ac.uk/vol1/fastq/ERR166/020/ERR16661520/ERR16661520_2.fastq.gz;;era-fasp@fasp.sra.ebi.ac.uk:vol1/fastq/ERR166/020/ERR16661520/ERR16661520_1.fastq.gz;era-fasp@fasp.sra.ebi.ac.uk:vol1/fastq/ERR166/020/ERR16661520/ERR16661520_2.fastq.gz;;;;;;;;;;;;;
ERR16661521;ERP161503;Scandinavian brown bear whole genomes;ERX16051989;Illumina NovaSeq 6000 paired end sequencing;Illumina NovaSeq 6000 paired end sequencing;9644;Ursus arctos;NA;WGS;GENOMIC;RANDOM;PAIRED;ERS28818203;;SAMEA121272838;PRJEB77023;Illumina NovaSeq 6000;Illumina NovaSeq 6000;ILLUMINA;18068048;1165402034;18068048;3649745696;ena-RUN-TAB-09-02-2026-07:55:32:833-10841;ERR16661521.lite;949747229;15/02/2026 10:41;3786b974f96c3e3f62a7ce1980a7a137;1;SRA Lite;Primary ETL;1;s3://sra-pub-zq-9/ERR16661521/ERR16661521.lite.1;s3.us-east-1;aws identity;https://sra-downloadb.be-md.ncbi.nlm.nih.gov/sos10/sra-pub-zq-1002/ERR016/16661/ERR16661521/ERR16661521.lite.1;https://sra-downloadb.be-md.ncbi.nlm.nih.gov/sos10/sra-pub-zq-1002/ERR016/16661/ERR16661521/ERR16661521.lite.1;worldwide;anonymous;gs://sra-pub-zq-105/ERR16661521/ERR16661521.lite.1;gs.us-east1;gcp identity;;10/02/2026;isabelle feinauer;public;GX0069;1840;brown bear;Europe;Sweden;GX0069;Ursus arctos;;http://ftp.sra.ebi.ac.uk/vol1/fastq/ERR166/021/ERR16661521/ERR16661521_1.fastq.gz;http://ftp.sra.ebi.ac.uk/vol1/fastq/ERR166/021/ERR16661521/ERR16661521_2.fastq.gz;;era-fasp@fasp.sra.ebi.ac.uk:vol1/fastq/ERR166/021/ERR16661521/ERR16661521_1.fastq.gz;era-fasp@fasp.sra.ebi.ac.uk:vol1/fastq/ERR166/021/ERR16661521/ERR16661521_2.fastq.gz;;;;;;;;;;;;;
ERR16661522;ERP161503;Scandinavian brown bear whole genomes;ERX16051990;Illumina NovaSeq 6000 paired end sequencing;Illumina NovaSeq 6000 paired end sequencing;9644;Ursus arctos;NA;WGS;GENOMIC;RANDOM;PAIRED;ERS28818203;;SAMEA121272838;PRJEB77023;Illumina NovaSeq 6000;Illumina NovaSeq 6000;ILLUMINA;18038602;1167006548;18038602;3643797604;ena-RUN-TAB-09-02-2026-07:55:32:833-10843;ERR16661522.lite;948173871;14/02/2026 02:34;594844c51e21060c71b90607a377e53f;1;SRA Lite;Primary ETL;1;s3://sra-pub-zq-6/ERR16661522/ERR16661522.lite.1;s3.us-east-1;aws identity;https://sra-downloadb.be-md.ncbi.nlm.nih.gov/sos10/sra-pub-zq-1002/ERR016/16661/ERR16661522/ERR16661522.lite.1;https://sra-downloadb.be-md.ncbi.nlm.nih.gov/sos10/sra-pub-zq-1002/ERR016/16661/ERR16661522/ERR16661522.lite.1;worldwide;anonymous;gs://sra-pub-zq-102/ERR16661522/ERR16661522.lite.1;gs.us-east1;gcp identity;;10/02/2026;isabelle feinauer;public;GX0069;1840;brown bear;Europe;Sweden;GX0069;Ursus arctos;;http://ftp.sra.ebi.ac.uk/vol1/fastq/ERR166/022/ERR16661522/ERR16661522_1.fastq.gz;http://ftp.sra.ebi.ac.uk/vol1/fastq/ERR166/022/ERR16661522/ERR16661522_2.fastq.gz;;era-fasp@fasp.sra.ebi.ac.uk:vol1/fastq/ERR166/022/ERR16661522/ERR16661522_1.fastq.gz;era-fasp@fasp.sra.ebi.ac.uk:vol1/fastq/ERR166/022/ERR16661522/ERR16661522_2.fastq.gz;;;;;;;;;;;;;
ERR16661523;ERP161503;Scandinavian brown bear whole genomes;ERX16051991;Illumina NovaSeq 6000 paired end sequencing;Illumina NovaSeq 6000 paired end sequencing;9644;Ursus arctos;NA;WGS;GENOMIC;RANDOM;PAIRED;ERS28818203;;SAMEA121272838;PRJEB77023;Illumina NovaSeq 6000;Illumina NovaSeq 6000;ILLUMINA;18091389;1165164179;18091389;3654460578;ena-RUN-TAB-09-02-2026-07:55:32:833-10845;ERR16661523.lite;951029988;14/02/2026 02:35;8062eda00863511382280ab9c275b8d9;1;SRA Lite;Primary ETL;1;s3://sra-pub-zq-6/ERR16661523/ERR16661523.lite.1;s3.us-east-1;aws identity;https://sra-downloadb.be-md.ncbi.nlm.nih.gov/sos10/sra-pub-zq-1002/ERR016/16661/ERR16661523/ERR16661523.lite.1;https://sra-downloadb.be-md.ncbi.nlm.nih.gov/sos10/sra-pub-zq-1002/ERR016/16661/ERR16661523/ERR16661523.lite.1;worldwide;anonymous;gs://sra-pub-zq-102/ERR16661523/ERR16661523.lite.1;gs.us-east1;gcp identity;;10/02/2026;isabelle feinauer;public;GX0069;1840;brown bear;Europe;Sweden;GX0069;Ursus arctos;;http://ftp.sra.ebi.ac.uk/vol1/fastq/ERR166/023/ERR16661523/ERR16661523_1.fastq.gz;http://ftp.sra.ebi.ac.uk/vol1/fastq/ERR166/023/ERR16661523/ERR16661523_2.fastq.gz;;era-fasp@fasp.sra.ebi.ac.uk:vol1/fastq/ERR166/023/ERR16661523/ERR16661523_1.fastq.gz;era-fasp@fasp.sra.ebi.ac.uk:vol1/fastq/ERR166/023/ERR16661523/ERR16661523_2.fastq.gz;;;;;;;;;;;;;
ERR16661524;ERP161503;Scandinavian brown bear whole genomes;ERX16051992;Illumina NovaSeq 6000 paired end sequencing;Illumina NovaSeq 6000 paired end sequencing;9644;Ursus arctos;NA;WGS;GENOMIC;RANDOM;PAIRED;ERS28818203;;SAMEA121272838;PRJEB77023;Illumina NovaSeq 6000;Illumina NovaSeq 6000;ILLUMINA;20036495;1292197899;20036495;4047371990;ena-RUN-TAB-09-02-2026-07:55:32:834-10847;ERR16661524.lite;1050699497;14/02/2026 00:31;fb72c92557f5f75d99d15318f8a487c7;1;SRA Lite;Primary ETL;1;s3://sra-pub-zq-6/ERR16661524/ERR16661524.lite.1;s3.us-east-1;aws identity;https://sra-downloadb.be-md.ncbi.nlm.nih.gov/sos10/sra-pub-zq-1002/ERR016/16661/ERR16661524/ERR16661524.lite.1;https://sra-downloadb.be-md.ncbi.nlm.nih.gov/sos10/sra-pub-zq-1002/ERR016/16661/ERR16661524/ERR16661524.lite.1;worldwide;anonymous;gs://sra-pub-zq-108/ERR16661524/ERR16661524.lite.1;gs.us-east1;gcp identity;;10/02/2026;isabelle feinauer;public;GX0069;1840;brown bear;Europe;Sweden;GX0069;Ursus arctos;;http://ftp.sra.ebi.ac.uk/vol1/fastq/ERR166/024/ERR16661524/ERR16661524_1.fastq.gz;http://ftp.sra.ebi.ac.uk/vol1/fastq/ERR166/024/ERR16661524/ERR16661524_2.fastq.gz;;era-fasp@fasp.sra.ebi.ac.uk:vol1/fastq/ERR166/024/ERR16661524/ERR16661524_1.fastq.gz;era-fasp@fasp.sra.ebi.ac.uk:vol1/fastq/ERR166/024/ERR16661524/ERR16661524_2.fastq.gz;;;;;;;;;;;;;
ERR16661525;ERP161503;Scandinavian brown bear whole genomes;ERX16051993;Illumina NovaSeq 6000 paired end sequencing;Illumina NovaSeq 6000 paired end sequencing;9644;Ursus arctos;NA;WGS;GENOMIC;RANDOM;PAIRED;ERS28818203;;SAMEA121272838;PRJEB77023;Illumina NovaSeq 6000;Illumina NovaSeq 6000;ILLUMINA;20097882;1289713630;20097882;4059772164;ena-RUN-TAB-09-02-2026-07:55:32:834-10849;ERR16661525.lite;1053952593;15/02/2026 03:19;c3afe46cab7e04283ac242f0f7d88b18;1;SRA Lite;Primary ETL;1;s3://sra-pub-zq-5/ERR16661525/ERR16661525.lite.1;s3.us-east-1;aws identity;https://sra-downloadb.be-md.ncbi.nlm.nih.gov/sos10/sra-pub-zq-1002/ERR016/16661/ERR16661525/ERR16661525.lite.1;https://sra-downloadb.be-md.ncbi.nlm.nih.gov/sos10/sra-pub-zq-1002/ERR016/16661/ERR16661525/ERR16661525.lite.1;worldwide;anonymous;gs://sra-pub-zq-101/ERR16661525/ERR16661525.lite.1;gs.us-east1;gcp identity;;10/02/2026;isabelle feinauer;public;GX0069;1840;brown bear;Europe;Sweden;GX0069;Ursus arctos;;http://ftp.sra.ebi.ac.uk/vol1/fastq/ERR166/025/ERR16661525/ERR16661525_1.fastq.gz;http://ftp.sra.ebi.ac.uk/vol1/fastq/ERR166/025/ERR16661525/ERR16661525_2.fastq.gz;;era-fasp@fasp.sra.ebi.ac.uk:vol1/fastq/ERR166/025/ERR16661525/ERR16661525_1.fastq.gz;era-fasp@fasp.sra.ebi.ac.uk:vol1/fastq/ERR166/025/ERR16661525/ERR16661525_2.fastq.gz;;;;;;;;;;;;;
ERR16661526;ERP161503;Scandinavian brown bear whole genomes;ERX16051994;Illumina NovaSeq 6000 paired end sequencing;Illumina NovaSeq 6000 paired end sequencing;9644;Ursus arctos;NA;WGS;GENOMIC;RANDOM;PAIRED;ERS28818203;;SAMEA121272838;PRJEB77023;Illumina NovaSeq 6000;Illumina NovaSeq 6000;ILLUMINA;20035705;1289451980;20035705;4047212410;ena-RUN-TAB-09-02-2026-07:55:32:834-10851;ERR16661526.lite;1050669196;15/02/2026 10:42;7e4766ee29d463f78656a4e2e2e87b78;1;SRA Lite;Primary ETL;1;s3://sra-pub-zq-9/ERR16661526/ERR16661526.lite.1;s3.us-east-1;aws identity;https://sra-downloadb.be-md.ncbi.nlm.nih.gov/sos10/sra-pub-zq-1002/ERR016/16661/ERR16661526/ERR16661526.lite.1;https://sra-downloadb.be-md.ncbi.nlm.nih.gov/sos10/sra-pub-zq-1002/ERR016/16661/ERR16661526/ERR16661526.lite.1;worldwide;anonymous;gs://sra-pub-zq-105/ERR16661526/ERR16661526.lite.1;gs.us-east1;gcp identity;;10/02/2026;isabelle feinauer;public;GX0069;1840;brown bear;Europe;Sweden;GX0069;Ursus arctos;;http://ftp.sra.ebi.ac.uk/vol1/fastq/ERR166/026/ERR16661526/ERR16661526_1.fastq.gz;http://ftp.sra.ebi.ac.uk/vol1/fastq/ERR166/026/ERR16661526/ERR16661526_2.fastq.gz;;era-fasp@fasp.sra.ebi.ac.uk:vol1/fastq/ERR166/026/ERR16661526/ERR16661526_1.fastq.gz;era-fasp@fasp.sra.ebi.ac.uk:vol1/fastq/ERR166/026/ERR16661526/ERR16661526_2.fastq.gz;;;;;;;;;;;;;
ERR16661527;ERP161503;Scandinavian brown bear whole genomes;ERX16051995;Illumina NovaSeq 6000 paired end sequencing;Illumina NovaSeq 6000 paired end sequencing;9644;Ursus arctos;NA;WGS;GENOMIC;RANDOM;PAIRED;ERS28818203;;SAMEA121272838;PRJEB77023;Illumina NovaSeq 6000;Illumina NovaSeq 6000;ILLUMINA;20162714;1291666495;20162714;4072868228;ena-RUN-TAB-09-02-2026-07:55:32:835-10853;ERR16661527.lite;1057407852;14/02/2026 00:31;41e61f151b003551c53b02faebf93321;1;SRA Lite;Primary ETL;1;s3://sra-pub-zq-6/ERR16661527/ERR16661527.lite.1;s3.us-east-1;aws identity;https://sra-downloadb.be-md.ncbi.nlm.nih.gov/sos10/sra-pub-zq-1002/ERR016/16661/ERR16661527/ERR16661527.lite.1;https://sra-downloadb.be-md.ncbi.nlm.nih.gov/sos10/sra-pub-zq-1002/ERR016/16661/ERR16661527/ERR16661527.lite.1;worldwide;anonymous;gs://sra-pub-zq-108/ERR16661527/ERR16661527.lite.1;gs.us-east1;gcp identity;;10/02/2026;isabelle feinauer;public;GX0069;1840;brown bear;Europe;Sweden;GX0069;Ursus arctos;;http://ftp.sra.ebi.ac.uk/vol1/fastq/ERR166/027/ERR16661527/ERR16661527_1.fastq.gz;http://ftp.sra.ebi.ac.uk/vol1/fastq/ERR166/027/ERR16661527/ERR16661527_2.fastq.gz;;era-fasp@fasp.sra.ebi.ac.uk:vol1/fastq/ERR166/027/ERR16661527/ERR16661527_1.fastq.gz;era-fasp@fasp.sra.ebi.ac.uk:vol1/fastq/ERR166/027/ERR16661527/ERR16661527_2.fastq.gz;;;;;;;;;;;;;
ERR16661528;ERP161503;Scandinavian brown bear whole genomes;ERX16051996;Illumina NovaSeq 6000 paired end sequencing;Illumina NovaSeq 6000 paired end sequencing;9644;Ursus arctos;NA;WGS;GENOMIC;RANDOM;PAIRED;ERS28818203;;SAMEA121272838;PRJEB77023;Illumina NovaSeq 6000;Illumina NovaSeq 6000;ILLUMINA;16025311;1044600627;16025311;3237112822;ena-RUN-TAB-09-02-2026-07:55:32:835-10855;ERR16661528.lite;842325597;14/02/2026 02:34;2de7e5e965e720ceac9aeadc58695fe5;1;SRA Lite;Primary ETL;1;s3://sra-pub-zq-6/ERR16661528/ERR16661528.lite.1;s3.us-east-1;aws identity;https://sra-downloadb.be-md.ncbi.nlm.nih.gov/sos10/sra-pub-zq-1002/ERR016/16661/ERR16661528/ERR16661528.lite.1;https://sra-downloadb.be-md.ncbi.nlm.nih.gov/sos10/sra-pub-zq-1002/ERR016/16661/ERR16661528/ERR16661528.lite.1;worldwide;anonymous;gs://sra-pub-zq-102/ERR16661528/ERR16661528.lite.1;gs.us-east1;gcp identity;;10/02/2026;isabelle feinauer;public;GX0069;1840;brown bear;Europe;Sweden;GX0069;Ursus arctos;;http://ftp.sra.ebi.ac.uk/vol1/fastq/ERR166/028/ERR16661528/ERR16661528_1.fastq.gz;http://ftp.sra.ebi.ac.uk/vol1/fastq/ERR166/028/ERR16661528/ERR16661528_2.fastq.gz;;era-fasp@fasp.sra.ebi.ac.uk:vol1/fastq/ERR166/028/ERR16661528/ERR16661528_1.fastq.gz;era-fasp@fasp.sra.ebi.ac.uk:vol1/fastq/ERR166/028/ERR16661528/ERR16661528_2.fastq.gz;;;;;;;;;;;;;
ERR16661529;ERP161503;Scandinavian brown bear whole genomes;ERX16051997;Illumina NovaSeq 6000 paired end sequencing;Illumina NovaSeq 6000 paired end sequencing;9644;Ursus arctos;NA;WGS;GENOMIC;RANDOM;PAIRED;ERS28818203;;SAMEA121272838;PRJEB77023;Illumina NovaSeq 6000;Illumina NovaSeq 6000;ILLUMINA;16061881;1041963486;16061881;3244499962;ena-RUN-TAB-09-02-2026-07:55:32:835-10857;ERR16661529.lite;844235621;14/02/2026 02:34;5af11997c1d8a1a07f0f4ed1bce35504;1;SRA Lite;Primary ETL;1;s3://sra-pub-zq-6/ERR16661529/ERR16661529.lite.1;s3.us-east-1;aws identity;https://sra-downloadb.be-md.ncbi.nlm.nih.gov/sos10/sra-pub-zq-1002/ERR016/16661/ERR16661529/ERR16661529.lite.1;https://sra-downloadb.be-md.ncbi.nlm.nih.gov/sos10/sra-pub-zq-1002/ERR016/16661/ERR16661529/ERR16661529.lite.1;worldwide;anonymous;gs://sra-pub-zq-102/ERR16661529/ERR16661529.lite.1;gs.us-east1;gcp identity;;10/02/2026;isabelle feinauer;public;GX0069;1840;brown bear;Europe;Sweden;GX0069;Ursus arctos;;http://ftp.sra.ebi.ac.uk/vol1/fastq/ERR166/029/ERR16661529/ERR16661529_1.fastq.gz;http://ftp.sra.ebi.ac.uk/vol1/fastq/ERR166/029/ERR16661529/ERR16661529_2.fastq.gz;;era-fasp@fasp.sra.ebi.ac.uk:vol1/fastq/ERR166/029/ERR16661529/ERR16661529_1.fastq.gz;era-fasp@fasp.sra.ebi.ac.uk:vol1/fastq/ERR166/029/ERR16661529/ERR16661529_2.fastq.gz;;;;;;;;;;;;;
ERR16661530;ERP161503;Scandinavian brown bear whole genomes;ERX16051998;Illumina NovaSeq 6000 paired end sequencing;Illumina NovaSeq 6000 paired end sequencing;9644;Ursus arctos;NA;WGS;GENOMIC;RANDOM;PAIRED;ERS28818203;;SAMEA121272838;PRJEB77023;Illumina NovaSeq 6000;Illumina NovaSeq 6000;ILLUMINA;15983428;1039888978;15983428;3228652456;ena-RUN-TAB-09-02-2026-07:55:32:836-10859;ERR16661530.lite;840080705;14/02/2026 02:35;b9c32e32ea1d362d0f5a316283f8825f;1;SRA Lite;Primary ETL;1;s3://sra-pub-zq-6/ERR16661530/ERR16661530.lite.1;s3.us-east-1;aws identity;https://sra-downloadb.be-md.ncbi.nlm.nih.gov/sos10/sra-pub-zq-1002/ERR016/16661/ERR16661530/ERR16661530.lite.1;https://sra-downloadb.be-md.ncbi.nlm.nih.gov/sos10/sra-pub-zq-1002/ERR016/16661/ERR16661530/ERR16661530.lite.1;worldwide;anonymous;gs://sra-pub-zq-102/ERR16661530/ERR16661530.lite.1;gs.us-east1;gcp identity;;10/02/2026;isabelle feinauer;public;GX0069;1840;brown bear;Europe;Sweden;GX0069;Ursus arctos;;http://ftp.sra.ebi.ac.uk/vol1/fastq/ERR166/030/ERR16661530/ERR16661530_1.fastq.gz;http://ftp.sra.ebi.ac.uk/vol1/fastq/ERR166/030/ERR16661530/ERR16661530_2.fastq.gz;;era-fasp@fasp.sra.ebi.ac.uk:vol1/fastq/ERR166/030/ERR16661530/ERR16661530_1.fastq.gz;era-fasp@fasp.sra.ebi.ac.uk:vol1/fastq/ERR166/030/ERR16661530/ERR16661530_2.fastq.gz;;;;;;;;;;;;;
ERR16661531;ERP161503;Scandinavian brown bear whole genomes;ERX16051999;Illumina NovaSeq 6000 paired end sequencing;Illumina NovaSeq 6000 paired end sequencing;9644;Ursus arctos;NA;WGS;GENOMIC;RANDOM;PAIRED;ERS28818203;;SAMEA121272838;PRJEB77023;Illumina NovaSeq 6000;Illumina NovaSeq 6000;ILLUMINA;16051907;1039491222;16051907;3242485214;ena-RUN-TAB-09-02-2026-07:55:32:836-10861;ERR16661531.lite;843737420;15/02/2026 10:40;72fc28c72271ae348012157ca417cdd1;1;SRA Lite;Primary ETL;1;s3://sra-pub-zq-9/ERR16661531/ERR16661531.lite.1;s3.us-east-1;aws identity;https://sra-downloadb.be-md.ncbi.nlm.nih.gov/sos10/sra-pub-zq-1002/ERR016/16661/ERR16661531/ERR16661531.lite.1;https://sra-downloadb.be-md.ncbi.nlm.nih.gov/sos10/sra-pub-zq-1002/ERR016/16661/ERR16661531/ERR16661531.lite.1;worldwide;anonymous;gs://sra-pub-zq-105/ERR16661531/ERR16661531.lite.1;gs.us-east1;gcp identity;;10/02/2026;isabelle feinauer;public;GX0069;1840;brown bear;Europe;Sweden;GX0069;Ursus arctos;;http://ftp.sra.ebi.ac.uk/vol1/fastq/ERR166/031/ERR16661531/ERR16661531_1.fastq.gz;http://ftp.sra.ebi.ac.uk/vol1/fastq/ERR166/031/ERR16661531/ERR16661531_2.fastq.gz;;era-fasp@fasp.sra.ebi.ac.uk:vol1/fastq/ERR166/031/ERR16661531/ERR16661531_1.fastq.gz;era-fasp@fasp.sra.ebi.ac.uk:vol1/fastq/ERR166/031/ERR16661531/ERR16661531_2.fastq.gz;;;;;;;;;;;;;
ERR16661532;ERP161503;Scandinavian brown bear whole genomes;ERX16052000;Illumina NovaSeq 6000 paired end sequencing;Illumina NovaSeq 6000 paired end sequencing;9644;Ursus arctos;NA;WGS;GENOMIC;RANDOM;PAIRED;ERS28818203;;SAMEA121272838;PRJEB77023;Illumina NovaSeq 6000;Illumina NovaSeq 6000;ILLUMINA;39744320;2607145234;39744320;8028352640;ena-RUN-TAB-09-02-2026-07:55:32:836-10863;ERR16661532.lite;2076828436;14/02/2026 00:32;e84c94ed27b5ce0dc3fdfae8ef19c2e9;1;SRA Lite;Primary ETL;1;s3://sra-pub-zq-6/ERR16661532/ERR16661532.lite.1;s3.us-east-1;aws identity;https://sra-downloadb.be-md.ncbi.nlm.nih.gov/sos10/sra-pub-zq-1002/ERR016/16661/ERR16661532/ERR16661532.lite.1;https://sra-downloadb.be-md.ncbi.nlm.nih.gov/sos10/sra-pub-zq-1002/ERR016/16661/ERR16661532/ERR16661532.lite.1;worldwide;anonymous;gs://sra-pub-zq-108/ERR16661532/ERR16661532.lite.1;gs.us-east1;gcp identity;;10/02/2026;isabelle feinauer;public;GX0069;1840;brown bear;Europe;Sweden;GX0069;Ursus arctos;;http://ftp.sra.ebi.ac.uk/vol1/fastq/ERR166/032/ERR16661532/ERR16661532_1.fastq.gz;http://ftp.sra.ebi.ac.uk/vol1/fastq/ERR166/032/ERR16661532/ERR16661532_2.fastq.gz;;era-fasp@fasp.sra.ebi.ac.uk:vol1/fastq/ERR166/032/ERR16661532/ERR16661532_1.fastq.gz;era-fasp@fasp.sra.ebi.ac.uk:vol1/fastq/ERR166/032/ERR16661532/ERR16661532_2.fastq.gz;;;;;;;;;;;;;
ERR16661533;ERP161503;Scandinavian brown bear whole genomes;ERX16052001;Illumina NovaSeq 6000 paired end sequencing;Illumina NovaSeq 6000 paired end sequencing;9644;Ursus arctos;NA;WGS;GENOMIC;RANDOM;PAIRED;ERS28818203;;SAMEA121272838;PRJEB77023;Illumina NovaSeq 6000;Illumina NovaSeq 6000;ILLUMINA;39831224;2600564199;39831224;8045907248;ena-RUN-TAB-09-02-2026-07:55:32:837-10865;ERR16661533.lite;2081466697;15/02/2026 10:42;959630f6756214fa330774b48a5efc54;1;SRA Lite;Primary ETL;1;s3://sra-pub-zq-9/ERR16661533/ERR16661533.lite.1;s3.us-east-1;aws identity;https://sra-downloadb.be-md.ncbi.nlm.nih.gov/sos10/sra-pub-zq-1002/ERR016/16661/ERR16661533/ERR16661533.lite.1;https://sra-downloadb.be-md.ncbi.nlm.nih.gov/sos10/sra-pub-zq-1002/ERR016/16661/ERR16661533/ERR16661533.lite.1;worldwide;anonymous;gs://sra-pub-zq-105/ERR16661533/ERR16661533.lite.1;gs.us-east1;gcp identity;;10/02/2026;isabelle feinauer;public;GX0069;1840;brown bear;Europe;Sweden;GX0069;Ursus arctos;;http://ftp.sra.ebi.ac.uk/vol1/fastq/ERR166/033/ERR16661533/ERR16661533_1.fastq.gz;http://ftp.sra.ebi.ac.uk/vol1/fastq/ERR166/033/ERR16661533/ERR16661533_2.fastq.gz;;era-fasp@fasp.sra.ebi.ac.uk:vol1/fastq/ERR166/033/ERR16661533/ERR16661533_1.fastq.gz;era-fasp@fasp.sra.ebi.ac.uk:vol1/fastq/ERR166/033/ERR16661533/ERR16661533_2.fastq.gz;;;;;;;;;;;;;
ERR16661534;ERP161503;Scandinavian brown bear whole genomes;ERX16052002;Illumina NovaSeq 6000 paired end sequencing;Illumina NovaSeq 6000 paired end sequencing;9644;Ursus arctos;NA;WGS;GENOMIC;RANDOM;PAIRED;ERS28818203;;SAMEA121272838;PRJEB77023;Illumina NovaSeq 6000;Illumina NovaSeq 6000;ILLUMINA;39644696;2594773808;39644696;8008228592;ena-RUN-TAB-09-02-2026-07:55:32:837-10867;ERR16661534.lite;2071724261;15/02/2026 10:42;c3616a209a381029465cb71f501fbf9e;1;SRA Lite;Primary ETL;1;s3://sra-pub-zq-9/ERR16661534/ERR16661534.lite.1;s3.us-east-1;aws identity;https://sra-downloadb.be-md.ncbi.nlm.nih.gov/sos10/sra-pub-zq-1002/ERR016/16661/ERR16661534/ERR16661534.lite.1;https://sra-downloadb.be-md.ncbi.nlm.nih.gov/sos10/sra-pub-zq-1002/ERR016/16661/ERR16661534/ERR16661534.lite.1;worldwide;anonymous;gs://sra-pub-zq-105/ERR16661534/ERR16661534.lite.1;gs.us-east1;gcp identity;;10/02/2026;isabelle feinauer;public;GX0069;1840;brown bear;Europe;Sweden;GX0069;Ursus arctos;;http://ftp.sra.ebi.ac.uk/vol1/fastq/ERR166/034/ERR16661534/ERR16661534_1.fastq.gz;http://ftp.sra.ebi.ac.uk/vol1/fastq/ERR166/034/ERR16661534/ERR16661534_2.fastq.gz;;era-fasp@fasp.sra.ebi.ac.uk:vol1/fastq/ERR166/034/ERR16661534/ERR16661534_1.fastq.gz;era-fasp@fasp.sra.ebi.ac.uk:vol1/fastq/ERR166/034/ERR16661534/ERR16661534_2.fastq.gz;;;;;;;;;;;;;
ERR16661535;ERP161503;Scandinavian brown bear whole genomes;ERX16052003;Illumina NovaSeq 6000 paired end sequencing;Illumina NovaSeq 6000 paired end sequencing;9644;Ursus arctos;NA;WGS;GENOMIC;RANDOM;PAIRED;ERS28818203;;SAMEA121272838;PRJEB77023;Illumina NovaSeq 6000;Illumina NovaSeq 6000;ILLUMINA;39842084;2597143402;39842084;8048100968;ena-RUN-TAB-09-02-2026-07:55:32:837-10869;ERR16661535.lite;2082135242;16/02/2026 11:07;7558752ed27565ca037707f74b584c29;1;SRA Lite;Primary ETL;1;s3://sra-pub-zq-2/ERR16661535/ERR16661535.lite.1;s3.us-east-1;aws identity;https://sra-downloadb.be-md.ncbi.nlm.nih.gov/sos10/sra-pub-zq-1002/ERR016/16661/ERR16661535/ERR16661535.lite.1;https://sra-downloadb.be-md.ncbi.nlm.nih.gov/sos10/sra-pub-zq-1002/ERR016/16661/ERR16661535/ERR16661535.lite.1;worldwide;anonymous;gs://sra-pub-zq-102/ERR16661535/ERR16661535.lite.1;gs.us-east1;gcp identity;;10/02/2026;isabelle feinauer;public;GX0069;1840;brown bear;Europe;Sweden;GX0069;Ursus arctos;;http://ftp.sra.ebi.ac.uk/vol1/fastq/ERR166/035/ERR16661535/ERR16661535_1.fastq.gz;http://ftp.sra.ebi.ac.uk/vol1/fastq/ERR166/035/ERR16661535/ERR16661535_2.fastq.gz;;era-fasp@fasp.sra.ebi.ac.uk:vol1/fastq/ERR166/035/ERR16661535/ERR16661535_1.fastq.gz;era-fasp@fasp.sra.ebi.ac.uk:vol1/fastq/ERR166/035/ERR16661535/ERR16661535_2.fastq.gz;;;;;;;;;;;;;
ERR16661536;ERP161503;Scandinavian brown bear whole genomes;ERX16052004;Illumina NovaSeq 6000 paired end sequencing;Illumina NovaSeq 6000 paired end sequencing;9644;Ursus arctos;NA;WGS;GENOMIC;RANDOM;PAIRED;ERS28818203;;SAMEA121272838;PRJEB77023;Illumina NovaSeq 6000;Illumina NovaSeq 6000;ILLUMINA;33500129;2177711607;33500129;6767026058;ena-RUN-TAB-09-02-2026-07:55:32:838-10871;ERR16661536.lite;1754525412;14/02/2026 00:30;2d45d13c9da9fe98a2b644afb46dfc73;1;SRA Lite;Primary ETL;1;s3://sra-pub-zq-6/ERR16661536/ERR16661536.lite.1;s3.us-east-1;aws identity;https://sra-downloadb.be-md.ncbi.nlm.nih.gov/sos10/sra-pub-zq-1002/ERR016/16661/ERR16661536/ERR16661536.lite.1;https://sra-downloadb.be-md.ncbi.nlm.nih.gov/sos10/sra-pub-zq-1002/ERR016/16661/ERR16661536/ERR16661536.lite.1;worldwide;anonymous;gs://sra-pub-zq-108/ERR16661536/ERR16661536.lite.1;gs.us-east1;gcp identity;;10/02/2026;isabelle feinauer;public;GX0069;1840;brown bear;Europe;Sweden;GX0069;Ursus arctos;;http://ftp.sra.ebi.ac.uk/vol1/fastq/ERR166/036/ERR16661536/ERR16661536_1.fastq.gz;http://ftp.sra.ebi.ac.uk/vol1/fastq/ERR166/036/ERR16661536/ERR16661536_2.fastq.gz;;era-fasp@fasp.sra.ebi.ac.uk:vol1/fastq/ERR166/036/ERR16661536/ERR16661536_1.fastq.gz;era-fasp@fasp.sra.ebi.ac.uk:vol1/fastq/ERR166/036/ERR16661536/ERR16661536_2.fastq.gz;;;;;;;;;;;;;
ERR16661537;ERP161503;Scandinavian brown bear whole genomes;ERX16052005;Illumina NovaSeq 6000 paired end sequencing;Illumina NovaSeq 6000 paired end sequencing;9644;Ursus arctos;NA;WGS;GENOMIC;RANDOM;PAIRED;ERS28818203;;SAMEA121272838;PRJEB77023;Illumina NovaSeq 6000;Illumina NovaSeq 6000;ILLUMINA;33730156;2182054656;33730156;6813491512;ena-RUN-TAB-09-02-2026-07:55:32:838-10873;ERR16661537.lite;1766579423;14/02/2026 02:34;6d62f7f0c199f3344af9eb2f9901cbe7;1;SRA Lite;Primary ETL;1;s3://sra-pub-zq-6/ERR16661537/ERR16661537.lite.1;s3.us-east-1;aws identity;https://sra-downloadb.be-md.ncbi.nlm.nih.gov/sos10/sra-pub-zq-1002/ERR016/16661/ERR16661537/ERR16661537.lite.1;https://sra-downloadb.be-md.ncbi.nlm.nih.gov/sos10/sra-pub-zq-1002/ERR016/16661/ERR16661537/ERR16661537.lite.1;worldwide;anonymous;gs://sra-pub-zq-102/ERR16661537/ERR16661537.lite.1;gs.us-east1;gcp identity;;10/02/2026;isabelle feinauer;public;GX0069;1840;brown bear;Europe;Sweden;GX0069;Ursus arctos;;http://ftp.sra.ebi.ac.uk/vol1/fastq/ERR166/037/ERR16661537/ERR16661537_1.fastq.gz;http://ftp.sra.ebi.ac.uk/vol1/fastq/ERR166/037/ERR16661537/ERR16661537_2.fastq.gz;;era-fasp@fasp.sra.ebi.ac.uk:vol1/fastq/ERR166/037/ERR16661537/ERR16661537_1.fastq.gz;era-fasp@fasp.sra.ebi.ac.uk:vol1/fastq/ERR166/037/ERR16661537/ERR16661537_2.fastq.gz;;;;;;;;;;;;;
ERR16661538;ERP161503;Scandinavian brown bear whole genomes;ERX16052006;Illumina NovaSeq 6000 paired end sequencing;Illumina NovaSeq 6000 paired end sequencing;9644;Ursus arctos;NA;WGS;GENOMIC;RANDOM;PAIRED;ERS28818203;;SAMEA121272838;PRJEB77023;Illumina NovaSeq 6000;Illumina NovaSeq 6000;ILLUMINA;33512154;2174126319;33512154;6769455108;ena-RUN-TAB-09-02-2026-07:55:32:838-10875;ERR16661538.lite;1754915301;11/02/2026 11:27;9265ebefc47f79c83cbbdb68b8b5dc3d;1;SRA Lite;Primary ETL;1;s3://sra-pub-zq-8/ERR16661538/ERR16661538.lite.1;s3.us-east-1;aws identity;https://sra-downloadb.be-md.ncbi.nlm.nih.gov/sos10/sra-pub-zq-1002/ERR016/16661/ERR16661538/ERR16661538.lite.1;https://sra-downloadb.be-md.ncbi.nlm.nih.gov/sos10/sra-pub-zq-1002/ERR016/16661/ERR16661538/ERR16661538.lite.1;worldwide;anonymous;gs://sra-pub-zq-107/ERR16661538/ERR16661538.lite.1;gs.us-east1;gcp identity;;10/02/2026;isabelle feinauer;public;GX0069;1840;brown bear;Europe;Sweden;GX0069;Ursus arctos;;http://ftp.sra.ebi.ac.uk/vol1/fastq/ERR166/038/ERR16661538/ERR16661538_1.fastq.gz;http://ftp.sra.ebi.ac.uk/vol1/fastq/ERR166/038/ERR16661538/ERR16661538_2.fastq.gz;;era-fasp@fasp.sra.ebi.ac.uk:vol1/fastq/ERR166/038/ERR16661538/ERR16661538_1.fastq.gz;era-fasp@fasp.sra.ebi.ac.uk:vol1/fastq/ERR166/038/ERR16661538/ERR16661538_2.fastq.gz;;;;;;;;;;;;;
ERR16661539;ERP161503;Scandinavian brown bear whole genomes;ERX16052007;Illumina NovaSeq 6000 paired end sequencing;Illumina NovaSeq 6000 paired end sequencing;9644;Ursus arctos;NA;WGS;GENOMIC;RANDOM;PAIRED;ERS28818203;;SAMEA121272838;PRJEB77023;Illumina NovaSeq 6000;Illumina NovaSeq 6000;ILLUMINA;33796916;2183584323;33796916;6826977032;ena-RUN-TAB-09-02-2026-07:55:32:839-10877;ERR16661539.lite;1769909907;14/02/2026 02:34;a32a85396c703d5ed1d4bca369ebeb57;1;SRA Lite;Primary ETL;1;s3://sra-pub-zq-6/ERR16661539/ERR16661539.lite.1;s3.us-east-1;aws identity;https://sra-downloadb.be-md.ncbi.nlm.nih.gov/sos10/sra-pub-zq-1002/ERR016/16661/ERR16661539/ERR16661539.lite.1;https://sra-downloadb.be-md.ncbi.nlm.nih.gov/sos10/sra-pub-zq-1002/ERR016/16661/ERR16661539/ERR16661539.lite.1;worldwide;anonymous;gs://sra-pub-zq-102/ERR16661539/ERR16661539.lite.1;gs.us-east1;gcp identity;;10/02/2026;isabelle feinauer;public;GX0069;1840;brown bear;Europe;Sweden;GX0069;Ursus arctos;;http://ftp.sra.ebi.ac.uk/vol1/fastq/ERR166/039/ERR16661539/ERR16661539_1.fastq.gz;http://ftp.sra.ebi.ac.uk/vol1/fastq/ERR166/039/ERR16661539/ERR16661539_2.fastq.gz;;era-fasp@fasp.sra.ebi.ac.uk:vol1/fastq/ERR166/039/ERR16661539/ERR16661539_1.fastq.gz;era-fasp@fasp.sra.ebi.ac.uk:vol1/fastq/ERR166/039/ERR16661539/ERR16661539_2.fastq.gz;;;;;;;;;;;;;
ERR16661540;ERP161503;Scandinavian brown bear whole genomes;ERX16052008;Illumina NovaSeq 6000 paired end sequencing;Illumina NovaSeq 6000 paired end sequencing;9644;Ursus arctos;NA;WGS;GENOMIC;RANDOM;PAIRED;ERS28818203;;SAMEA121272838;PRJEB77023;Illumina NovaSeq 6000;Illumina NovaSeq 6000;ILLUMINA;36102437;2333735333;36102437;7292692274;ena-RUN-TAB-09-02-2026-07:55:32:839-10879;ERR16661540.lite;1888325793;15/02/2026 10:40;7ece4815010a61659770441cd89710fe;1;SRA Lite;Primary ETL;1;s3://sra-pub-zq-9/ERR16661540/ERR16661540.lite.1;s3.us-east-1;aws identity;https://sra-downloadb.be-md.ncbi.nlm.nih.gov/sos10/sra-pub-zq-1002/ERR016/16661/ERR16661540/ERR16661540.lite.1;https://sra-downloadb.be-md.ncbi.nlm.nih.gov/sos10/sra-pub-zq-1002/ERR016/16661/ERR16661540/ERR16661540.lite.1;worldwide;anonymous;gs://sra-pub-zq-105/ERR16661540/ERR16661540.lite.1;gs.us-east1;gcp identity;;10/02/2026;isabelle feinauer;public;GX0069;1840;brown bear;Europe;Sweden;GX0069;Ursus arctos;;http://ftp.sra.ebi.ac.uk/vol1/fastq/ERR166/040/ERR16661540/ERR16661540_1.fastq.gz;http://ftp.sra.ebi.ac.uk/vol1/fastq/ERR166/040/ERR16661540/ERR16661540_2.fastq.gz;;era-fasp@fasp.sra.ebi.ac.uk:vol1/fastq/ERR166/040/ERR16661540/ERR16661540_1.fastq.gz;era-fasp@fasp.sra.ebi.ac.uk:vol1/fastq/ERR166/040/ERR16661540/ERR16661540_2.fastq.gz;;;;;;;;;;;;;
ERR16661541;ERP161503;Scandinavian brown bear whole genomes;ERX16052009;Illumina NovaSeq 6000 paired end sequencing;Illumina NovaSeq 6000 paired end sequencing;9644;Ursus arctos;NA;WGS;GENOMIC;RANDOM;PAIRED;ERS28818203;;SAMEA121272838;PRJEB77023;Illumina NovaSeq 6000;Illumina NovaSeq 6000;ILLUMINA;36275790;2332928961;36275790;7327709580;ena-RUN-TAB-09-02-2026-07:55:32:839-10881;ERR16661541.lite;1897404424;15/02/2026 10:41;9fccf168b8cc42700d2a00463d3b50bd;1;SRA Lite;Primary ETL;1;s3://sra-pub-zq-9/ERR16661541/ERR16661541.lite.1;s3.us-east-1;aws identity;https://sra-downloadb.be-md.ncbi.nlm.nih.gov/sos10/sra-pub-zq-1002/ERR016/16661/ERR16661541/ERR16661541.lite.1;https://sra-downloadb.be-md.ncbi.nlm.nih.gov/sos10/sra-pub-zq-1002/ERR016/16661/ERR16661541/ERR16661541.lite.1;worldwide;anonymous;gs://sra-pub-zq-105/ERR16661541/ERR16661541.lite.1;gs.us-east1;gcp identity;;10/02/2026;isabelle feinauer;public;GX0069;1840;brown bear;Europe;Sweden;GX0069;Ursus arctos;;http://ftp.sra.ebi.ac.uk/vol1/fastq/ERR166/041/ERR16661541/ERR16661541_1.fastq.gz;http://ftp.sra.ebi.ac.uk/vol1/fastq/ERR166/041/ERR16661541/ERR16661541_2.fastq.gz;;era-fasp@fasp.sra.ebi.ac.uk:vol1/fastq/ERR166/041/ERR16661541/ERR16661541_1.fastq.gz;era-fasp@fasp.sra.ebi.ac.uk:vol1/fastq/ERR166/041/ERR16661541/ERR16661541_2.fastq.gz;;;;;;;;;;;;;
ERR16661542;ERP161503;Scandinavian brown bear whole genomes;ERX16052010;Illumina NovaSeq 6000 paired end sequencing;Illumina NovaSeq 6000 paired end sequencing;9644;Ursus arctos;NA;WGS;GENOMIC;RANDOM;PAIRED;ERS28818203;;SAMEA121272838;PRJEB77023;Illumina NovaSeq 6000;Illumina NovaSeq 6000;ILLUMINA;36053851;2324924252;36053851;7282877902;ena-RUN-TAB-09-02-2026-07:55:32:840-10883;ERR16661542.lite;1885871450;15/02/2026 10:41;de948ebb59b1714c3842651237a38851;1;SRA Lite;Primary ETL;1;s3://sra-pub-zq-9/ERR16661542/ERR16661542.lite.1;s3.us-east-1;aws identity;https://sra-downloadb.be-md.ncbi.nlm.nih.gov/sos10/sra-pub-zq-1002/ERR016/16661/ERR16661542/ERR16661542.lite.1;https://sra-downloadb.be-md.ncbi.nlm.nih.gov/sos10/sra-pub-zq-1002/ERR016/16661/ERR16661542/ERR16661542.lite.1;worldwide;anonymous;gs://sra-pub-zq-105/ERR16661542/ERR16661542.lite.1;gs.us-east1;gcp identity;;10/02/2026;isabelle feinauer;public;GX0069;1840;brown bear;Europe;Sweden;GX0069;Ursus arctos;;http://ftp.sra.ebi.ac.uk/vol1/fastq/ERR166/042/ERR16661542/ERR16661542_1.fastq.gz;http://ftp.sra.ebi.ac.uk/vol1/fastq/ERR166/042/ERR16661542/ERR16661542_2.fastq.gz;;era-fasp@fasp.sra.ebi.ac.uk:vol1/fastq/ERR166/042/ERR16661542/ERR16661542_1.fastq.gz;era-fasp@fasp.sra.ebi.ac.uk:vol1/fastq/ERR166/042/ERR16661542/ERR16661542_2.fastq.gz;;;;;;;;;;;;;
ERR16661543;ERP161503;Scandinavian brown bear whole genomes;ERX16052011;Illumina NovaSeq 6000 paired end sequencing;Illumina NovaSeq 6000 paired end sequencing;9644;Ursus arctos;NA;WGS;GENOMIC;RANDOM;PAIRED;ERS28818203;;SAMEA121272838;PRJEB77023;Illumina NovaSeq 6000;Illumina NovaSeq 6000;ILLUMINA;36379109;2336432386;36379109;7348580018;ena-RUN-TAB-09-02-2026-07:55:32:840-10885;ERR16661543.lite;1902949619;16/02/2026 11:07;733b1449ea94deb00b16e9ee36eba643;1;SRA Lite;Primary ETL;1;s3://sra-pub-zq-2/ERR16661543/ERR16661543.lite.1;s3.us-east-1;aws identity;https://sra-downloadb.be-md.ncbi.nlm.nih.gov/sos10/sra-pub-zq-1002/ERR016/16661/ERR16661543/ERR16661543.lite.1;https://sra-downloadb.be-md.ncbi.nlm.nih.gov/sos10/sra-pub-zq-1002/ERR016/16661/ERR16661543/ERR16661543.lite.1;worldwide;anonymous;gs://sra-pub-zq-102/ERR16661543/ERR16661543.lite.1;gs.us-east1;gcp identity;;10/02/2026;isabelle feinauer;public;GX0069;1840;brown bear;Europe;Sweden;GX0069;Ursus arctos;;http://ftp.sra.ebi.ac.uk/vol1/fastq/ERR166/043/ERR16661543/ERR16661543_1.fastq.gz;http://ftp.sra.ebi.ac.uk/vol1/fastq/ERR166/043/ERR16661543/ERR16661543_2.fastq.gz;;era-fasp@fasp.sra.ebi.ac.uk:vol1/fastq/ERR166/043/ERR16661543/ERR16661543_1.fastq.gz;era-fasp@fasp.sra.ebi.ac.uk:vol1/fastq/ERR166/043/ERR16661543/ERR16661543_2.fastq.gz;;;;;;;;;;;;;
SRR5878346;SRP113775;Extreme genomic effects in an isolated bears population;SRX3045655;WGS of brown bear: adult female muscle;WGS of brown bear: adult female muscle;9644;Ursus arctos;S12;WGS;GENOMIC;RANDOM;PAIRED;SRS2393233;;SAMN07422272;PRJNA395974;Illumina HiSeq 2000;Illumina HiSeq 2000;ILLUMINA;210614569;30976047597;210614569;46347093248;QAT031_LS040_GCTGAGA_L004_R1_009.fastq.gz;LS040_R2.fastq.gz;5201012171;24/03/2020 12:45;ccc36bdadaafa5addcd651632a33f2d9;1;fastq;Original;0;s3://sra-pub-src-4/SRR5878346/LS040_R2.fastq.gz;-;Use Cloud Data Delivery;https://sra-downloadb.be-md.ncbi.nlm.nih.gov/sos5/sra-pub-zq-14/SRR005/878/SRR5878346.sralite.1;https://sra-downloadb.be-md.ncbi.nlm.nih.gov/sos5/sra-pub-zq-14/SRR005/878/SRR5878346.sralite.1;worldwide;anonymous;gs://sra-pub-zq-107/SRR5878346/SRR5878346.zq.1;gs.us-east1;gcp identity;;;;;;;;Europe;Italy;;Ursus arctos;;http://ftp.sra.ebi.ac.uk/vol1/fastq/SRR587/006/SRR5878346/SRR5878346_1.fastq.gz;http://ftp.sra.ebi.ac.uk/vol1/fastq/SRR587/006/SRR5878346/SRR5878346_2.fastq.gz;;era-fasp@fasp.sra.ebi.ac.uk:vol1/fastq/SRR587/006/SRR5878346/SRR5878346_1.fastq.gz;era-fasp@fasp.sra.ebi.ac.uk:vol1/fastq/SRR587/006/SRR5878346/SRR5878346_2.fastq.gz;missing;missing;female;muscle;;;Model organism or animal;missing;LS040;missing;missing;missing;Italy: Alps
SRR5878347;SRP113775;Extreme genomic effects in an isolated bears population;SRX3045654;WGS of brown bear: adult male muscle;WGS of brown bear: adult male muscle;9644;Ursus arctos;S11;WGS;GENOMIC;RANDOM;PAIRED;SRS2393232;;SAMN07422271;PRJNA395974;Illumina HiSeq 2000;Illumina HiSeq 2000;ILLUMINA;242689234;35124646378;242689234;52395020402;QAT031_LS039_CCGCCAT_L003_R2_003.fastq.gz;SRR5878347.sralite;13208506980;21/06/2020 03:51;6997e40cdb035df9b2153d3d5f4a74ce;1;SRA Lite;Primary ETL;1;s3://sra-pub-zq-5/SRR5878347/SRR5878347.sralite.1;s3.us-east-1;aws identity;https://sra-downloadb.be-md.ncbi.nlm.nih.gov/sos5/sra-pub-zq-14/SRR005/878/SRR5878347.sralite.1;https://sra-downloadb.be-md.ncbi.nlm.nih.gov/sos5/sra-pub-zq-14/SRR005/878/SRR5878347.sralite.1;worldwide;anonymous;gs://sra-pub-zq-107/SRR5878347/SRR5878347.zq.1;gs.us-east1;gcp identity;;;;;;;;Europe;Italy;;Ursus arctos;;ftp.sra.ebi.ac.uk/vol1/fastq/SRR587/007/SRR5878347/SRR5878347_1.fastq.gz;http://ftp.sra.ebi.ac.uk/vol1/fastq/SRR587/007/SRR5878347/SRR5878347_2.fastq.gz;;era-fasp@fasp.sra.ebi.ac.uk:vol1/fastq/SRR587/007/SRR5878347/SRR5878347_1.fastq.gz;era-fasp@fasp.sra.ebi.ac.uk:vol1/fastq/SRR587/007/SRR5878347/SRR5878347_2.fastq.gz;missing;missing;male;muscle;;;Model organism or animal;missing;LS039;missing;missing;missing;Spain
SRR5878349;SRP113775;Extreme genomic effects in an isolated bears population;SRX3045649;WGS of brown bear: adult male muscle;WGS of brown bear: adult male muscle;9644;Ursus arctos;S10;WGS;GENOMIC;RANDOM;PAIRED;SRS2393231;;SAMN07422270;PRJNA395974;Illumina HiSeq 2000;Illumina HiSeq 2000;ILLUMINA;73205380;9986998510;73205380;14641076000;QAT025_LS036_CTTGGAA_L001_R2_004.fastq.gz;QAT025_LS036_CTTGGAA_L001_R1_001.fastq.gz;400403321;24/03/2020 12:27;d1d450cd79c410260560e937546dc6c2;1;fastq;Original;0;s3://sra-pub-src-4/SRR5878349/QAT025_LS036_CTTGGAA_L001_R1_001.fastq.gz;-;Use Cloud Data Delivery;https://sra-downloadb.be-md.ncbi.nlm.nih.gov/sos5/sra-pub-zq-14/SRR005/878/SRR5878349.sralite.1;https://sra-downloadb.be-md.ncbi.nlm.nih.gov/sos5/sra-pub-zq-14/SRR005/878/SRR5878349.sralite.1;worldwide;anonymous;gs://sra-pub-zq-106/SRR5878349/SRR5878349.zq.1;gs.us-east1;gcp identity;;;;;;;;Europe;Italy;;Ursus arctos;;http://ftp.sra.ebi.ac.uk/vol1/fastq/SRR587/009/SRR5878349/SRR5878349_1.fastq.gz;http://ftp.sra.ebi.ac.uk/vol1/fastq/SRR587/009/SRR5878349/SRR5878349_2.fastq.gz;;era-fasp@fasp.sra.ebi.ac.uk:vol1/fastq/SRR587/009/SRR5878349/SRR5878349_1.fastq.gz;era-fasp@fasp.sra.ebi.ac.uk:vol1/fastq/SRR587/009/SRR5878349/SRR5878349_2.fastq.gz;missing;missing;male;muscle;;;Model organism or animal;missing;LS036;missing;missing;missing;Slovakia
SRR5878354;SRP113775;Extreme genomic effects in an isolated bears population;SRX3045647;WGS of brown bear: adult male muscle;WGS of brown bear: adult male muscle;9644;Ursus arctos;S8;WGS;GENOMIC;RANDOM;PAIRED;SRS2393229;;SAMN07422268;PRJNA395974;Illumina HiSeq 2000;Illumina HiSeq 2000;ILLUMINA;89206426;12144870798;89206426;17841285200;QAT025_LS029_AATATAG_L003_R1_005.fastq.gz;SRR5878354.sralite;4664932480;22/06/2020 01:59;7d81932260c00e965cc24323e06d3dd8;1;SRA Lite;Primary ETL;1;s3://sra-pub-zq-1/SRR5878354/SRR5878354.sralite.1;s3.us-east-1;aws identity;https://sra-downloadb.be-md.ncbi.nlm.nih.gov/sos5/sra-pub-zq-14/SRR005/878/SRR5878354.sralite.1;https://sra-downloadb.be-md.ncbi.nlm.nih.gov/sos5/sra-pub-zq-14/SRR005/878/SRR5878354.sralite.1;worldwide;anonymous;gs://sra-pub-zq-107/SRR5878354/SRR5878354.zq.1;gs.us-east1;gcp identity;;;;;;;;Europe;Italy;;Ursus arctos;;http://ftp.sra.ebi.ac.uk/vol1/fastq/SRR587/004/SRR5878354/SRR5878354_1.fastq.gz;http://ftp.sra.ebi.ac.uk/vol1/fastq/SRR587/004/SRR5878354/SRR5878354_2.fastq.gz;;era-fasp@fasp.sra.ebi.ac.uk:vol1/fastq/SRR587/004/SRR5878354/SRR5878354_1.fastq.gz;era-fasp@fasp.sra.ebi.ac.uk:vol1/fastq/SRR587/004/SRR5878354/SRR5878354_2.fastq.gz;missing;missing;male;muscle;;;Model organism or animal;missing;LS029;missing;missing;missing;Greece
SRR5878355;SRP113775;Extreme genomic effects in an isolated bears population;SRX3045646;WGS of brown bear: adult male muscle;WGS of brown bear: adult male muscle;9644;Ursus arctos;S7;WGS;GENOMIC;RANDOM;PAIRED;SRS2393227;;SAMN07422267;PRJNA395974;Illumina HiSeq 2000;Illumina HiSeq 2000;ILLUMINA;64347426;7952304121;64347426;12998180052;LS028_GGTAACT_L007_R1_001.fastq.gz;LS028_GGTAACT_L001_R1_001.fastq.gz;707465449;24/03/2020 15:09;7c6255b37c1452e5da010ff8cae37e88;1;fastq;Original;0;s3://sra-pub-src-8/SRR5878355/LS028_GGTAACT_L001_R1_001.fastq.gz;-;Use Cloud Data Delivery;https://sra-downloadb.be-md.ncbi.nlm.nih.gov/sos5/sra-pub-zq-14/SRR005/878/SRR5878355.sralite.1;https://sra-downloadb.be-md.ncbi.nlm.nih.gov/sos5/sra-pub-zq-14/SRR005/878/SRR5878355.sralite.1;worldwide;anonymous;gs://sra-pub-zq-106/SRR5878355/SRR5878355.zq.1;gs.us-east1;gcp identity;;;;;;;;Europe;Italy;;Ursus arctos;;http://ftp.sra.ebi.ac.uk/vol1/fastq/SRR587/005/SRR5878355/SRR5878355_1.fastq.gz;http://ftp.sra.ebi.ac.uk/vol1/fastq/SRR587/005/SRR5878355/SRR5878355_2.fastq.gz;;era-fasp@fasp.sra.ebi.ac.uk:vol1/fastq/SRR587/005/SRR5878355/SRR5878355_1.fastq.gz;era-fasp@fasp.sra.ebi.ac.uk:vol1/fastq/SRR587/005/SRR5878355/SRR5878355_2.fastq.gz;missing;missing;male;muscle;;;Model organism or animal;missing;LS028;missing;missing;missing;Greece
SRR5878356;SRP113775;Extreme genomic effects in an isolated bears population;SRX3045645;WGS of brown bear: adult female muscle;WGS of brown bear: adult female muscle;9644;Ursus arctos;S6;WGS;GENOMIC;RANDOM;PAIRED;SRS2393228;;SAMN07422266;PRJNA395974;Illumina HiSeq 2000;Illumina HiSeq 2000;ILLUMINA;90540943;11167411730;90540943;18289270486;LS025_GTCTAAT_L006_R1_001.fastq.gz;SRR5878356.sralite;4786651257;13/06/2020 23:43;fd2c621a1465c18596e7917370e387c1;1;SRA Lite;Primary ETL;1;s3://sra-pub-zq-5/SRR5878356/SRR5878356.sralite.1;s3.us-east-1;aws identity;https://sra-downloadb.be-md.ncbi.nlm.nih.gov/sos5/sra-pub-zq-14/SRR005/878/SRR5878356.sralite.1;https://sra-downloadb.be-md.ncbi.nlm.nih.gov/sos5/sra-pub-zq-14/SRR005/878/SRR5878356.sralite.1;worldwide;anonymous;gs://sra-pub-zq-107/SRR5878356/SRR5878356.zq.1;gs.us-east1;gcp identity;;;;;;;;Europe;Italy;;Ursus arctos;;http://ftp.sra.ebi.ac.uk/vol1/fastq/SRR587/006/SRR5878356/SRR5878356_1.fastq.gz;http://ftp.sra.ebi.ac.uk/vol1/fastq/SRR587/006/SRR5878356/SRR5878356_2.fastq.gz;;era-fasp@fasp.sra.ebi.ac.uk:vol1/fastq/SRR587/006/SRR5878356/SRR5878356_1.fastq.gz;era-fasp@fasp.sra.ebi.ac.uk:vol1/fastq/SRR587/006/SRR5878356/SRR5878356_2.fastq.gz;missing;missing;female;muscle;;;Model organism or animal;missing;LS025;missing;missing;missing;Italy: Apennines
SRR5878357;SRP113775;Extreme genomic effects in an isolated bears population;SRX3045644;WGS of brown bear: adult male blood;WGS of brown bear: adult male blood;9644;Ursus arctos;S5;WGS;GENOMIC;RANDOM;PAIRED;SRS2393225;;SAMN07422265;PRJNA395974;Illumina HiSeq 2000;Illumina HiSeq 2000;ILLUMINA;45981296;6302541734;45981296;9196259200;QAT025_LS024_ACGCGGA_L001_R1_001.fastq.gz;QAT025_LS024_ACGCGGA_L001_R1_003.fastq.gz;363164119;24/03/2020 12:27;bf9d82b208936a9dd2ee633b7c8aa915;1;fastq;Original;0;s3://sra-pub-src-6/SRR5878357/QAT025_LS024_ACGCGGA_L001_R1_003.fastq.gz;-;Use Cloud Data Delivery;https://sra-downloadb.be-md.ncbi.nlm.nih.gov/sos5/sra-pub-zq-14/SRR005/878/SRR5878357.sralite.1;https://sra-downloadb.be-md.ncbi.nlm.nih.gov/sos5/sra-pub-zq-14/SRR005/878/SRR5878357.sralite.1;worldwide;anonymous;gs://sra-pub-zq-105/SRR5878357/SRR5878357.zq.1;gs.us-east1;gcp identity;;;;;;;;Europe;Italy;;Ursus arctos;;http://ftp.sra.ebi.ac.uk/vol1/fastq/SRR587/007/SRR5878357/SRR5878357_1.fastq.gz;http://ftp.sra.ebi.ac.uk/vol1/fastq/SRR587/007/SRR5878357/SRR5878357_2.fastq.gz;;era-fasp@fasp.sra.ebi.ac.uk:vol1/fastq/SRR587/007/SRR5878357/SRR5878357_1.fastq.gz;era-fasp@fasp.sra.ebi.ac.uk:vol1/fastq/SRR587/007/SRR5878357/SRR5878357_2.fastq.gz;missing;missing;male;blood;;;Model organism or animal;missing;LS024;missing;missing;missing;Italy: Apennines
SRR5878358;SRP113775;Extreme genomic effects in an isolated bears population;SRX3045643;WGS of brown bear: adult female blood;WGS of brown bear: adult female blood;9644;Ursus arctos;S4;WGS;GENOMIC;RANDOM;PAIRED;SRS2393226;;SAMN07422264;PRJNA395974;Illumina HiSeq 2000;Illumina HiSeq 2000;ILLUMINA;53053027;7234538688;53053027;10610605400;QAT025_LS023_GCGAGTA_L001_R2_004.fastq.gz;SRR5878358.sralite;2779724625;22/06/2020 00:22;855cca9985edabc06c6e7d3962a0da84;1;SRA Lite;Primary ETL;1;s3://sra-pub-zq-3/SRR5878358/SRR5878358.sralite.1;s3.us-east-1;aws identity;https://sra-downloadb.be-md.ncbi.nlm.nih.gov/sos5/sra-pub-zq-14/SRR005/878/SRR5878358.sralite.1;https://sra-downloadb.be-md.ncbi.nlm.nih.gov/sos5/sra-pub-zq-14/SRR005/878/SRR5878358.sralite.1;worldwide;anonymous;gs://sra-pub-zq-106/SRR5878358/SRR5878358.zq.1;gs.us-east1;gcp identity;;;;;;;;Europe;Italy;;Ursus arctos;;http://ftp.sra.ebi.ac.uk/vol1/fastq/SRR587/008/SRR5878358/SRR5878358_1.fastq.gz;http://ftp.sra.ebi.ac.uk/vol1/fastq/SRR587/008/SRR5878358/SRR5878358_2.fastq.gz;;era-fasp@fasp.sra.ebi.ac.uk:vol1/fastq/SRR587/008/SRR5878358/SRR5878358_1.fastq.gz;era-fasp@fasp.sra.ebi.ac.uk:vol1/fastq/SRR587/008/SRR5878358/SRR5878358_2.fastq.gz;missing;missing;female;blood;;;Model organism or animal;missing;LS023;missing;missing;missing;Italy: Apennines
SRR5878359;SRP113775;Extreme genomic effects in an isolated bears population;SRX3045642;WGS of brown bear: adult male blood;WGS of brown bear: adult male blood;9644;Ursus arctos;S3;WGS;GENOMIC;RANDOM;PAIRED;SRS2393223;;SAMN07422263;PRJNA395974;Illumina HiSeq 2000;Illumina HiSeq 2000;ILLUMINA;83008723;11335854151;83008723;16601744600;QAT025_LS022_CGGACGT_L006_R1_001.fastq.gz;SRR5878359.sralite;4341991581;13/06/2020 23:24;a7d4a7fbe3c483e7d8225889dfef9bec;1;SRA Lite;Primary ETL;1;s3://sra-pub-zq-5/SRR5878359/SRR5878359.sralite.1;s3.us-east-1;aws identity;https://sra-downloadb.be-md.ncbi.nlm.nih.gov/sos5/sra-pub-zq-14/SRR005/878/SRR5878359.sralite.1;https://sra-downloadb.be-md.ncbi.nlm.nih.gov/sos5/sra-pub-zq-14/SRR005/878/SRR5878359.sralite.1;worldwide;anonymous;gs://sra-pub-zq-105/SRR5878359/SRR5878359.zq.1;gs.us-east1;gcp identity;;;;;;;;Europe;Italy;;Ursus arctos;;http://ftp.sra.ebi.ac.uk/vol1/fastq/SRR587/009/SRR5878359/SRR5878359_1.fastq.gz;http://ftp.sra.ebi.ac.uk/vol1/fastq/SRR587/009/SRR5878359/SRR5878359_2.fastq.gz;;era-fasp@fasp.sra.ebi.ac.uk:vol1/fastq/SRR587/009/SRR5878359/SRR5878359_1.fastq.gz;era-fasp@fasp.sra.ebi.ac.uk:vol1/fastq/SRR587/009/SRR5878359/SRR5878359_2.fastq.gz;missing;missing;male;blood;;;Model organism or animal;missing;LS022;missing;missing;missing;Italy: Apennines
SRR5878360;SRP113775;Extreme genomic effects in an isolated bears population;SRX3045641;WGS of brown bear: adult male blood;WGS of brown bear: adult male blood;9644;Ursus arctos;S2;WGS;GENOMIC;RANDOM;PAIRED;SRS2393224;;SAMN07422262;PRJNA395974;Illumina HiSeq 2000;Illumina HiSeq 2000;ILLUMINA;208482580;29928203325;208482580;44659582340;QAT025_LS020_GCCATGC_L002_R2_003.fastq.gz;LS020_R1.fastq.gz;3641307464;24/03/2020 12:27;54ddbe9daa8fcab776bbf68d30d2ec88;1;fastq;Original;0;s3://sra-pub-src-7/SRR5878360/LS020_R1.fastq.gz;-;Use Cloud Data Delivery;https://sra-downloadb.be-md.ncbi.nlm.nih.gov/sos5/sra-pub-zq-14/SRR005/878/SRR5878360.sralite.1;https://sra-downloadb.be-md.ncbi.nlm.nih.gov/sos5/sra-pub-zq-14/SRR005/878/SRR5878360.sralite.1;worldwide;anonymous;gs://sra-pub-zq-105/SRR5878360/SRR5878360.zq.1;gs.us-east1;gcp identity;;;;;;;;Europe;Italy;;Ursus arctos;;http://ftp.sra.ebi.ac.uk/vol1/fastq/SRR587/000/SRR5878360/SRR5878360_1.fastq.gz;http://ftp.sra.ebi.ac.uk/vol1/fastq/SRR587/000/SRR5878360/SRR5878360_2.fastq.gz;;era-fasp@fasp.sra.ebi.ac.uk:vol1/fastq/SRR587/000/SRR5878360/SRR5878360_1.fastq.gz;era-fasp@fasp.sra.ebi.ac.uk:vol1/fastq/SRR587/000/SRR5878360/SRR5878360_2.fastq.gz;missing;missing;male;blood;;;Model organism or animal;missing;LS020;missing;missing;missing;Italy: Apennines
SRR5878361;SRP113775;Extreme genomic effects in an isolated bears population;SRX3045640;WGS of brown bear: adult female blood;WGS of brown bear: adult female blood;9644;Ursus arctos;S1;WGS;GENOMIC;RANDOM;PAIRED;SRS2393222;;SAMN07422261;PRJNA395974;Illumina HiSeq 2000;Illumina HiSeq 2000;ILLUMINA;34133203;4671145607;34133203;6826640600;QAT025_LS016_ACGGCAG_L006_R1_003.fastq.gz;SRR5878361.sralite;1790327911;20/06/2020 23:05;5da0f69a7b7db7dcfa5654da353be7f2;1;SRA Lite;Primary ETL;1;s3://sra-pub-zq-8/SRR5878361/SRR5878361.sralite.1;s3.us-east-1;aws identity;https://sra-downloadb.be-md.ncbi.nlm.nih.gov/sos5/sra-pub-zq-14/SRR005/878/SRR5878361.sralite.1;https://sra-downloadb.be-md.ncbi.nlm.nih.gov/sos5/sra-pub-zq-14/SRR005/878/SRR5878361.sralite.1;worldwide;anonymous;gs://sra-pub-zq-106/SRR5878361/SRR5878361.zq.1;gs.us-east1;gcp identity;;;;;;;;Europe;Italy;;Ursus arctos;;http://ftp.sra.ebi.ac.uk/vol1/fastq/SRR587/001/SRR5878361/SRR5878361_1.fastq.gz;http://ftp.sra.ebi.ac.uk/vol1/fastq/SRR587/001/SRR5878361/SRR5878361_2.fastq.gz;;era-fasp@fasp.sra.ebi.ac.uk:vol1/fastq/SRR587/001/SRR5878361/SRR5878361_1.fastq.gz;era-fasp@fasp.sra.ebi.ac.uk:vol1/fastq/SRR587/001/SRR5878361/SRR5878361_2.fastq.gz;missing;missing;female;blood;;;Model organism or animal;missing;LS016;missing;missing;missing;Italy: Apennines
SRR7408242;SRP151062;Ursus arctos paleogenomic sequencing;SRX4279830;Limerick10_MiSeq2;Limerick10_MiSeq2;9644;Ursus arctos;JK402_A;WGS;GENOMIC;RANDOM;PAIRED;SRS3444847;;SAMN04884479;PRJNA319270;Illumina MiSeq;Illumina MiSeq;ILLUMINA;559087;40953724;559087;84981224;JK402_S42_L001_R1_001.fastq.gz;SRR7408242;40954954;21/06/2018 19:26;0c67c2c03327b90f623a922cb45e037a;1;SRA Normalized;Primary ETL;1;https://sra-pub-run-odp.s3.amazonaws.com/sra/SRR7408242/SRR7408242;worldwide;anonymous;https://sra-pub-run-odp.s3.amazonaws.com/sra/SRR7408242/SRR7408242;https://sra-downloadb.be-md.ncbi.nlm.nih.gov/sos5/sra-pub-zq-16/SRR007/408/SRR7408242.sralite.1;worldwide;anonymous;gs://sra-pub-zq-106/SRR7408242/SRR7408242.zq.1;gs.us-east1;gcp identity;;;;;;;;Europe;Ireland;;Ursus arctos;;http://ftp.sra.ebi.ac.uk/vol1/fastq/SRR740/002/SRR7408242/SRR7408242_1.fastq.gz;http://ftp.sra.ebi.ac.uk/vol1/fastq/SRR740/002/SRR7408242/SRR7408242_2.fastq.gz;;era-fasp@fasp.sra.ebi.ac.uk:vol1/fastq/SRR740/002/SRR7408242/SRR7408242_1.fastq.gz;era-fasp@fasp.sra.ebi.ac.uk:vol1/fastq/SRR740/002/SRR7408242/SRR7408242_2.fastq.gz;Ireland (extinct);adult;not determined;Bone;NMING (National Museum of Ireland);(UB-6699);Model organism or animal;;;;;;
SRR7408244;SRP151062;Ursus arctos paleogenomic sequencing;SRX4279828;Limerick10_HiSeq2500;Limerick10_HiSeq2500;9644;Ursus arctos;PH133_B;WGS;GENOMIC;RANDOM;PAIRED;SRS3444847;;SAMN04884479;PRJNA319270;Illumina HiSeq 2500;Illumina HiSeq 2500;ILLUMINA;28443368;1909408274;28443368;2901223536;PH133_R2.fq.gz;PH133_R1.fq.gz;1280565128;23/02/2020 12:09;093f80e38c4395e22639dcd2631c3b95;1;fastq;Original;0;s3://sra-pub-src-7/SRR7408244/PH133_R1.fq.gz;-;Use Cloud Data Delivery;https://sra-downloadb.be-md.ncbi.nlm.nih.gov/sos9/sra-pub-zq-922/SRR007/408/SRR7408244.sralite.1;https://sra-downloadb.be-md.ncbi.nlm.nih.gov/sos9/sra-pub-zq-922/SRR007/408/SRR7408244.sralite.1;worldwide;anonymous;gs://sra-pub-zq-106/SRR7408244/SRR7408244.zq.1;gs.us-east1;gcp identity;;;;;;;;Europe;Ireland;;Ursus arctos;;http://ftp.sra.ebi.ac.uk/vol1/fastq/SRR740/004/SRR7408244/SRR7408244_1.fastq.gz;http://ftp.sra.ebi.ac.uk/vol1/fastq/SRR740/004/SRR7408244/SRR7408244_2.fastq.gz;;era-fasp@fasp.sra.ebi.ac.uk:vol1/fastq/SRR740/004/SRR7408244/SRR7408244_1.fastq.gz;era-fasp@fasp.sra.ebi.ac.uk:vol1/fastq/SRR740/004/SRR7408244/SRR7408244_2.fastq.gz;Ireland (extinct);adult;not determined;Bone;NMING (National Museum of Ireland);(UB-6699);Model organism or animal;;;;;;
SRR7408245;SRP151062;Ursus arctos paleogenomic sequencing;SRX4279827;Limerick10_MiSeq;Limerick10_MiSeq;9644;Ursus arctos;PH133_A;WGS;GENOMIC;RANDOM;PAIRED;SRS3444847;;SAMN04884479;PRJNA319270;Illumina MiSeq;Illumina MiSeq;ILLUMINA;1573871;122749489;1573871;239228392;PH133_S7_L001_R1_001.fastq.gz;PH133_S7_L001_R1_001.fastq.gz;97941530;23/02/2020 12:09;d6efd414f981f7a7eb0497b80823edb4;1;fastq;Original;0;s3://sra-pub-src-7/SRR7408245/PH133_S7_L001_R1_001.fastq.gz;-;Use Cloud Data Delivery;https://sra-downloadb.be-md.ncbi.nlm.nih.gov/sos9/sra-pub-zq-922/SRR007/408/SRR7408245.sralite.1;https://sra-downloadb.be-md.ncbi.nlm.nih.gov/sos9/sra-pub-zq-922/SRR007/408/SRR7408245.sralite.1;worldwide;anonymous;gs://sra-pub-zq-105/SRR7408245/SRR7408245.zq.1;gs.us-east1;gcp identity;;;;;;;;Europe;Ireland;;Ursus arctos;;http://ftp.sra.ebi.ac.uk/vol1/fastq/SRR740/005/SRR7408245/SRR7408245_1.fastq.gz;http://ftp.sra.ebi.ac.uk/vol1/fastq/SRR740/005/SRR7408245/SRR7408245_2.fastq.gz;;era-fasp@fasp.sra.ebi.ac.uk:vol1/fastq/SRR740/005/SRR7408245/SRR7408245_1.fastq.gz;era-fasp@fasp.sra.ebi.ac.uk:vol1/fastq/SRR740/005/SRR7408245/SRR7408245_2.fastq.gz;Ireland (extinct);adult;not determined;Bone;NMING (National Museum of Ireland);(UB-6699);Model organism or animal;;;;;;
SRR7408246;SRP151062;Ursus arctos paleogenomic sequencing;SRX4279826;Clare11_MiSeq2;Clare11_MiSeq2;9644;Ursus arctos;JK388_A;WGS;GENOMIC;RANDOM;PAIRED;SRS3444846;;SAMN04884482;PRJNA319270;Illumina MiSeq;Illumina MiSeq;ILLUMINA;831675;59864359;831675;126414600;JK388_S18_L001_R2_001.fastq.gz;JK388_S18_L001_R1_001.fastq.gz;47449676;23/02/2020 06:38;d06fe6c388e0a5231da584e80abf2e23;1;fastq;Original;0;s3://sra-pub-src-7/SRR7408246/JK388_S18_L001_R1_001.fastq.gz;-;Use Cloud Data Delivery;https://sra-downloadb.be-md.ncbi.nlm.nih.gov/sos5/sra-pub-zq-16/SRR007/408/SRR7408246.sralite.1;https://sra-downloadb.be-md.ncbi.nlm.nih.gov/sos5/sra-pub-zq-16/SRR007/408/SRR7408246.sralite.1;worldwide;anonymous;gs://sra-pub-zq-105/SRR7408246/SRR7408246.zq.1;gs.us-east1;gcp identity;;;;;;;;Europe;Ireland;;Ursus arctos;;http://ftp.sra.ebi.ac.uk/vol1/fastq/SRR740/006/SRR7408246/SRR7408246_1.fastq.gz;http://ftp.sra.ebi.ac.uk/vol1/fastq/SRR740/006/SRR7408246/SRR7408246_2.fastq.gz;;era-fasp@fasp.sra.ebi.ac.uk:vol1/fastq/SRR740/006/SRR7408246/SRR7408246_1.fastq.gz;era-fasp@fasp.sra.ebi.ac.uk:vol1/fastq/SRR740/006/SRR7408246/SRR7408246_2.fastq.gz;Ireland (extinct);adult;not determined;Bone;NMING (National Museum of Ireland);(UB-6702);Model organism or animal;;;;;;
SRR7408248;SRP151062;Ursus arctos paleogenomic sequencing;SRX4279824;Clare11_HiSeq2500;Clare11_HiSeq2500;9644;Ursus arctos;PH127_B;WGS;GENOMIC;RANDOM;PAIRED;SRS3444846;;SAMN04884482;PRJNA319270;Illumina HiSeq 2500;Illumina HiSeq 2500;ILLUMINA;44257672;2993859927;44257672;4514282544;PH127_R1.fq.gz;SRR7408248.sralite;1222267797;24/06/2020 03:21;15b463c9a36fb4522f798b34ac4dadff;1;SRA Lite;Primary ETL;1;s3://sra-pub-zq-5/SRR7408248/SRR7408248.sralite.1;s3.us-east-1;aws identity;https://sra-downloadb.be-md.ncbi.nlm.nih.gov/sos5/sra-pub-zq-14/SRR007/408/SRR7408248.sralite.1;https://sra-downloadb.be-md.ncbi.nlm.nih.gov/sos5/sra-pub-zq-14/SRR007/408/SRR7408248.sralite.1;worldwide;anonymous;gs://sra-pub-zq-106/SRR7408248/SRR7408248.zq.1;gs.us-east1;gcp identity;;;;;;;;Europe;Ireland;;Ursus arctos;;http://ftp.sra.ebi.ac.uk/vol1/fastq/SRR740/008/SRR7408248/SRR7408248_1.fastq.gz;http://ftp.sra.ebi.ac.uk/vol1/fastq/SRR740/008/SRR7408248/SRR7408248_2.fastq.gz;;era-fasp@fasp.sra.ebi.ac.uk:vol1/fastq/SRR740/008/SRR7408248/SRR7408248_1.fastq.gz;era-fasp@fasp.sra.ebi.ac.uk:vol1/fastq/SRR740/008/SRR7408248/SRR7408248_2.fastq.gz;Ireland (extinct);adult;not determined;Bone;NMING (National Museum of Ireland);(UB-6702);Model organism or animal;;;;;;
SRR7408249;SRP151062;Ursus arctos paleogenomic sequencing;SRX4279823;Clare11_MiSeq;Clare11_MiSeq;9644;Ursus arctos;PH127_A;WGS;GENOMIC;RANDOM;PAIRED;SRS3444846;;SAMN04884482;PRJNA319270;Illumina MiSeq;Illumina MiSeq;ILLUMINA;2438284;189592456;2438284;370619168;PH127_S1_L001_R2_001.fastq.gz;PH127_S1_L001_R1_001.fastq.gz;150404031;23/02/2020 10:54;b83e707e667fffcc9f4a0df7fff06931;1;fastq;Original;0;s3://sra-pub-src-7/SRR7408249/PH127_S1_L001_R1_001.fastq.gz;-;Use Cloud Data Delivery;https://sra-pub-run-odp.s3.amazonaws.com/sra/SRR7408249/SRR7408249;https://sra-downloadb.be-md.ncbi.nlm.nih.gov/sos5/sra-pub-zq-14/SRR007/408/SRR7408249.sralite.1;worldwide;anonymous;gs://sra-pub-zq-107/SRR7408249/SRR7408249.zq.1;gs.us-east1;gcp identity;;;;;;;;Europe;Ireland;;Ursus arctos;;http://ftp.sra.ebi.ac.uk/vol1/fastq/SRR740/009/SRR7408249/SRR7408249_1.fastq.gz;http://ftp.sra.ebi.ac.uk/vol1/fastq/SRR740/009/SRR7408249/SRR7408249_2.fastq.gz;;era-fasp@fasp.sra.ebi.ac.uk:vol1/fastq/SRR740/009/SRR7408249/SRR7408249_1.fastq.gz;era-fasp@fasp.sra.ebi.ac.uk:vol1/fastq/SRR740/009/SRR7408249/SRR7408249_2.fastq.gz;Ireland (extinct);adult;not determined;Bone;NMING (National Museum of Ireland);(UB-6702);Model organism or animal;;;;;;
SRR7408250;SRP151062;Ursus arctos paleogenomic sequencing;SRX4279822;Clare12_HiSeq2500;Clare12_HiSeq2500;9644;Ursus arctos;PH131_B;WGS;GENOMIC;RANDOM;PAIRED;SRS3444844;;SAMN04884480;PRJNA319270;Illumina HiSeq 2500;Illumina HiSeq 2500;ILLUMINA;38444769;2609220588;38444769;3921366438;PH131_R1.fq.gz;SRR7408250.sralite;1063314322;14/06/2020 15:17;61fc643ad545abf11cd12f4fa41fec74;1;SRA Lite;Primary ETL;1;s3://sra-pub-zq-8/SRR7408250/SRR7408250.sralite.1;s3.us-east-1;aws identity;https://sra-downloadb.be-md.ncbi.nlm.nih.gov/sos9/sra-pub-zq-922/SRR007/408/SRR7408250.sralite.1;https://sra-downloadb.be-md.ncbi.nlm.nih.gov/sos9/sra-pub-zq-922/SRR007/408/SRR7408250.sralite.1;worldwide;anonymous;gs://sra-pub-zq-107/SRR7408250/SRR7408250.zq.1;gs.us-east1;gcp identity;;;;;;;;Europe;Ireland;;Ursus arctos;;http://ftp.sra.ebi.ac.uk/vol1/fastq/SRR740/000/SRR7408250/SRR7408250_1.fastq.gz;http://ftp.sra.ebi.ac.uk/vol1/fastq/SRR740/000/SRR7408250/SRR7408250_2.fastq.gz;;era-fasp@fasp.sra.ebi.ac.uk:vol1/fastq/SRR740/000/SRR7408250/SRR7408250_1.fastq.gz;era-fasp@fasp.sra.ebi.ac.uk:vol1/fastq/SRR740/000/SRR7408250/SRR7408250_2.fastq.gz;Ireland (extinct);adult;not determined;Bone;NMING (National Museum of Ireland);(UB-6700);Model organism or animal;;;;;;
SRR7408251;SRP151062;Ursus arctos paleogenomic sequencing;SRX4279821;Clare12_MiSeq;Clare12_MiSeq;9644;Ursus arctos;PH131_A;WGS;GENOMIC;RANDOM;PAIRED;SRS3444844;;SAMN04884480;PRJNA319270;Illumina MiSeq;Illumina MiSeq;ILLUMINA;1810003;141618221;1810003;275120456;PH131_S5_L001_R1_001.fastq.gz;PH131_S5_L001_R1_001.fastq.gz;111706997;23/02/2020 06:49;3e506801b5110c1ea70f0647040116da;1;fastq;Original;0;s3://sra-pub-src-7/SRR7408251/PH131_S5_L001_R1_001.fastq.gz;-;Use Cloud Data Delivery;https://sra-downloadb.be-md.ncbi.nlm.nih.gov/sos5/sra-pub-zq-14/SRR007/408/SRR7408251.sralite.1;https://sra-downloadb.be-md.ncbi.nlm.nih.gov/sos5/sra-pub-zq-14/SRR007/408/SRR7408251.sralite.1;worldwide;anonymous;gs://sra-pub-zq-107/SRR7408251/SRR7408251.zq.1;gs.us-east1;gcp identity;;;;;;;;Europe;Ireland;;Ursus arctos;;http://ftp.sra.ebi.ac.uk/vol1/fastq/SRR740/001/SRR7408251/SRR7408251_1.fastq.gz;http://ftp.sra.ebi.ac.uk/vol1/fastq/SRR740/001/SRR7408251/SRR7408251_2.fastq.gz;;era-fasp@fasp.sra.ebi.ac.uk:vol1/fastq/SRR740/001/SRR7408251/SRR7408251_1.fastq.gz;era-fasp@fasp.sra.ebi.ac.uk:vol1/fastq/SRR740/001/SRR7408251/SRR7408251_2.fastq.gz;Ireland (extinct);adult;not determined;Bone;NMING (National Museum of Ireland);(UB-6700);Model organism or animal;;;;;;
SRR7408252;SRP151062;Ursus arctos paleogenomic sequencing;SRX4279820;IrelandF21455_MiSeq;IrelandF21455_MiSeq;9644;Ursus arctos;PH141_A;WGS;GENOMIC;RANDOM;PAIRED;SRS3444845;;SAMN04884475;PRJNA319270;Illumina MiSeq;Illumina MiSeq;ILLUMINA;2228004;175034757;2228004;338656608;PH141-SPI03_S18_L001_R1_001.fastq.gz;SRR7408252.sralite;84807079;24/06/2020 03:02;0142d7317788cf973bc0e289aeb72797;1;SRA Lite;Primary ETL;1;s3://sra-pub-zq-5/SRR7408252/SRR7408252.sralite.1;s3.us-east-1;aws identity;https://sra-downloadb.be-md.ncbi.nlm.nih.gov/sos5/sra-pub-zq-14/SRR007/408/SRR7408252.sralite.1;https://sra-downloadb.be-md.ncbi.nlm.nih.gov/sos5/sra-pub-zq-14/SRR007/408/SRR7408252.sralite.1;worldwide;anonymous;gs://sra-pub-zq-106/SRR7408252/SRR7408252.zq.1;gs.us-east1;gcp identity;;;;;;;;Europe;Ireland;;Ursus arctos;;http://ftp.sra.ebi.ac.uk/vol1/fastq/SRR740/002/SRR7408252/SRR7408252_1.fastq.gz;http://ftp.sra.ebi.ac.uk/vol1/fastq/SRR740/002/SRR7408252/SRR7408252_2.fastq.gz;;era-fasp@fasp.sra.ebi.ac.uk:vol1/fastq/SRR740/002/SRR7408252/SRR7408252_1.fastq.gz;era-fasp@fasp.sra.ebi.ac.uk:vol1/fastq/SRR740/002/SRR7408252/SRR7408252_2.fastq.gz;Ireland (extinct);adult;not determined;Bone;NMING (National Museum of Ireland);(UB-6705);Model organism or animal;;;;;;
SRR7408254;SRP151062;Ursus arctos paleogenomic sequencing;SRX4279818;Sligo14_MiSeq2;Sligo14_MiSeq2;9644;Ursus arctos;JK392_B;WGS;GENOMIC;RANDOM;PAIRED;SRS3444843;;SAMN04884471;PRJNA319270;Illumina MiSeq;Illumina MiSeq;ILLUMINA;582394;42321670;582394;88523888;JK392_S22_L001_R2_001.fastq.gz;SRR7408254.sralite;22232194;22/06/2020 13:35;d4c09298fcac32568c26d2c4aec9defd;1;SRA Lite;Primary ETL;1;s3://sra-pub-zq-8/SRR7408254/SRR7408254.sralite.1;s3.us-east-1;aws identity;https://sra-downloadb.be-md.ncbi.nlm.nih.gov/sos9/sra-pub-zq-922/SRR007/408/SRR7408254.sralite.1;https://sra-downloadb.be-md.ncbi.nlm.nih.gov/sos9/sra-pub-zq-922/SRR007/408/SRR7408254.sralite.1;worldwide;anonymous;gs://sra-pub-zq-107/SRR7408254/SRR7408254.zq.1;gs.us-east1;gcp identity;;;;;;;;Europe;Ireland;;Ursus arctos;;http://ftp.sra.ebi.ac.uk/vol1/fastq/SRR740/004/SRR7408254/SRR7408254_1.fastq.gz;http://ftp.sra.ebi.ac.uk/vol1/fastq/SRR740/004/SRR7408254/SRR7408254_2.fastq.gz;;era-fasp@fasp.sra.ebi.ac.uk:vol1/fastq/SRR740/004/SRR7408254/SRR7408254_1.fastq.gz;era-fasp@fasp.sra.ebi.ac.uk:vol1/fastq/SRR740/004/SRR7408254/SRR7408254_2.fastq.gz;Ireland (extinct);adult;not determined;Bone;NMING (National Museum of Ireland);(OxA-3706);Model organism or animal;;;;;;
SRR7408255;SRP151062;Ursus arctos paleogenomic sequencing;SRX4279817;Sligo13_MiSeq;Sligo13_MiSeq;9644;Ursus arctos;PH140_A;WGS;GENOMIC;RANDOM;PAIRED;SRS3444842;;SAMN04884478;PRJNA319270;Illumina MiSeq;Illumina MiSeq;ILLUMINA;1976893;155343797;1976893;300487736;PH140-SPI02_S17_L001_R1_001.fastq.gz;PH140-SPI02_S17_L001_R2_001.fastq.gz;107604445;23/02/2020 12:15;79fab46bb9359669a4d5bb3a70cbd56e;1;fastq;Original;0;s3://sra-pub-src-7/SRR7408255/PH140-SPI02_S17_L001_R2_001.fastq.gz;-;Use Cloud Data Delivery;https://sra-downloadb.be-md.ncbi.nlm.nih.gov/sos5/sra-pub-zq-14/SRR007/408/SRR7408255.sralite.1;https://sra-downloadb.be-md.ncbi.nlm.nih.gov/sos5/sra-pub-zq-14/SRR007/408/SRR7408255.sralite.1;worldwide;anonymous;gs://sra-pub-zq-107/SRR7408255/SRR7408255.zq.1;gs.us-east1;gcp identity;;;;;;;;Europe;Ireland;;Ursus arctos;;http://ftp.sra.ebi.ac.uk/vol1/fastq/SRR740/005/SRR7408255/SRR7408255_1.fastq.gz;http://ftp.sra.ebi.ac.uk/vol1/fastq/SRR740/005/SRR7408255/SRR7408255_2.fastq.gz;;era-fasp@fasp.sra.ebi.ac.uk:vol1/fastq/SRR740/005/SRR7408255/SRR7408255_1.fastq.gz;era-fasp@fasp.sra.ebi.ac.uk:vol1/fastq/SRR740/005/SRR7408255/SRR7408255_2.fastq.gz;Ireland (extinct);adult;not determined;Bone;NMING (National Museum of Ireland);(UB-6698);Model organism or animal;;;;;;
SRR7408256;SRP151062;Ursus arctos paleogenomic sequencing;SRX4279816;Sligo13_HiSeq2500;Sligo13_HiSeq2500;9644;Ursus arctos;PH140_B;WGS;GENOMIC;RANDOM;PAIRED;SRS3444842;;SAMN04884478;PRJNA319270;Illumina HiSeq 2500;Illumina HiSeq 2500;ILLUMINA;53287856;3621446300;53287856;5435361312;PH140_R2.fq.gz;PH140_R1.fq.gz;2408572888;23/02/2020 06:41;9e3aae14f6a5ac1af5447373dcf3ad9c;1;fastq;Original;0;s3://sra-pub-src-7/SRR7408256/PH140_R1.fq.gz;-;Use Cloud Data Delivery;https://sra-pub-run-odp.s3.amazonaws.com/sra/SRR7408256/SRR7408256;https://sra-downloadb.be-md.ncbi.nlm.nih.gov/sos5/sra-pub-zq-14/SRR007/408/SRR7408256.sralite.1;worldwide;anonymous;gs://sra-pub-zq-107/SRR7408256/SRR7408256.zq.1;gs.us-east1;gcp identity;;;;;;;;Europe;Ireland;;Ursus arctos;;http://ftp.sra.ebi.ac.uk/vol1/fastq/SRR740/006/SRR7408256/SRR7408256_1.fastq.gz;http://ftp.sra.ebi.ac.uk/vol1/fastq/SRR740/006/SRR7408256/SRR7408256_2.fastq.gz;;era-fasp@fasp.sra.ebi.ac.uk:vol1/fastq/SRR740/006/SRR7408256/SRR7408256_1.fastq.gz;era-fasp@fasp.sra.ebi.ac.uk:vol1/fastq/SRR740/006/SRR7408256/SRR7408256_2.fastq.gz;Ireland (extinct);adult;not determined;Bone;NMING (National Museum of Ireland);(UB-6698);Model organism or animal;;;;;;
SRR7408258;SRP151062;Ursus arctos paleogenomic sequencing;SRX4279814;Clare12_MiSeq2;Clare12_MiSeq2;9644;Ursus arctos;JK398_B;WGS;GENOMIC;RANDOM;PAIRED;SRS3444844;;SAMN04884480;PRJNA319270;Illumina MiSeq;Illumina MiSeq;ILLUMINA;749998;53252744;749998;113999696;JK398_S28_L001_R1_001.fastq.gz;SRR7408258.sralite;28605950;22/06/2020 13:35;5fe1aa27c8be84759d25b2eaf5e8f297;1;SRA Lite;Primary ETL;1;s3://sra-pub-zq-5/SRR7408258/SRR7408258.sralite.1;s3.us-east-1;aws identity;https://sra-downloadb.be-md.ncbi.nlm.nih.gov/sos5/sra-pub-zq-14/SRR007/408/SRR7408258.sralite.1;https://sra-downloadb.be-md.ncbi.nlm.nih.gov/sos5/sra-pub-zq-14/SRR007/408/SRR7408258.sralite.1;worldwide;anonymous;gs://sra-pub-zq-105/SRR7408258/SRR7408258.zq.1;gs.us-east1;gcp identity;;;;;;;;Europe;Ireland;;Ursus arctos;;http://ftp.sra.ebi.ac.uk/vol1/fastq/SRR740/008/SRR7408258/SRR7408258_1.fastq.gz;http://ftp.sra.ebi.ac.uk/vol1/fastq/SRR740/008/SRR7408258/SRR7408258_2.fastq.gz;;era-fasp@fasp.sra.ebi.ac.uk:vol1/fastq/SRR740/008/SRR7408258/SRR7408258_1.fastq.gz;era-fasp@fasp.sra.ebi.ac.uk:vol1/fastq/SRR740/008/SRR7408258/SRR7408258_2.fastq.gz;Ireland (extinct);adult;not determined;Bone;NMING (National Museum of Ireland);(UB-6700);Model organism or animal;;;;;;
SRR7408259;SRP151062;Ursus arctos paleogenomic sequencing;SRX4279813;Sligo14_MiSeq;Sligo14_MiSeq;9644;Ursus arctos;PH136_A;WGS;GENOMIC;RANDOM;PAIRED;SRS3444843;;SAMN04884471;PRJNA319270;Illumina MiSeq;Illumina MiSeq;ILLUMINA;1767910;139580371;1767910;268722320;PH136_S13_L001_R1_001.fastq.gz;SRR7408259.sralite;67307370;24/06/2020 03:02;ea7bcdaa980b7c9847a140652501cd0f;1;SRA Lite;Primary ETL;1;s3://sra-pub-zq-5/SRR7408259/SRR7408259.sralite.1;s3.us-east-1;aws identity;https://sra-downloadb.be-md.ncbi.nlm.nih.gov/sos5/sra-pub-zq-14/SRR007/408/SRR7408259.sralite.1;https://sra-downloadb.be-md.ncbi.nlm.nih.gov/sos5/sra-pub-zq-14/SRR007/408/SRR7408259.sralite.1;worldwide;anonymous;gs://sra-pub-zq-105/SRR7408259/SRR7408259.zq.1;gs.us-east1;gcp identity;;;;;;;;Europe;Ireland;;Ursus arctos;;http://ftp.sra.ebi.ac.uk/vol1/fastq/SRR740/009/SRR7408259/SRR7408259_1.fastq.gz;http://ftp.sra.ebi.ac.uk/vol1/fastq/SRR740/009/SRR7408259/SRR7408259_2.fastq.gz;;era-fasp@fasp.sra.ebi.ac.uk:vol1/fastq/SRR740/009/SRR7408259/SRR7408259_1.fastq.gz;era-fasp@fasp.sra.ebi.ac.uk:vol1/fastq/SRR740/009/SRR7408259/SRR7408259_2.fastq.gz;Ireland (extinct);adult;not determined;Bone;NMING (National Museum of Ireland);(OxA-3706);Model organism or animal;;;;;;
SRR7408260;SRP151062;Ursus arctos paleogenomic sequencing;SRX4279812;Sligo14_HiSeq2500;Sligo14_HiSeq2500;9644;Ursus arctos;PH136_B;WGS;GENOMIC;RANDOM;PAIRED;SRS3444843;;SAMN04884471;PRJNA319270;Illumina HiSeq 2500;Illumina HiSeq 2500;ILLUMINA;34557970;2350619199;34557970;3524912940;PH136_R2.fq.gz;SRR7408260;2350620952;21/06/2018 19:49;f04d548a9310e524359aa550186cdef3;1;SRA Normalized;Primary ETL;1;https://sra-pub-run-odp.s3.amazonaws.com/sra/SRR7408260/SRR7408260;worldwide;anonymous;https://sra-pub-run-odp.s3.amazonaws.com/sra/SRR7408260/SRR7408260;https://sra-downloadb.be-md.ncbi.nlm.nih.gov/sos5/sra-pub-zq-16/SRR007/408/SRR7408260.sralite.1;worldwide;anonymous;gs://sra-pub-zq-105/SRR7408260/SRR7408260.zq.1;gs.us-east1;gcp identity;;;;;;;;Europe;Ireland;;Ursus arctos;;http://ftp.sra.ebi.ac.uk/vol1/fastq/SRR740/000/SRR7408260/SRR7408260_1.fastq.gz;http://ftp.sra.ebi.ac.uk/vol1/fastq/SRR740/000/SRR7408260/SRR7408260_2.fastq.gz;;era-fasp@fasp.sra.ebi.ac.uk:vol1/fastq/SRR740/000/SRR7408260/SRR7408260_1.fastq.gz;era-fasp@fasp.sra.ebi.ac.uk:vol1/fastq/SRR740/000/SRR7408260/SRR7408260_2.fastq.gz;Ireland (extinct);adult;not determined;Bone;NMING (National Museum of Ireland);(OxA-3706);Model organism or animal;;;;;;
SRR7408262;SRP151062;Ursus arctos paleogenomic sequencing;SRX4279810;Sligo13_MiSeq2;Sligo13_MiSeq2;9644;Ursus arctos;JK399_B;WGS;GENOMIC;RANDOM;PAIRED;SRS3444842;;SAMN04884478;PRJNA319270;Illumina MiSeq;Illumina MiSeq;ILLUMINA;387589;28986974;387589;58913528;JK399_S29_L001_R1_001.fastq.gz;SRR7408262.sralite;14822468;22/06/2020 13:35;ed0b15dfe6b8531605dcca1f07d87446;1;SRA Lite;Primary ETL;1;s3://sra-pub-zq-5/SRR7408262/SRR7408262.sralite.1;s3.us-east-1;aws identity;https://sra-downloadb.be-md.ncbi.nlm.nih.gov/sos5/sra-pub-zq-14/SRR007/408/SRR7408262.sralite.1;https://sra-downloadb.be-md.ncbi.nlm.nih.gov/sos5/sra-pub-zq-14/SRR007/408/SRR7408262.sralite.1;worldwide;anonymous;gs://sra-pub-zq-105/SRR7408262/SRR7408262.zq.1;gs.us-east1;gcp identity;;;;;;;;Europe;Ireland;;Ursus arctos;;http://ftp.sra.ebi.ac.uk/vol1/fastq/SRR740/002/SRR7408262/SRR7408262_1.fastq.gz;http://ftp.sra.ebi.ac.uk/vol1/fastq/SRR740/002/SRR7408262/SRR7408262_2.fastq.gz;;era-fasp@fasp.sra.ebi.ac.uk:vol1/fastq/SRR740/002/SRR7408262/SRR7408262_1.fastq.gz;era-fasp@fasp.sra.ebi.ac.uk:vol1/fastq/SRR740/002/SRR7408262/SRR7408262_2.fastq.gz;Ireland (extinct);adult;not determined;Bone;NMING (National Museum of Ireland);(UB-6698);Model organism or animal;;;;;;
SRR7408263;SRP151062;Ursus arctos paleogenomic sequencing;SRX4279809;IrelandF21160_MiSeq;IrelandF21160_MiSeq;9644;Ursus arctos;PH130_A;WGS;GENOMIC;RANDOM;PAIRED;SRS3444841;;SAMN04884472;PRJNA319270;Illumina MiSeq;Illumina MiSeq;ILLUMINA;1487694;116709894;1487694;226129488;PH130_S4_L001_R1_001.fastq.gz;SRR7408263.sralite;56669590;24/06/2020 03:02;dd543270574e3801fb0c6678289407ab;1;SRA Lite;Primary ETL;1;s3://sra-pub-zq-8/SRR7408263/SRR7408263.sralite.1;s3.us-east-1;aws identity;https://sra-downloadb.be-md.ncbi.nlm.nih.gov/sos5/sra-pub-zq-14/SRR007/408/SRR7408263.sralite.1;https://sra-downloadb.be-md.ncbi.nlm.nih.gov/sos5/sra-pub-zq-14/SRR007/408/SRR7408263.sralite.1;worldwide;anonymous;gs://sra-pub-zq-107/SRR7408263/SRR7408263.zq.1;gs.us-east1;gcp identity;;;;;;;;Europe;Ireland;;Ursus arctos;;http://ftp.sra.ebi.ac.uk/vol1/fastq/SRR740/003/SRR7408263/SRR7408263_1.fastq.gz;http://ftp.sra.ebi.ac.uk/vol1/fastq/SRR740/003/SRR7408263/SRR7408263_2.fastq.gz;;era-fasp@fasp.sra.ebi.ac.uk:vol1/fastq/SRR740/003/SRR7408263/SRR7408263_1.fastq.gz;era-fasp@fasp.sra.ebi.ac.uk:vol1/fastq/SRR740/003/SRR7408263/SRR7408263_2.fastq.gz;Ireland (extinct);adult;not determined;Bone;NMING (National Museum of Ireland);(OxA-4245);Model organism or animal;;;;;;
SRR7408264;SRP151062;Ursus arctos paleogenomic sequencing;SRX4279808;IrelandF21168_MiSeq;IrelandF21168_MiSeq;9644;Ursus arctos;PH128_A;WGS;GENOMIC;RANDOM;PAIRED;SRS3444840;;SAMN04884473;PRJNA319270;Illumina MiSeq;Illumina MiSeq;ILLUMINA;2047605;157417894;2047605;311235960;PH128_S2_L001_R2_001.fastq.gz;SRR7408264;157419121;21/06/2018 19:28;a48b8dabf9b77f3f940c724902d83541;1;SRA Normalized;Primary ETL;1;https://sra-pub-run-odp.s3.amazonaws.com/sra/SRR7408264/SRR7408264;worldwide;anonymous;https://sra-pub-run-odp.s3.amazonaws.com/sra/SRR7408264/SRR7408264;https://sra-downloadb.be-md.ncbi.nlm.nih.gov/sos5/sra-pub-zq-14/SRR007/408/SRR7408264.sralite.1;worldwide;anonymous;gs://sra-pub-zq-105/SRR7408264/SRR7408264.zq.1;gs.us-east1;gcp identity;;;;;;;;Europe;Ireland;;Ursus arctos;;http://ftp.sra.ebi.ac.uk/vol1/fastq/SRR740/004/SRR7408264/SRR7408264_1.fastq.gz;http://ftp.sra.ebi.ac.uk/vol1/fastq/SRR740/004/SRR7408264/SRR7408264_2.fastq.gz;;era-fasp@fasp.sra.ebi.ac.uk:vol1/fastq/SRR740/004/SRR7408264/SRR7408264_1.fastq.gz;era-fasp@fasp.sra.ebi.ac.uk:vol1/fastq/SRR740/004/SRR7408264/SRR7408264_2.fastq.gz;Ireland (extinct);adult;not determined;Bone;NMING (National Museum of Ireland);(OxA-4252);Model organism or animal;;;;;;
SRR7408265;SRP151062;Ursus arctos paleogenomic sequencing;SRX4279807;Quebec_MiSeq2;Quebec_MiSeq2;9644;Ursus arctos;TF106_C;WGS;GENOMIC;RANDOM;PAIRED;SRS3444832;;SAMN04884484;PRJNA319270;Illumina MiSeq;Illumina MiSeq;ILLUMINA;18536287;1254287687;18536287;2817515624;TF106_S8_L001_R1_001.fastq.gz;TF106_S8_L001_R2_001.fastq.gz;1078108530;23/02/2020 06:47;a872e1973ea3728f8f6e962b60807d44;1;fastq;Original;0;s3://sra-pub-src-7/SRR7408265/TF106_S8_L001_R2_001.fastq.gz;-;Use Cloud Data Delivery;https://sra-pub-run-odp.s3.amazonaws.com/sra/SRR7408265/SRR7408265;https://sra-downloadb.be-md.ncbi.nlm.nih.gov/sos5/sra-pub-zq-14/SRR007/408/SRR7408265.sralite.1;worldwide;anonymous;gs://sra-pub-zq-106/SRR7408265/SRR7408265.zq.1;gs.us-east1;gcp identity;;;;;;;;Amerique;Quebec;;Ursus arctos;;http://ftp.sra.ebi.ac.uk/vol1/fastq/SRR740/005/SRR7408265/SRR7408265_1.fastq.gz;http://ftp.sra.ebi.ac.uk/vol1/fastq/SRR740/005/SRR7408265/SRR7408265_2.fastq.gz;;era-fasp@fasp.sra.ebi.ac.uk:vol1/fastq/SRR740/005/SRR7408265/SRR7408265_1.fastq.gz;era-fasp@fasp.sra.ebi.ac.uk:vol1/fastq/SRR740/005/SRR7408265/SRR7408265_2.fastq.gz;Eastern North America (extinct);adult;not determined;Bone;NMING (National Museum of Ireland);9880+-35 uncal BP;Model organism or animal;;;;;;
SRR7408266;SRP151062;Ursus arctos paleogenomic sequencing;SRX4279806;Kunashir1_MiSeq;Kunashir1_MiSeq;9644;Ursus arctos;JK021_A;WGS;GENOMIC;RANDOM;PAIRED;SRS3444839;;SAMN04884485;PRJNA319270;Illumina MiSeq;Illumina MiSeq;ILLUMINA;746508;42559443;746508;113469216;JK021_S2_L001_R2_001.fastq.gz;SRR7408266.sralite;28470714;24/06/2020 03:02;a56b36137bf000c8e9e0acefd1d0e6fd;1;SRA Lite;Primary ETL;1;s3://sra-pub-zq-5/SRR7408266/SRR7408266.sralite.1;s3.us-east-1;aws identity;https://sra-downloadb.be-md.ncbi.nlm.nih.gov/sos5/sra-pub-zq-14/SRR007/408/SRR7408266.sralite.1;https://sra-downloadb.be-md.ncbi.nlm.nih.gov/sos5/sra-pub-zq-14/SRR007/408/SRR7408266.sralite.1;worldwide;anonymous;gs://sra-pub-zq-105/SRR7408266/SRR7408266.zq.1;gs.us-east1;gcp identity;;;;;;;;Asie;Kunashir;;Ursus arctos;;http://ftp.sra.ebi.ac.uk/vol1/fastq/SRR740/006/SRR7408266/SRR7408266_1.fastq.gz;http://ftp.sra.ebi.ac.uk/vol1/fastq/SRR740/006/SRR7408266/SRR7408266_2.fastq.gz;;era-fasp@fasp.sra.ebi.ac.uk:vol1/fastq/SRR740/006/SRR7408266/SRR7408266_1.fastq.gz;era-fasp@fasp.sra.ebi.ac.uk:vol1/fastq/SRR740/006/SRR7408266/SRR7408266_2.fastq.gz;Kuril Islands;adult;not determined;Skin;;May, 2012;Model organism or animal;;;;;;
SRR7408267;SRP151062;Ursus arctos paleogenomic sequencing;SRX4279805;Kunashir1_MiSeq2;Kunashir1_MiSeq2;9644;Ursus arctos;JK022_A;WGS;GENOMIC;RANDOM;PAIRED;SRS3444839;;SAMN04884485;PRJNA319270;Illumina MiSeq;Illumina MiSeq;ILLUMINA;2180155;133395654;2180155;331383560;JK022_R1.fq.gz;SRR7408267.sralite;82993144;24/06/2020 03:02;1fbfba99edafb6a62534d1571265b0a8;1;SRA Lite;Primary ETL;1;s3://sra-pub-zq-5/SRR7408267/SRR7408267.sralite.1;s3.us-east-1;aws identity;https://sra-downloadb.be-md.ncbi.nlm.nih.gov/sos5/sra-pub-zq-14/SRR007/408/SRR7408267.sralite.1;https://sra-downloadb.be-md.ncbi.nlm.nih.gov/sos5/sra-pub-zq-14/SRR007/408/SRR7408267.sralite.1;worldwide;anonymous;gs://sra-pub-zq-106/SRR7408267/SRR7408267.zq.1;gs.us-east1;gcp identity;;;;;;;;Asie;Kunashir;;Ursus arctos;;http://ftp.sra.ebi.ac.uk/vol1/fastq/SRR740/007/SRR7408267/SRR7408267_1.fastq.gz;http://ftp.sra.ebi.ac.uk/vol1/fastq/SRR740/007/SRR7408267/SRR7408267_2.fastq.gz;;era-fasp@fasp.sra.ebi.ac.uk:vol1/fastq/SRR740/007/SRR7408267/SRR7408267_1.fastq.gz;era-fasp@fasp.sra.ebi.ac.uk:vol1/fastq/SRR740/007/SRR7408267/SRR7408267_2.fastq.gz;Kuril Islands;adult;not determined;Skin;;May, 2012;Model organism or animal;;;;;;
SRR7408268;SRP151062;Ursus arctos paleogenomic sequencing;SRX4279804;Kunashir1_MiSeq3;Kunashir1_MiSeq3;9644;Ursus arctos;JK022_B;WGS;GENOMIC;RANDOM;PAIRED;SRS3444839;;SAMN04884485;PRJNA319270;Illumina MiSeq;Illumina MiSeq;ILLUMINA;750716;42681980;750716;114108832;JK022_S3_R2.fq.gz;SRR7408268.sralite;28630970;24/06/2020 03:02;8ca58d8b4c357114d7d393ff61aabad3;1;SRA Lite;Primary ETL;1;s3://sra-pub-zq-5/SRR7408268/SRR7408268.sralite.1;s3.us-east-1;aws identity;https://sra-downloadb.be-md.ncbi.nlm.nih.gov/sos5/sra-pub-zq-14/SRR007/408/SRR7408268.sralite.1;https://sra-downloadb.be-md.ncbi.nlm.nih.gov/sos5/sra-pub-zq-14/SRR007/408/SRR7408268.sralite.1;worldwide;anonymous;gs://sra-pub-zq-105/SRR7408268/SRR7408268.zq.1;gs.us-east1;gcp identity;;;;;;;;Asie;Kunashir;;Ursus arctos;;http://ftp.sra.ebi.ac.uk/vol1/fastq/SRR740/008/SRR7408268/SRR7408268_1.fastq.gz;http://ftp.sra.ebi.ac.uk/vol1/fastq/SRR740/008/SRR7408268/SRR7408268_2.fastq.gz;;era-fasp@fasp.sra.ebi.ac.uk:vol1/fastq/SRR740/008/SRR7408268/SRR7408268_1.fastq.gz;era-fasp@fasp.sra.ebi.ac.uk:vol1/fastq/SRR740/008/SRR7408268/SRR7408268_2.fastq.gz;Kuril Islands;adult;not determined;Skin;;May, 2012;Model organism or animal;;;;;;
SRR7408269;SRP151062;Ursus arctos paleogenomic sequencing;SRX4279803;Kunashir2_MiSeq;Kunashir2_MiSeq;9644;Ursus arctos;JK328_A;WGS;GENOMIC;RANDOM;PAIRED;SRS3444838;;SAMN04884486;PRJNA319270;Illumina MiSeq;Illumina MiSeq;ILLUMINA;4869979;290335186;4869979;740236808;JK328_S20_L001_R2_001.fastq.gz;SRR7408269.sralite;185302325;14/06/2020 15:05;f71e061ea6276c27920ef22a4fe23cf6;1;SRA Lite;Primary ETL;1;s3://sra-pub-zq-8/SRR7408269/SRR7408269.sralite.1;s3.us-east-1;aws identity;https://sra-downloadb.be-md.ncbi.nlm.nih.gov/sos9/sra-pub-zq-922/SRR007/408/SRR7408269.sralite.1;https://sra-downloadb.be-md.ncbi.nlm.nih.gov/sos9/sra-pub-zq-922/SRR007/408/SRR7408269.sralite.1;worldwide;anonymous;gs://sra-pub-zq-107/SRR7408269/SRR7408269.zq.1;gs.us-east1;gcp identity;;;;;;;;Asie;Kunashir;;Ursus arctos;;http://ftp.sra.ebi.ac.uk/vol1/fastq/SRR740/009/SRR7408269/SRR7408269_1.fastq.gz;http://ftp.sra.ebi.ac.uk/vol1/fastq/SRR740/009/SRR7408269/SRR7408269_2.fastq.gz;;era-fasp@fasp.sra.ebi.ac.uk:vol1/fastq/SRR740/009/SRR7408269/SRR7408269_1.fastq.gz;era-fasp@fasp.sra.ebi.ac.uk:vol1/fastq/SRR740/009/SRR7408269/SRR7408269_2.fastq.gz;Kuril Islands;adult;not determined;Skin;;December, 1995;Model organism or animal;;;;;;
SRR7408271;SRP151062;Ursus arctos paleogenomic sequencing;SRX4279801;IrelandF16010_MiSeq;IrelandF16010_MiSeq;9644;Ursus arctos;PH138_A;WGS;GENOMIC;RANDOM;PAIRED;SRS3444837;;SAMN04884469;PRJNA319270;Illumina MiSeq;Illumina MiSeq;ILLUMINA;2125714;162430387;2125714;323108528;PH138_S15_L001_R1_001.fastq.gz;SRR7408271.sralite;80913612;20/06/2020 11:16;074b6d32205587699369e80b8327dbe5;1;SRA Lite;Primary ETL;1;s3://sra-pub-zq-4/SRR7408271/SRR7408271.sralite.1;s3.us-east-1;aws identity;https://sra-downloadb.be-md.ncbi.nlm.nih.gov/sos5/sra-pub-zq-16/SRR007/408/SRR7408271.sralite.1;https://sra-downloadb.be-md.ncbi.nlm.nih.gov/sos5/sra-pub-zq-16/SRR007/408/SRR7408271.sralite.1;worldwide;anonymous;gs://sra-pub-zq-106/SRR7408271/SRR7408271.zq.1;gs.us-east1;gcp identity;;;;;;;;Europe;Ireland;;Ursus arctos;;http://ftp.sra.ebi.ac.uk/vol1/fastq/SRR740/001/SRR7408271/SRR7408271_1.fastq.gz;http://ftp.sra.ebi.ac.uk/vol1/fastq/SRR740/001/SRR7408271/SRR7408271_2.fastq.gz;;era-fasp@fasp.sra.ebi.ac.uk:vol1/fastq/SRR740/001/SRR7408271/SRR7408271_1.fastq.gz;era-fasp@fasp.sra.ebi.ac.uk:vol1/fastq/SRR740/001/SRR7408271/SRR7408271_2.fastq.gz;Ireland (extinct);adult;not determined;Bone;NMING (National Museum of Ireland);(OxA-3714);Model organism or animal;;;;;;
SRR7408272;SRP151062;Ursus arctos paleogenomic sequencing;SRX4279800;IrelandF21104_MiSeq;IrelandF21104_MiSeq;9644;Ursus arctos;PH137_A;WGS;GENOMIC;RANDOM;PAIRED;SRS3444836;;SAMN04884470;PRJNA319270;Illumina MiSeq;Illumina MiSeq;ILLUMINA;1898452;147898677;1898452;288564704;PH137_S14_L001_R1_001.fastq.gz;SRR7408272.sralite;72271752;20/06/2020 11:16;4dfe4b1ffccdee02ef3490031796c177;1;SRA Lite;Primary ETL;1;s3://sra-pub-zq-4/SRR7408272/SRR7408272.sralite.1;s3.us-east-1;aws identity;https://sra-downloadb.be-md.ncbi.nlm.nih.gov/sos9/sra-pub-zq-922/SRR007/408/SRR7408272.sralite.1;https://sra-downloadb.be-md.ncbi.nlm.nih.gov/sos9/sra-pub-zq-922/SRR007/408/SRR7408272.sralite.1;worldwide;anonymous;gs://sra-pub-zq-105/SRR7408272/SRR7408272.zq.1;gs.us-east1;gcp identity;;;;;;;;Europe;Ireland;;Ursus arctos;;http://ftp.sra.ebi.ac.uk/vol1/fastq/SRR740/002/SRR7408272/SRR7408272_1.fastq.gz;http://ftp.sra.ebi.ac.uk/vol1/fastq/SRR740/002/SRR7408272/SRR7408272_2.fastq.gz;;era-fasp@fasp.sra.ebi.ac.uk:vol1/fastq/SRR740/002/SRR7408272/SRR7408272_1.fastq.gz;era-fasp@fasp.sra.ebi.ac.uk:vol1/fastq/SRR740/002/SRR7408272/SRR7408272_2.fastq.gz;Ireland (extinct);adult;not determined;Bone;NMING (National Museum of Ireland);(OxA-3704);Model organism or animal;;;;;;
SRR7408273;SRP151062;Ursus arctos paleogenomic sequencing;SRX4279799;Lietrim5_MiSeq2;Lietrim5_MiSeq2;9644;Ursus arctos;JK396_A;WGS;GENOMIC;RANDOM;PAIRED;SRS3444834;;SAMN04884476;PRJNA319270;Illumina MiSeq;Illumina MiSeq;ILLUMINA;589581;42355407;589581;89616312;JK396_S26_L001_R2_001.fastq.gz;JK396_S26_L001_R2_001.fastq.gz;34811636;23/02/2020 06:34;7840483d245ff8a51740d7a383646896;1;fastq;Original;0;s3://sra-pub-src-7/SRR7408273/JK396_S26_L001_R2_001.fastq.gz;-;Use Cloud Data Delivery;https://sra-downloadb.be-md.ncbi.nlm.nih.gov/sos5/sra-pub-zq-14/SRR007/408/SRR7408273.sralite.1;https://sra-downloadb.be-md.ncbi.nlm.nih.gov/sos5/sra-pub-zq-14/SRR007/408/SRR7408273.sralite.1;worldwide;anonymous;gs://sra-pub-zq-107/SRR7408273/SRR7408273.zq.1;gs.us-east1;gcp identity;;;;;;;;Europe;Ireland;;Ursus arctos;;http://ftp.sra.ebi.ac.uk/vol1/fastq/SRR740/003/SRR7408273/SRR7408273_1.fastq.gz;http://ftp.sra.ebi.ac.uk/vol1/fastq/SRR740/003/SRR7408273/SRR7408273_2.fastq.gz;;era-fasp@fasp.sra.ebi.ac.uk:vol1/fastq/SRR740/003/SRR7408273/SRR7408273_1.fastq.gz;era-fasp@fasp.sra.ebi.ac.uk:vol1/fastq/SRR740/003/SRR7408273/SRR7408273_2.fastq.gz;Ireland (extinct);adult;not determined;Bone;NMING (National Museum of Ireland);(UB-6697);Model organism or animal;;;;;;
SRR7408274;SRP151062;Ursus arctos paleogenomic sequencing;SRX4279798;Lietrim5_HiSeq2500;Lietrim5_HiSeq2500;9644;Ursus arctos;PH139_B;WGS;GENOMIC;RANDOM;PAIRED;SRS3444834;;SAMN04884476;PRJNA319270;Illumina HiSeq 2500;Illumina HiSeq 2500;ILLUMINA;44435015;3019950596;44435015;4532371530;PH139_R1.fq.gz;PH139_R1.fq.gz;2000454313;23/02/2020 06:56;62a3c454f39f7beb66f9da716b2563f6;1;fastq;Original;0;s3://sra-pub-src-7/SRR7408274/PH139_R1.fq.gz;-;Use Cloud Data Delivery;https://sra-pub-run-odp.s3.amazonaws.com/sra/SRR7408274/SRR7408274;https://sra-downloadb.be-md.ncbi.nlm.nih.gov/sos5/sra-pub-zq-14/SRR007/408/SRR7408274.sralite.1;worldwide;anonymous;gs://sra-pub-zq-107/SRR7408274/SRR7408274.zq.1;gs.us-east1;gcp identity;;;;;;;;Europe;Ireland;;Ursus arctos;;http://ftp.sra.ebi.ac.uk/vol1/fastq/SRR740/004/SRR7408274/SRR7408274_1.fastq.gz;http://ftp.sra.ebi.ac.uk/vol1/fastq/SRR740/004/SRR7408274/SRR7408274_2.fastq.gz;;era-fasp@fasp.sra.ebi.ac.uk:vol1/fastq/SRR740/004/SRR7408274/SRR7408274_1.fastq.gz;era-fasp@fasp.sra.ebi.ac.uk:vol1/fastq/SRR740/004/SRR7408274/SRR7408274_2.fastq.gz;Ireland (extinct);adult;not determined;Bone;NMING (National Museum of Ireland);(UB-6697);Model organism or animal;;;;;;
SRR7408275;SRP151062;Ursus arctos paleogenomic sequencing;SRX4279797;Lietrim4_HiSeq2500;Lietrim4_HiSeq2500;9644;Ursus arctos;PH134_B;WGS;GENOMIC;RANDOM;PAIRED;SRS3444835;;SAMN04884477;PRJNA319270;Illumina HiSeq 2500;Illumina HiSeq 2500;ILLUMINA;42287830;2851729275;42287830;4313358660;PH134_R2.fq.gz;SRR7408275.sralite;1168446984;22/06/2020 13:53;78c68bb259fd94cf9fc462f82823033e;1;SRA Lite;Primary ETL;1;s3://sra-pub-zq-8/SRR7408275/SRR7408275.sralite.1;s3.us-east-1;aws identity;https://sra-downloadb.be-md.ncbi.nlm.nih.gov/sos5/sra-pub-zq-14/SRR007/408/SRR7408275.sralite.1;https://sra-downloadb.be-md.ncbi.nlm.nih.gov/sos5/sra-pub-zq-14/SRR007/408/SRR7408275.sralite.1;worldwide;anonymous;gs://sra-pub-zq-107/SRR7408275/SRR7408275.zq.1;gs.us-east1;gcp identity;;;;;;;;Europe;Ireland;;Ursus arctos;;http://ftp.sra.ebi.ac.uk/vol1/fastq/SRR740/005/SRR7408275/SRR7408275_1.fastq.gz;http://ftp.sra.ebi.ac.uk/vol1/fastq/SRR740/005/SRR7408275/SRR7408275_2.fastq.gz;;era-fasp@fasp.sra.ebi.ac.uk:vol1/fastq/SRR740/005/SRR7408275/SRR7408275_1.fastq.gz;era-fasp@fasp.sra.ebi.ac.uk:vol1/fastq/SRR740/005/SRR7408275/SRR7408275_2.fastq.gz;Ireland (extinct);adult;not determined;Bone;NMING (National Museum of Ireland);(OxA-15479);Model organism or animal;;;;;;
SRR7408276;SRP151062;Ursus arctos paleogenomic sequencing;SRX4279796;Sligo5_MiSeq;Sligo5_MiSeq;9644;Ursus arctos;PH132_A;WGS;GENOMIC;RANDOM;PAIRED;SRS3444833;;SAMN04884474;PRJNA319270;Illumina MiSeq;Illumina MiSeq;ILLUMINA;1875527;147909027;1875527;285080104;PH132_S6_L001_R1_001.fastq.gz;SRR7408276.sralite;71420890;20/06/2020 11:15;2498eec4676f3c7d671a381a912df88d;1;SRA Lite;Primary ETL;1;s3://sra-pub-zq-4/SRR7408276/SRR7408276.sralite.1;s3.us-east-1;aws identity;https://sra-downloadb.be-md.ncbi.nlm.nih.gov/sos5/sra-pub-zq-16/SRR007/408/SRR7408276.sralite.1;https://sra-downloadb.be-md.ncbi.nlm.nih.gov/sos5/sra-pub-zq-16/SRR007/408/SRR7408276.sralite.1;worldwide;anonymous;gs://sra-pub-zq-105/SRR7408276/SRR7408276.zq.1;gs.us-east1;gcp identity;;;;;;;;Europe;Ireland;;Ursus arctos;;http://ftp.sra.ebi.ac.uk/vol1/fastq/SRR740/006/SRR7408276/SRR7408276_1.fastq.gz;http://ftp.sra.ebi.ac.uk/vol1/fastq/SRR740/006/SRR7408276/SRR7408276_2.fastq.gz;;era-fasp@fasp.sra.ebi.ac.uk:vol1/fastq/SRR740/006/SRR7408276/SRR7408276_1.fastq.gz;era-fasp@fasp.sra.ebi.ac.uk:vol1/fastq/SRR740/006/SRR7408276/SRR7408276_2.fastq.gz;Ireland (extinct);adult;not determined;Bone;NMING (National Museum of Ireland);(UB-6704);Model organism or animal;;;;;;
SRR7408277;SRP151062;Ursus arctos paleogenomic sequencing;SRX4279795;Lietrim4_MiSeq2;Lietrim4_MiSeq2;9644;Ursus arctos;JK390_A;WGS;GENOMIC;RANDOM;PAIRED;SRS3444835;;SAMN04884477;PRJNA319270;Illumina MiSeq;Illumina MiSeq;ILLUMINA;496118;35766688;496118;75409936;JK390_S20_L001_R1_001.fastq.gz;SRR7408277.sralite;18950998;24/06/2020 03:02;f0a11326bd8e57c644035f695ae568cc;1;SRA Lite;Primary ETL;1;s3://sra-pub-zq-5/SRR7408277/SRR7408277.sralite.1;s3.us-east-1;aws identity;https://sra-downloadb.be-md.ncbi.nlm.nih.gov/sos5/sra-pub-zq-14/SRR007/408/SRR7408277.sralite.1;https://sra-downloadb.be-md.ncbi.nlm.nih.gov/sos5/sra-pub-zq-14/SRR007/408/SRR7408277.sralite.1;worldwide;anonymous;gs://sra-pub-zq-105/SRR7408277/SRR7408277.zq.1;gs.us-east1;gcp identity;;;;;;;;Europe;Ireland;;Ursus arctos;;http://ftp.sra.ebi.ac.uk/vol1/fastq/SRR740/007/SRR7408277/SRR7408277_1.fastq.gz;http://ftp.sra.ebi.ac.uk/vol1/fastq/SRR740/007/SRR7408277/SRR7408277_2.fastq.gz;;era-fasp@fasp.sra.ebi.ac.uk:vol1/fastq/SRR740/007/SRR7408277/SRR7408277_1.fastq.gz;era-fasp@fasp.sra.ebi.ac.uk:vol1/fastq/SRR740/007/SRR7408277/SRR7408277_2.fastq.gz;Ireland (extinct);adult;not determined;Bone;NMING (National Museum of Ireland);(OxA-15479);Model organism or animal;;;;;;
SRR7408279;SRP151062;Ursus arctos paleogenomic sequencing;SRX4279793;Sligo5_HiSeq2500;Sligo5_HiSeq2500;9644;Ursus arctos;PH132_B;WGS;GENOMIC;RANDOM;PAIRED;SRS3444833;;SAMN04884474;PRJNA319270;Illumina HiSeq 2500;Illumina HiSeq 2500;ILLUMINA;27346174;1873609725;27346174;2789309748;PH132_R2.fq.gz;PH132_R1.fq.gz;1216286449;23/02/2020 06:53;02b4e874667c415a3413b50104db7edb;1;fastq;Original;0;s3://sra-pub-src-7/SRR7408279/PH132_R1.fq.gz;-;Use Cloud Data Delivery;https://sra-pub-run-odp.s3.amazonaws.com/sra/SRR7408279/SRR7408279;https://sra-downloadb.be-md.ncbi.nlm.nih.gov/sos5/sra-pub-zq-16/SRR007/408/SRR7408279.sralite.1;worldwide;anonymous;gs://sra-pub-zq-106/SRR7408279/SRR7408279.zq.1;gs.us-east1;gcp identity;;;;;;;;Europe;Ireland;;Ursus arctos;;http://ftp.sra.ebi.ac.uk/vol1/fastq/SRR740/009/SRR7408279/SRR7408279_1.fastq.gz;http://ftp.sra.ebi.ac.uk/vol1/fastq/SRR740/009/SRR7408279/SRR7408279_2.fastq.gz;;era-fasp@fasp.sra.ebi.ac.uk:vol1/fastq/SRR740/009/SRR7408279/SRR7408279_1.fastq.gz;era-fasp@fasp.sra.ebi.ac.uk:vol1/fastq/SRR740/009/SRR7408279/SRR7408279_2.fastq.gz;Ireland (extinct);adult;not determined;Bone;NMING (National Museum of Ireland);(UB-6704);Model organism or animal;;;;;;
SRR7408280;SRP151062;Ursus arctos paleogenomic sequencing;SRX4279792;Lietrim5_MiSeq;Lietrim5_MiSeq;9644;Ursus arctos;PH139_A;WGS;GENOMIC;RANDOM;PAIRED;SRS3444834;;SAMN04884476;PRJNA319270;Illumina MiSeq;Illumina MiSeq;ILLUMINA;2450481;195320760;2450481;372473112;PH139-SPI01_S16_L001_R2_001.fastq.gz;SRR7408280.sralite;93266039;20/06/2020 11:16;f56740d7d9ced9af9c6c0fe7821afe30;1;SRA Lite;Primary ETL;1;s3://sra-pub-zq-4/SRR7408280/SRR7408280.sralite.1;s3.us-east-1;aws identity;https://sra-downloadb.be-md.ncbi.nlm.nih.gov/sos5/sra-pub-zq-16/SRR007/408/SRR7408280.sralite.1;https://sra-downloadb.be-md.ncbi.nlm.nih.gov/sos5/sra-pub-zq-16/SRR007/408/SRR7408280.sralite.1;worldwide;anonymous;gs://sra-pub-zq-106/SRR7408280/SRR7408280.zq.1;gs.us-east1;gcp identity;;;;;;;;Europe;Ireland;;Ursus arctos;;http://ftp.sra.ebi.ac.uk/vol1/fastq/SRR740/000/SRR7408280/SRR7408280_1.fastq.gz;http://ftp.sra.ebi.ac.uk/vol1/fastq/SRR740/000/SRR7408280/SRR7408280_2.fastq.gz;;era-fasp@fasp.sra.ebi.ac.uk:vol1/fastq/SRR740/000/SRR7408280/SRR7408280_1.fastq.gz;era-fasp@fasp.sra.ebi.ac.uk:vol1/fastq/SRR740/000/SRR7408280/SRR7408280_2.fastq.gz;Ireland (extinct);adult;not determined;Bone;NMING (National Museum of Ireland);(UB-6697);Model organism or animal;;;;;;
SRR7408281;SRP151062;Ursus arctos paleogenomic sequencing;SRX4279791;Sligo5_MiSeq2;Sligo5_MiSeq2;9644;Ursus arctos;JK400_B;WGS;GENOMIC;RANDOM;PAIRED;SRS3444833;;SAMN04884474;PRJNA319270;Illumina MiSeq;Illumina MiSeq;ILLUMINA;403734;29359570;403734;61367568;JK400_S30_L001_R1_001.fastq.gz;SRR7408281.sralite;15436534;20/06/2020 11:15;80298b95482427798ec695349bd14401;1;SRA Lite;Primary ETL;1;s3://sra-pub-zq-4/SRR7408281/SRR7408281.sralite.1;s3.us-east-1;aws identity;https://sra-downloadb.be-md.ncbi.nlm.nih.gov/sos9/sra-pub-zq-922/SRR007/408/SRR7408281.sralite.1;https://sra-downloadb.be-md.ncbi.nlm.nih.gov/sos9/sra-pub-zq-922/SRR007/408/SRR7408281.sralite.1;worldwide;anonymous;gs://sra-pub-zq-107/SRR7408281/SRR7408281.zq.1;gs.us-east1;gcp identity;;;;;;;;Europe;Ireland;;Ursus arctos;;http://ftp.sra.ebi.ac.uk/vol1/fastq/SRR740/001/SRR7408281/SRR7408281_1.fastq.gz;http://ftp.sra.ebi.ac.uk/vol1/fastq/SRR740/001/SRR7408281/SRR7408281_2.fastq.gz;;era-fasp@fasp.sra.ebi.ac.uk:vol1/fastq/SRR740/001/SRR7408281/SRR7408281_1.fastq.gz;era-fasp@fasp.sra.ebi.ac.uk:vol1/fastq/SRR740/001/SRR7408281/SRR7408281_2.fastq.gz;Ireland (extinct);adult;not determined;Bone;NMING (National Museum of Ireland);(UB-6704);Model organism or animal;;;;;;
SRR7408283;SRP151062;Ursus arctos paleogenomic sequencing;SRX4279789;Quebec_MiSeq;Quebec_MiSeq;9644;Ursus arctos;TF106_A;WGS;GENOMIC;RANDOM;PAIRED;SRS3444832;;SAMN04884484;PRJNA319270;Illumina MiSeq;Illumina MiSeq;ILLUMINA;2005911;132963221;2005911;304898472;TF106_S28_L001_R2_001.fastq.gz;SRR7408283.sralite;76371466;20/06/2020 11:16;8c22c4c049367161b9a78a6ced5d313c;1;SRA Lite;Primary ETL;1;s3://sra-pub-zq-7/SRR7408283/SRR7408283.sralite.1;s3.us-east-1;aws identity;https://sra-downloadb.be-md.ncbi.nlm.nih.gov/sos9/sra-pub-zq-922/SRR007/408/SRR7408283.sralite.1;https://sra-downloadb.be-md.ncbi.nlm.nih.gov/sos9/sra-pub-zq-922/SRR007/408/SRR7408283.sralite.1;worldwide;anonymous;gs://sra-pub-zq-105/SRR7408283/SRR7408283.zq.1;gs.us-east1;gcp identity;;;;;;;;Amerique;Quebec;;Ursus arctos;;http://ftp.sra.ebi.ac.uk/vol1/fastq/SRR740/003/SRR7408283/SRR7408283_1.fastq.gz;http://ftp.sra.ebi.ac.uk/vol1/fastq/SRR740/003/SRR7408283/SRR7408283_2.fastq.gz;;era-fasp@fasp.sra.ebi.ac.uk:vol1/fastq/SRR740/003/SRR7408283/SRR7408283_1.fastq.gz;era-fasp@fasp.sra.ebi.ac.uk:vol1/fastq/SRR740/003/SRR7408283/SRR7408283_2.fastq.gz;Eastern North America (extinct);adult;not determined;Bone;NMING (National Museum of Ireland);9880+-35 uncal BP;Model organism or animal;;;;;;
SRR7408284;SRP151062;Ursus arctos paleogenomic sequencing;SRX4279788;Waterford33_HiSeq2500;Waterford33_HiSeq2500;9644;Ursus arctos;PH135_B;WGS;GENOMIC;RANDOM;PAIRED;SRS3444831;;SAMN04884483;PRJNA319270;Illumina HiSeq 2500;Illumina HiSeq 2500;ILLUMINA;33195936;2247660968;33195936;3385985472;PH135_R1.fq.gz;SRR7408284;2247662717;21/06/2018 19:40;3139811a50ce2b3e74db3909d0a493bc;1;SRA Normalized;Primary ETL;1;https://sra-pub-run-odp.s3.amazonaws.com/sra/SRR7408284/SRR7408284;worldwide;anonymous;https://sra-pub-run-odp.s3.amazonaws.com/sra/SRR7408284/SRR7408284;https://sra-downloadb.be-md.ncbi.nlm.nih.gov/sos5/sra-pub-zq-16/SRR007/408/SRR7408284.sralite.1;worldwide;anonymous;gs://sra-pub-zq-106/SRR7408284/SRR7408284.zq.1;gs.us-east1;gcp identity;;;;;;;;Europe;Ireland;;Ursus arctos;;http://ftp.sra.ebi.ac.uk/vol1/fastq/SRR740/004/SRR7408284/SRR7408284_1.fastq.gz;http://ftp.sra.ebi.ac.uk/vol1/fastq/SRR740/004/SRR7408284/SRR7408284_2.fastq.gz;;era-fasp@fasp.sra.ebi.ac.uk:vol1/fastq/SRR740/004/SRR7408284/SRR7408284_1.fastq.gz;era-fasp@fasp.sra.ebi.ac.uk:vol1/fastq/SRR740/004/SRR7408284/SRR7408284_2.fastq.gz;Ireland (extinct);adult;not determined;Bone;NMING (National Museum of Ireland);(UB-6703);Model organism or animal;;;;;;
SRR7408285;SRP151062;Ursus arctos paleogenomic sequencing;SRX4279787;Waterford33_MiSeq;Waterford33_MiSeq;9644;Ursus arctos;PH135_A;WGS;GENOMIC;RANDOM;PAIRED;SRS3444831;;SAMN04884483;PRJNA319270;Illumina MiSeq;Illumina MiSeq;ILLUMINA;1793142;144766986;1793142;272557584;PH135_S12_L001_R1_001.fastq.gz;SRR7408285.sralite;68267282;20/06/2020 11:15;2f7f970e88e2e63d5f5cddb719ef4911;1;SRA Lite;Primary ETL;1;s3://sra-pub-zq-7/SRR7408285/SRR7408285.sralite.1;s3.us-east-1;aws identity;https://sra-downloadb.be-md.ncbi.nlm.nih.gov/sos9/sra-pub-zq-922/SRR007/408/SRR7408285.sralite.1;https://sra-downloadb.be-md.ncbi.nlm.nih.gov/sos9/sra-pub-zq-922/SRR007/408/SRR7408285.sralite.1;worldwide;anonymous;gs://sra-pub-zq-107/SRR7408285/SRR7408285.zq.1;gs.us-east1;gcp identity;;;;;;;;Europe;Ireland;;Ursus arctos;;http://ftp.sra.ebi.ac.uk/vol1/fastq/SRR740/005/SRR7408285/SRR7408285_1.fastq.gz;http://ftp.sra.ebi.ac.uk/vol1/fastq/SRR740/005/SRR7408285/SRR7408285_2.fastq.gz;;era-fasp@fasp.sra.ebi.ac.uk:vol1/fastq/SRR740/005/SRR7408285/SRR7408285_1.fastq.gz;era-fasp@fasp.sra.ebi.ac.uk:vol1/fastq/SRR740/005/SRR7408285/SRR7408285_2.fastq.gz;Ireland (extinct);adult;not determined;Bone;NMING (National Museum of Ireland);(UB-6703);Model organism or animal;;;;;;
SRR7408286;SRP151062;Ursus arctos paleogenomic sequencing;SRX4279786;Waterford33_MiSeq2;Waterford33_MiSeq2;9644;Ursus arctos;JK391_B;WGS;GENOMIC;RANDOM;PAIRED;SRS3444831;;SAMN04884483;PRJNA319270;Illumina MiSeq;Illumina MiSeq;ILLUMINA;761582;55025260;761582;115760464;JK391_S21_L001_R1_001.fastq.gz;SRR7408286.sralite;29046372;20/06/2020 11:15;c33dd69d2fd90f382cccd4fe94ae17c5;1;SRA Lite;Primary ETL;1;s3://sra-pub-zq-4/SRR7408286/SRR7408286.sralite.1;s3.us-east-1;aws identity;https://sra-downloadb.be-md.ncbi.nlm.nih.gov/sos5/sra-pub-zq-16/SRR007/408/SRR7408286.sralite.1;https://sra-downloadb.be-md.ncbi.nlm.nih.gov/sos5/sra-pub-zq-16/SRR007/408/SRR7408286.sralite.1;worldwide;anonymous;gs://sra-pub-zq-106/SRR7408286/SRR7408286.zq.1;gs.us-east1;gcp identity;;;;;;;;Europe;Ireland;;Ursus arctos;;http://ftp.sra.ebi.ac.uk/vol1/fastq/SRR740/006/SRR7408286/SRR7408286_1.fastq.gz;http://ftp.sra.ebi.ac.uk/vol1/fastq/SRR740/006/SRR7408286/SRR7408286_2.fastq.gz;;era-fasp@fasp.sra.ebi.ac.uk:vol1/fastq/SRR740/006/SRR7408286/SRR7408286_1.fastq.gz;era-fasp@fasp.sra.ebi.ac.uk:vol1/fastq/SRR740/006/SRR7408286/SRR7408286_2.fastq.gz;Ireland (extinct);adult;not determined;Bone;NMING (National Museum of Ireland);(UB-6703);Model organism or animal;;;;;;
SRR7408288;SRP151062;Ursus arctos paleogenomic sequencing;SRX4279784;Cork38_HiSeq2500;Cork38_HiSeq2500;9644;Ursus arctos;PH129_B;WGS;GENOMIC;RANDOM;PAIRED;SRS3444830;;SAMN04884481;PRJNA319270;Illumina HiSeq 2500;Illumina HiSeq 2500;ILLUMINA;28570906;1918533202;28570906;2914232412;PH129_R1.fq.gz;SRR7408288.sralite;792402542;14/06/2020 15:12;a070e319f058c1ac18ed3d25e4d09821;1;SRA Lite;Primary ETL;1;s3://sra-pub-zq-8/SRR7408288/SRR7408288.sralite.1;s3.us-east-1;aws identity;https://sra-downloadb.be-md.ncbi.nlm.nih.gov/sos9/sra-pub-zq-922/SRR007/408/SRR7408288.sralite.1;https://sra-downloadb.be-md.ncbi.nlm.nih.gov/sos9/sra-pub-zq-922/SRR007/408/SRR7408288.sralite.1;worldwide;anonymous;gs://sra-pub-zq-107/SRR7408288/SRR7408288.zq.1;gs.us-east1;gcp identity;;;;;;;;Europe;Ireland;;Ursus arctos;;http://ftp.sra.ebi.ac.uk/vol1/fastq/SRR740/008/SRR7408288/SRR7408288_1.fastq.gz;http://ftp.sra.ebi.ac.uk/vol1/fastq/SRR740/008/SRR7408288/SRR7408288_2.fastq.gz;;era-fasp@fasp.sra.ebi.ac.uk:vol1/fastq/SRR740/008/SRR7408288/SRR7408288_1.fastq.gz;era-fasp@fasp.sra.ebi.ac.uk:vol1/fastq/SRR740/008/SRR7408288/SRR7408288_2.fastq.gz;Ireland (extinct);adult;not determined;Bone;NMING (National Museum of Ireland);(UB-6701);Model organism or animal;;;;;;
SRR7408289;SRP151062;Ursus arctos paleogenomic sequencing;SRX4279783;Cork38_MiSeq;Cork38_MiSeq;9644;Ursus arctos;PH129_A;WGS;GENOMIC;RANDOM;PAIRED;SRS3444830;;SAMN04884481;PRJNA319270;Illumina MiSeq;Illumina MiSeq;ILLUMINA;1560188;119672364;1560188;237148576;PH129_S3_L001_R1_001.fastq.gz;SRR7408289.sralite;59427424;20/06/2020 11:15;d6f3c6600fe8108b2e7f5e178a4de5e9;1;SRA Lite;Primary ETL;1;s3://sra-pub-zq-7/SRR7408289/SRR7408289.sralite.1;s3.us-east-1;aws identity;https://sra-downloadb.be-md.ncbi.nlm.nih.gov/sos5/sra-pub-zq-16/SRR007/408/SRR7408289.sralite.1;https://sra-downloadb.be-md.ncbi.nlm.nih.gov/sos5/sra-pub-zq-16/SRR007/408/SRR7408289.sralite.1;worldwide;anonymous;gs://sra-pub-zq-106/SRR7408289/SRR7408289.zq.1;gs.us-east1;gcp identity;;;;;;;;Europe;Ireland;;Ursus arctos;;http://ftp.sra.ebi.ac.uk/vol1/fastq/SRR740/009/SRR7408289/SRR7408289_1.fastq.gz;http://ftp.sra.ebi.ac.uk/vol1/fastq/SRR740/009/SRR7408289/SRR7408289_2.fastq.gz;;era-fasp@fasp.sra.ebi.ac.uk:vol1/fastq/SRR740/009/SRR7408289/SRR7408289_1.fastq.gz;era-fasp@fasp.sra.ebi.ac.uk:vol1/fastq/SRR740/009/SRR7408289/SRR7408289_2.fastq.gz;Ireland (extinct);adult;not determined;Bone;NMING (National Museum of Ireland);(UB-6701);Model organism or animal;;;;;;
SRR7408290;SRP151062;Ursus arctos paleogenomic sequencing;SRX4279782;Cork38_MiSeq2;Cork38_MiSeq2;9644;Ursus arctos;JK395_B;WGS;GENOMIC;RANDOM;PAIRED;SRS3444830;;SAMN04884481;PRJNA319270;Illumina MiSeq;Illumina MiSeq;ILLUMINA;740432;54562433;740432;112545664;JK395_S25_L001_R2_001.fastq.gz;JK395_S25_L001_R2_001.fastq.gz;43777125;23/02/2020 12:17;7a40d8018bfdf75279b2ac5bd00456b5;1;fastq;Original;0;s3://sra-pub-src-7/SRR7408290/JK395_S25_L001_R2_001.fastq.gz;-;Use Cloud Data Delivery;https://sra-downloadb.be-md.ncbi.nlm.nih.gov/sos9/sra-pub-zq-922/SRR007/408/SRR7408290.sralite.1;https://sra-downloadb.be-md.ncbi.nlm.nih.gov/sos9/sra-pub-zq-922/SRR007/408/SRR7408290.sralite.1;worldwide;anonymous;gs://sra-pub-zq-107/SRR7408290/SRR7408290.zq.1;gs.us-east1;gcp identity;;;;;;;;Europe;Ireland;;Ursus arctos;;http://ftp.sra.ebi.ac.uk/vol1/fastq/SRR740/000/SRR7408290/SRR7408290_1.fastq.gz;http://ftp.sra.ebi.ac.uk/vol1/fastq/SRR740/000/SRR7408290/SRR7408290_2.fastq.gz;;era-fasp@fasp.sra.ebi.ac.uk:vol1/fastq/SRR740/000/SRR7408290/SRR7408290_1.fastq.gz;era-fasp@fasp.sra.ebi.ac.uk:vol1/fastq/SRR740/000/SRR7408290/SRR7408290_2.fastq.gz;Ireland (extinct);adult;not determined;Bone;NMING (National Museum of Ireland);(UB-6701);Model organism or animal;;;;;;
